scope,folder,filename,ext,size_mb,created,modified,modified_by,tags,asset_type,industry,product,competitor,status,suggest_ingest,skip_reason,web_url,drive_id,item_id
sales,3rd Party Reports References,VDI Like A Pro Survey EUC 2021.pdf,pdf,3.2,2022-05-10,2022-05-10,Vijender Yadav,Analyst Report; VDI; Sales,Analyst Report,,VDI,,active,yes,,https://propalmsnetwork.sharepoint.com/sites/Company/Shared%20Documents/Sales/Sales%20Collateral/3rd%20Party%20Reports%20References/VDI%20Like%20A%20Pro%20Survey%20EUC%202021.pdf,b!MW22Pukebk6aWlrjbkWCK27cJOS0bM9OhUq0QE7-doKh1nVGqaB-SKHlnIF7W6dj,01X5UIHT64OZFOEVRND5EYTCRKTVB3LHGU
sales,Accops Brand Files,Accops Brandbook 2025.pdf,pdf,7.23,2025-07-29,2025-04-21,SANDIP MALLIK,Brand; Sales,Brand,,,,active,yes,,https://propalmsnetwork.sharepoint.com/sites/Company/Shared%20Documents/Sales/Sales%20Collateral/Accops%20Brand%20Files/Accops%20Brandbook%202025.pdf,b!MW22Pukebk6aWlrjbkWCK27cJOS0bM9OhUq0QE7-doKh1nVGqaB-SKHlnIF7W6dj,01X5UIHT6TN7F227XHZRFY2C7VWEPNOO44
sales,Accops Brand Files,accops_color_icon@2x.jpg,jpg,0.08,2021-07-16,2021-07-16,BALABHARATHY,Brand; Sales,Brand,,,,active,no,not a document,https://propalmsnetwork.sharepoint.com/sites/Company/Shared%20Documents/Sales/Sales%20Collateral/Accops%20Brand%20Files/accops_color_icon@2x.jpg,b!MW22Pukebk6aWlrjbkWCK27cJOS0bM9OhUq0QE7-doKh1nVGqaB-SKHlnIF7W6dj,01X5UIHT5EESDPULUQLVDICEJ4EHSGWAVE
sales,Accops Brand Files,accops_color_icon@2x.png,png,0.01,2021-07-16,2021-07-16,BALABHARATHY,Brand; Sales,Brand,,,,active,no,not a document,https://propalmsnetwork.sharepoint.com/sites/Company/Shared%20Documents/Sales/Sales%20Collateral/Accops%20Brand%20Files/accops_color_icon@2x.png,b!MW22Pukebk6aWlrjbkWCK27cJOS0bM9OhUq0QE7-doKh1nVGqaB-SKHlnIF7W6dj,01X5UIHT4VSFTXSKNEWZCKOUK4SQOCEW3P
sales,Accops Brand Files,accops_grey_icon@2x.jpg,jpg,0.05,2021-07-16,2021-07-16,BALABHARATHY,Brand; Sales,Brand,,,,active,no,not a document,https://propalmsnetwork.sharepoint.com/sites/Company/Shared%20Documents/Sales/Sales%20Collateral/Accops%20Brand%20Files/accops_grey_icon@2x.jpg,b!MW22Pukebk6aWlrjbkWCK27cJOS0bM9OhUq0QE7-doKh1nVGqaB-SKHlnIF7W6dj,01X5UIHT6R2JC6XTDWCFHZWYTW4RUF7M5B
sales,Accops Brand Files,accops_grey_icon@2x.png,png,0.01,2021-07-16,2021-07-16,BALABHARATHY,Brand; Sales,Brand,,,,active,no,not a document,https://propalmsnetwork.sharepoint.com/sites/Company/Shared%20Documents/Sales/Sales%20Collateral/Accops%20Brand%20Files/accops_grey_icon@2x.png,b!MW22Pukebk6aWlrjbkWCK27cJOS0bM9OhUq0QE7-doKh1nVGqaB-SKHlnIF7W6dj,01X5UIHT3AZ3OH65TASRFYXVN2HADP5VVY
sales,Accops Brand Files,accops_logo@2x - Shortcut.lnk,lnk,0.0,2023-11-22,2023-11-22,Vijender Yadav,Brand; Sales,Brand,,,,active,no,not a document,https://propalmsnetwork.sharepoint.com/sites/Company/Shared%20Documents/Sales/Sales%20Collateral/Accops%20Brand%20Files/accops_logo@2x%20-%20Shortcut.lnk,b!MW22Pukebk6aWlrjbkWCK27cJOS0bM9OhUq0QE7-doKh1nVGqaB-SKHlnIF7W6dj,01X5UIHT6AOH53NLEMERF27ZV4T7BATXEN
sales,Accops Brand Files,accops_logo@2x.jpg,jpg,0.27,2021-07-16,2021-07-16,BALABHARATHY,Brand; Sales,Brand,,,,active,no,not a document,https://propalmsnetwork.sharepoint.com/sites/Company/Shared%20Documents/Sales/Sales%20Collateral/Accops%20Brand%20Files/accops_logo@2x.jpg,b!MW22Pukebk6aWlrjbkWCK27cJOS0bM9OhUq0QE7-doKh1nVGqaB-SKHlnIF7W6dj,01X5UIHT7XYEAEGRJFFZBYG6GCJC4PX2VE
sales,Accops Brand Files,accops_logo@2x.png,png,0.04,2021-07-16,2021-07-16,BALABHARATHY,Brand; Sales,Brand,,,,active,no,not a document,https://propalmsnetwork.sharepoint.com/sites/Company/Shared%20Documents/Sales/Sales%20Collateral/Accops%20Brand%20Files/accops_logo@2x.png,b!MW22Pukebk6aWlrjbkWCK27cJOS0bM9OhUq0QE7-doKh1nVGqaB-SKHlnIF7W6dj,01X5UIHTZCIZZGRFWC6VEZ74VNJ5ZKOJN7
sales,Accops Brand Files,accops_logo_blackbg@2x.jpg,jpg,0.19,2021-07-16,2021-07-16,BALABHARATHY,Brand; Sales,Brand,,,,active,no,not a document,https://propalmsnetwork.sharepoint.com/sites/Company/Shared%20Documents/Sales/Sales%20Collateral/Accops%20Brand%20Files/accops_logo_blackbg@2x.jpg,b!MW22Pukebk6aWlrjbkWCK27cJOS0bM9OhUq0QE7-doKh1nVGqaB-SKHlnIF7W6dj,01X5UIHT6JGSHB4PJNWJGJF6FYYKPKE5G6
sales,Accops Brand Files,accops_logo_blackbg@2x.png,png,0.04,2021-07-16,2021-07-16,BALABHARATHY,Brand; Sales,Brand,,,,active,no,not a document,https://propalmsnetwork.sharepoint.com/sites/Company/Shared%20Documents/Sales/Sales%20Collateral/Accops%20Brand%20Files/accops_logo_blackbg@2x.png,b!MW22Pukebk6aWlrjbkWCK27cJOS0bM9OhUq0QE7-doKh1nVGqaB-SKHlnIF7W6dj,01X5UIHT2UJ2QAHDGFJZHLPECO3FJAGFMS
sales,Accops Brand Files,accops_logo_grey@2x.jpg,jpg,0.25,2021-07-16,2021-07-16,BALABHARATHY,Brand; Sales,Brand,,,,active,no,not a document,https://propalmsnetwork.sharepoint.com/sites/Company/Shared%20Documents/Sales/Sales%20Collateral/Accops%20Brand%20Files/accops_logo_grey@2x.jpg,b!MW22Pukebk6aWlrjbkWCK27cJOS0bM9OhUq0QE7-doKh1nVGqaB-SKHlnIF7W6dj,01X5UIHT4J2L3FSC3J4JFJLZTPDNHR5LWX
sales,Accops Brand Files,accops_logo_grey@2x.png,png,0.04,2021-07-16,2021-07-16,BALABHARATHY,Brand; Sales,Brand,,,,active,no,not a document,https://propalmsnetwork.sharepoint.com/sites/Company/Shared%20Documents/Sales/Sales%20Collateral/Accops%20Brand%20Files/accops_logo_grey@2x.png,b!MW22Pukebk6aWlrjbkWCK27cJOS0bM9OhUq0QE7-doKh1nVGqaB-SKHlnIF7W6dj,01X5UIHT5EDT6EK2BQ3NBZXS67NNJ3MYMI
sales,Accops Brand Files/Accops Product Logos,Accops Nano_V2.png,png,0.0,2021-12-23,2021-08-25,SANDIP MALLIK,Brand; Sales,Brand,,,,active,no,not a document,https://propalmsnetwork.sharepoint.com/sites/Company/Shared%20Documents/Sales/Sales%20Collateral/Accops%20Brand%20Files/Accops%20Product%20Logos/Accops%20Nano_V2.png,b!MW22Pukebk6aWlrjbkWCK27cJOS0bM9OhUq0QE7-doKh1nVGqaB-SKHlnIF7W6dj,01X5UIHTYXFEPQRQBY4JC2DS2N44NUCBXI
sales,Accops Brand Files/Accops Product Logos,Digital Workspace.png,png,0.01,2021-12-23,2021-08-25,SANDIP MALLIK,Brand; Sales,Brand,,,,active,no,not a document,https://propalmsnetwork.sharepoint.com/sites/Company/Shared%20Documents/Sales/Sales%20Collateral/Accops%20Brand%20Files/Accops%20Product%20Logos/Digital%20Workspace.png,b!MW22Pukebk6aWlrjbkWCK27cJOS0bM9OhUq0QE7-doKh1nVGqaB-SKHlnIF7W6dj,01X5UIHT4Y6JGUHXXNYRFK6DCR53ISHWDP
sales,Accops Brand Files/Accops Product Logos,HyDesk_V2.PNG,png,0.01,2021-12-23,2021-08-25,SANDIP MALLIK,Brand; HyDesk; Sales,Brand,,HyDesk,,active,no,not a document,https://propalmsnetwork.sharepoint.com/sites/Company/Shared%20Documents/Sales/Sales%20Collateral/Accops%20Brand%20Files/Accops%20Product%20Logos/HyDesk_V2.PNG,b!MW22Pukebk6aWlrjbkWCK27cJOS0bM9OhUq0QE7-doKh1nVGqaB-SKHlnIF7W6dj,01X5UIHT2YBYNPORLYABEL2OZXR2OUBW47
sales,Accops Brand Files/Accops Product Logos,HyID_V2.PNG,png,0.02,2021-12-23,2021-08-25,SANDIP MALLIK,Brand; HyID; Sales,Brand,,HyID,,active,no,not a document,https://propalmsnetwork.sharepoint.com/sites/Company/Shared%20Documents/Sales/Sales%20Collateral/Accops%20Brand%20Files/Accops%20Product%20Logos/HyID_V2.PNG,b!MW22Pukebk6aWlrjbkWCK27cJOS0bM9OhUq0QE7-doKh1nVGqaB-SKHlnIF7W6dj,01X5UIHT6HZ4OAGI4IERHKRS6BVSEUWFI3
sales,Accops Brand Files/Accops Product Logos,HyLite_V2.PNG,png,0.01,2021-12-23,2021-08-25,SANDIP MALLIK,Brand; Sales,Brand,,,,active,no,not a document,https://propalmsnetwork.sharepoint.com/sites/Company/Shared%20Documents/Sales/Sales%20Collateral/Accops%20Brand%20Files/Accops%20Product%20Logos/HyLite_V2.PNG,b!MW22Pukebk6aWlrjbkWCK27cJOS0bM9OhUq0QE7-doKh1nVGqaB-SKHlnIF7W6dj,01X5UIHT6NHCA3XP4C6RAJWSGHH7DRTJI3
sales,Accops Brand Files/Accops Product Logos,HySecure_V2.PNG,png,0.01,2021-12-23,2021-08-25,SANDIP MALLIK,Brand; HySecure; Sales,Brand,,HySecure,,active,no,not a document,https://propalmsnetwork.sharepoint.com/sites/Company/Shared%20Documents/Sales/Sales%20Collateral/Accops%20Brand%20Files/Accops%20Product%20Logos/HySecure_V2.PNG,b!MW22Pukebk6aWlrjbkWCK27cJOS0bM9OhUq0QE7-doKh1nVGqaB-SKHlnIF7W6dj,01X5UIHT5QUBSIHFNHHRHZA2HOYIKLENYP
sales,Accops Brand Files/Accops Product Logos,HyWorks_V2.PNG,png,0.01,2021-12-23,2021-08-25,SANDIP MALLIK,Brand; HyWorks; Sales,Brand,,HyWorks,,active,no,not a document,https://propalmsnetwork.sharepoint.com/sites/Company/Shared%20Documents/Sales/Sales%20Collateral/Accops%20Brand%20Files/Accops%20Product%20Logos/HyWorks_V2.PNG,b!MW22Pukebk6aWlrjbkWCK27cJOS0bM9OhUq0QE7-doKh1nVGqaB-SKHlnIF7W6dj,01X5UIHT6RY4NBCQD64ZB37CH7OOTZMTLB
sales,Accops Brand Files/Accops Product Logos,hylabs icon.png,png,0.06,2021-12-23,2021-08-25,SANDIP MALLIK,Brand; HyLabs; Sales,Brand,,HyLabs,,active,no,not a document,https://propalmsnetwork.sharepoint.com/sites/Company/Shared%20Documents/Sales/Sales%20Collateral/Accops%20Brand%20Files/Accops%20Product%20Logos/hylabs%20icon.png,b!MW22Pukebk6aWlrjbkWCK27cJOS0bM9OhUq0QE7-doKh1nVGqaB-SKHlnIF7W6dj,01X5UIHTYWBTCYQMSIYJB226VYUSMGIFAF
sales,Accops Brand Files/LinkedIn Cover Image,Social-Media-BannersArtboard-5.png,png,0.1,2022-12-12,2022-08-26,SANDIP MALLIK,Brand; Media; Sales,Brand,Media,,,active,no,not a document,https://propalmsnetwork.sharepoint.com/sites/Company/Shared%20Documents/Sales/Sales%20Collateral/Accops%20Brand%20Files/LinkedIn%20Cover%20Image/Social-Media-BannersArtboard-5.png,b!MW22Pukebk6aWlrjbkWCK27cJOS0bM9OhUq0QE7-doKh1nVGqaB-SKHlnIF7W6dj,01X5UIHT5M6IP5GQY5QZFYFOVAOMKUPWRJ
sales,Accops Brand Files/LinkedIn Cover Image,Social-Media-BannersArtboard-7.png,png,0.07,2022-12-12,2022-08-26,SANDIP MALLIK,Brand; Media; Sales,Brand,Media,,,active,no,not a document,https://propalmsnetwork.sharepoint.com/sites/Company/Shared%20Documents/Sales/Sales%20Collateral/Accops%20Brand%20Files/LinkedIn%20Cover%20Image/Social-Media-BannersArtboard-7.png,b!MW22Pukebk6aWlrjbkWCK27cJOS0bM9OhUq0QE7-doKh1nVGqaB-SKHlnIF7W6dj,01X5UIHT2WORUISHGE5JAKB4UFAHOHTIUA
sales,Accops Brand Files/LinkedIn Cover Image,Social-Media-BannersArtboard-8.png,png,0.11,2022-12-12,2022-08-26,SANDIP MALLIK,Brand; Media; Sales,Brand,Media,,,active,no,not a document,https://propalmsnetwork.sharepoint.com/sites/Company/Shared%20Documents/Sales/Sales%20Collateral/Accops%20Brand%20Files/LinkedIn%20Cover%20Image/Social-Media-BannersArtboard-8.png,b!MW22Pukebk6aWlrjbkWCK27cJOS0bM9OhUq0QE7-doKh1nVGqaB-SKHlnIF7W6dj,01X5UIHT76IJGZDCULCRGLWZQ667UBIP6F
sales,Accops Brand Files/LinkedIn Cover Image/Archive,LinkedIn banner.png,png,0.34,2023-08-31,2023-08-31,SANDIP MALLIK,Brand; Sales; Archived,Brand,,,,archived,no,archive/draft folder,https://propalmsnetwork.sharepoint.com/sites/Company/Shared%20Documents/Sales/Sales%20Collateral/Accops%20Brand%20Files/LinkedIn%20Cover%20Image/Archive/LinkedIn%20banner.png,b!MW22Pukebk6aWlrjbkWCK27cJOS0bM9OhUq0QE7-doKh1nVGqaB-SKHlnIF7W6dj,01X5UIHT2PIGRYKAG2DVCIGVJFF4WWZDIM
sales,Accops Brand Files/New Email Signatures,Signature Gartner.jpg,jpg,0.09,2025-08-22,2025-08-22,SANDIP MALLIK,Brand; Analyst Report; Sales,Brand; Analyst Report,,,,active,no,not a document,https://propalmsnetwork.sharepoint.com/sites/Company/Shared%20Documents/Sales/Sales%20Collateral/Accops%20Brand%20Files/New%20Email%20Signatures/Signature%20Gartner.jpg,b!MW22Pukebk6aWlrjbkWCK27cJOS0bM9OhUq0QE7-doKh1nVGqaB-SKHlnIF7W6dj,01X5UIHT75LCJYDUDW6ZCLL6XNPL6WHFO3
sales,Accops Brand Files/New Email Signatures/Signature - Accepted Globally,Accops Email Signature - 1@4x-100 2.jpg,jpg,0.16,2022-09-08,2022-09-08,SANDIP MALLIK,Brand; Sales,Brand,,,,active,no,not a document,https://propalmsnetwork.sharepoint.com/sites/Company/Shared%20Documents/Sales/Sales%20Collateral/Accops%20Brand%20Files/New%20Email%20Signatures/Signature%20-%20Accepted%20Globally/Accops%20Email%20Signature%20-%201@4x-100%202.jpg,b!MW22Pukebk6aWlrjbkWCK27cJOS0bM9OhUq0QE7-doKh1nVGqaB-SKHlnIF7W6dj,01X5UIHT3JUKDYBOM6NZCY6ASZJ6LOXZNE
sales,Accops Brand Files/New Email Signatures/Signature - Accepted Globally,Accops Email Signature - 2@4x-100 2.jpg,jpg,0.09,2022-09-08,2022-09-08,SANDIP MALLIK,Brand; Sales,Brand,,,,active,no,not a document,https://propalmsnetwork.sharepoint.com/sites/Company/Shared%20Documents/Sales/Sales%20Collateral/Accops%20Brand%20Files/New%20Email%20Signatures/Signature%20-%20Accepted%20Globally/Accops%20Email%20Signature%20-%202@4x-100%202.jpg,b!MW22Pukebk6aWlrjbkWCK27cJOS0bM9OhUq0QE7-doKh1nVGqaB-SKHlnIF7W6dj,01X5UIHT523SMYEV2ZLFAI2NGBHRAFSSAX
sales,Accops Brand Files/New Email Signatures/Signature - Work from Anywhere,Accops Email Signature - 1@4x-100 1.jpg,jpg,0.16,2022-09-08,2022-09-08,SANDIP MALLIK,Brand; Sales,Brand,,,,active,no,not a document,https://propalmsnetwork.sharepoint.com/sites/Company/Shared%20Documents/Sales/Sales%20Collateral/Accops%20Brand%20Files/New%20Email%20Signatures/Signature%20-%20Work%20from%20Anywhere/Accops%20Email%20Signature%20-%201@4x-100%201.jpg,b!MW22Pukebk6aWlrjbkWCK27cJOS0bM9OhUq0QE7-doKh1nVGqaB-SKHlnIF7W6dj,01X5UIHTZGPGZXXHQ6YJF3IJ265OP73FLS
sales,Accops Brand Files/New Email Signatures/Signature - Work from Anywhere,Accops Email Signature - 2@4x-100 1.jpg,jpg,0.08,2022-09-08,2022-09-08,SANDIP MALLIK,Brand; Sales,Brand,,,,active,no,not a document,https://propalmsnetwork.sharepoint.com/sites/Company/Shared%20Documents/Sales/Sales%20Collateral/Accops%20Brand%20Files/New%20Email%20Signatures/Signature%20-%20Work%20from%20Anywhere/Accops%20Email%20Signature%20-%202@4x-100%201.jpg,b!MW22Pukebk6aWlrjbkWCK27cJOS0bM9OhUq0QE7-doKh1nVGqaB-SKHlnIF7W6dj,01X5UIHT6BUNHKY3EMOVHJDXZUYES6T5HL
sales,Accops Brand Files/Virtual Office,Accops Delhi Office 3.png,png,1.14,2022-08-09,2022-08-09,SANDIP MALLIK,Brand; Sales,Brand,,,,active,no,not a document,https://propalmsnetwork.sharepoint.com/sites/Company/Shared%20Documents/Sales/Sales%20Collateral/Accops%20Brand%20Files/Virtual%20Office/Accops%20Delhi%20Office%203.png,b!MW22Pukebk6aWlrjbkWCK27cJOS0bM9OhUq0QE7-doKh1nVGqaB-SKHlnIF7W6dj,01X5UIHTZGS534ZEOX4ZCKTZN3WI6WYOVY
sales,Accops Brand Files/Virtual Office,Accops Delhi Virtual Office 4.png,png,1.34,2022-08-09,2022-07-12,SANDIP MALLIK,Brand; Sales,Brand,,,,active,no,not a document,https://propalmsnetwork.sharepoint.com/sites/Company/Shared%20Documents/Sales/Sales%20Collateral/Accops%20Brand%20Files/Virtual%20Office/Accops%20Delhi%20Virtual%20Office%204.png,b!MW22Pukebk6aWlrjbkWCK27cJOS0bM9OhUq0QE7-doKh1nVGqaB-SKHlnIF7W6dj,01X5UIHT5C5Z35P5V7FZDJSEWQ35FRTUTM
sales,Accops Brand Files/Virtual Office,Virtual Background 1.jpg,jpg,4.07,2022-08-01,2022-08-01,SANDIP MALLIK,Brand; Sales,Brand,,,,active,no,not a document,https://propalmsnetwork.sharepoint.com/sites/Company/Shared%20Documents/Sales/Sales%20Collateral/Accops%20Brand%20Files/Virtual%20Office/Virtual%20Background%201.jpg,b!MW22Pukebk6aWlrjbkWCK27cJOS0bM9OhUq0QE7-doKh1nVGqaB-SKHlnIF7W6dj,01X5UIHTYKTMTB3QHQ7BBLVZNVCLRM65TB
sales,Accops Brand Files/Virtual Office,Virtual Background 2.jpg,jpg,3.05,2022-08-01,2022-08-01,SANDIP MALLIK,Brand; Sales,Brand,,,,active,no,not a document,https://propalmsnetwork.sharepoint.com/sites/Company/Shared%20Documents/Sales/Sales%20Collateral/Accops%20Brand%20Files/Virtual%20Office/Virtual%20Background%202.jpg,b!MW22Pukebk6aWlrjbkWCK27cJOS0bM9OhUq0QE7-doKh1nVGqaB-SKHlnIF7W6dj,01X5UIHT7AC6IQQSEQZFDIZA5PLEMU5Y3Z
sales,Accops Brand Files/Virtual Office,Virtual Background 3.jpg,jpg,3.34,2022-08-01,2022-08-01,SANDIP MALLIK,Brand; Sales,Brand,,,,active,no,not a document,https://propalmsnetwork.sharepoint.com/sites/Company/Shared%20Documents/Sales/Sales%20Collateral/Accops%20Brand%20Files/Virtual%20Office/Virtual%20Background%203.jpg,b!MW22Pukebk6aWlrjbkWCK27cJOS0bM9OhUq0QE7-doKh1nVGqaB-SKHlnIF7W6dj,01X5UIHT7GF6HW26VEDRE37TWWGOGI5RGB
sales,Accops Brand Files/Virtual Office,Virtual bg (14) copy.jpg,jpg,0.67,2025-07-23,2025-07-23,SANDIP MALLIK,Brand; Sales,Brand,,,,active,no,not a document,https://propalmsnetwork.sharepoint.com/sites/Company/Shared%20Documents/Sales/Sales%20Collateral/Accops%20Brand%20Files/Virtual%20Office/Virtual%20bg%20(14)%20copy.jpg,b!MW22Pukebk6aWlrjbkWCK27cJOS0bM9OhUq0QE7-doKh1nVGqaB-SKHlnIF7W6dj,01X5UIHT4RG4WVLVFBLJFY2KX4V7RKEX7S
sales,Accops Brand Files/Virtual Office,Virtual bg (14).jpg,jpg,0.85,2025-07-23,2025-07-23,SANDIP MALLIK,Brand; Sales,Brand,,,,active,no,not a document,https://propalmsnetwork.sharepoint.com/sites/Company/Shared%20Documents/Sales/Sales%20Collateral/Accops%20Brand%20Files/Virtual%20Office/Virtual%20bg%20(14).jpg,b!MW22Pukebk6aWlrjbkWCK27cJOS0bM9OhUq0QE7-doKh1nVGqaB-SKHlnIF7W6dj,01X5UIHT7CKDLQGTTSOVHYYJGFM4KRK6YL
sales,Accops Brand Files/Virtual Office,Virtual bg (24).jpg,jpg,1.3,2025-07-23,2025-07-23,SANDIP MALLIK,Brand; Sales,Brand,,,,active,no,not a document,https://propalmsnetwork.sharepoint.com/sites/Company/Shared%20Documents/Sales/Sales%20Collateral/Accops%20Brand%20Files/Virtual%20Office/Virtual%20bg%20(24).jpg,b!MW22Pukebk6aWlrjbkWCK27cJOS0bM9OhUq0QE7-doKh1nVGqaB-SKHlnIF7W6dj,01X5UIHT6A4J55DPDWTNF27JEMXPJYSCS4
sales,Accops Brand Files/Wallpaper,Login A.jpg,jpg,2.16,2025-10-07,2025-10-07,SANDIP MALLIK,Brand; Sales,Brand,,,,active,no,not a document,https://propalmsnetwork.sharepoint.com/sites/Company/Shared%20Documents/Sales/Sales%20Collateral/Accops%20Brand%20Files/Wallpaper/Login%20A.jpg,b!MW22Pukebk6aWlrjbkWCK27cJOS0bM9OhUq0QE7-doKh1nVGqaB-SKHlnIF7W6dj,01X5UIHTZIYLW74KOFORHJLNQ55I3FYB7A
sales,Accops Brand Files/Wallpaper,Login B.jpg,jpg,1.28,2025-10-07,2025-10-07,SANDIP MALLIK,Brand; Sales,Brand,,,,active,no,not a document,https://propalmsnetwork.sharepoint.com/sites/Company/Shared%20Documents/Sales/Sales%20Collateral/Accops%20Brand%20Files/Wallpaper/Login%20B.jpg,b!MW22Pukebk6aWlrjbkWCK27cJOS0bM9OhUq0QE7-doKh1nVGqaB-SKHlnIF7W6dj,01X5UIHT2ZDUZJWAYVN5H2IDXU43FS3D52
sales,Accops Brand Files/Wallpaper,Login C.jpg,jpg,1.4,2025-10-07,2025-10-07,SANDIP MALLIK,Brand; Sales,Brand,,,,active,no,not a document,https://propalmsnetwork.sharepoint.com/sites/Company/Shared%20Documents/Sales/Sales%20Collateral/Accops%20Brand%20Files/Wallpaper/Login%20C.jpg,b!MW22Pukebk6aWlrjbkWCK27cJOS0bM9OhUq0QE7-doKh1nVGqaB-SKHlnIF7W6dj,01X5UIHTZHLOACSNHDSNEZRNNSQOJ5Y5VP
sales,Accops Brand Files/Wallpaper,Main A.jpg,jpg,1.19,2025-10-07,2025-10-07,SANDIP MALLIK,Brand; Sales,Brand,,,,active,no,not a document,https://propalmsnetwork.sharepoint.com/sites/Company/Shared%20Documents/Sales/Sales%20Collateral/Accops%20Brand%20Files/Wallpaper/Main%20A.jpg,b!MW22Pukebk6aWlrjbkWCK27cJOS0bM9OhUq0QE7-doKh1nVGqaB-SKHlnIF7W6dj,01X5UIHT7XGISPF7ALFBEKUAB5EFIYXETX
sales,Accops Brand Files/Wallpaper,Main B.jpg,jpg,1.69,2025-10-07,2025-10-07,SANDIP MALLIK,Brand; Sales,Brand,,,,active,no,not a document,https://propalmsnetwork.sharepoint.com/sites/Company/Shared%20Documents/Sales/Sales%20Collateral/Accops%20Brand%20Files/Wallpaper/Main%20B.jpg,b!MW22Pukebk6aWlrjbkWCK27cJOS0bM9OhUq0QE7-doKh1nVGqaB-SKHlnIF7W6dj,01X5UIHTYXGSNNJTM35RGYBY7OY34J2VF4
sales,Accops Featured in Reports,Accops recognized by Gartner_ Oct 2024.pdf,pdf,0.63,2025-08-20,2025-07-09,SANDIP MALLIK,Analyst Report; Sales,Analyst Report,,,,active,yes,,https://propalmsnetwork.sharepoint.com/sites/Company/Shared%20Documents/Sales/Sales%20Collateral/Accops%20Featured%20in%20Reports/Accops%20recognized%20by%20Gartner_%20Oct%202024.pdf,b!MW22Pukebk6aWlrjbkWCK27cJOS0bM9OhUq0QE7-doKh1nVGqaB-SKHlnIF7W6dj,01X5UIHT7YA7S7RVRLMZEL44IYVZNOB5QG
sales,Brochures & Datasheets,Accops Virtual Browser Solution for Internet Access.pdf,pdf,0.87,2025-11-12,2025-11-12,SANDIP MALLIK,Brochure; Sales,Brochure,,,,active,yes,,https://propalmsnetwork.sharepoint.com/sites/Company/Shared%20Documents/Sales/Sales%20Collateral/Brochures%20%26%20Datasheets/Accops%20Virtual%20Browser%20Solution%20for%20Internet%20Access.pdf,b!MW22Pukebk6aWlrjbkWCK27cJOS0bM9OhUq0QE7-doKh1nVGqaB-SKHlnIF7W6dj,01X5UIHT2QTEXKTAC3DZCKEFEPIGKCQ5DC
sales,Brochures & Datasheets/New,Accops + Proxmox Brochure.V2 Oct 2025.pdf,pdf,2.31,2025-11-10,2025-11-10,Samhita TV,Brochure; Sales,Brochure,,,,active,yes,,https://propalmsnetwork.sharepoint.com/sites/Company/Shared%20Documents/Sales/Sales%20Collateral/Brochures%20%26%20Datasheets/New/Accops%20+%20Proxmox%20Brochure.V2%20Oct%202025.pdf,b!MW22Pukebk6aWlrjbkWCK27cJOS0bM9OhUq0QE7-doKh1nVGqaB-SKHlnIF7W6dj,01X5UIHT7HKQVV6UOHYRFIZZ4WMLFU22HT
sales,Brochures & Datasheets/New,Accops DaaS Brochure 2025.pdf,pdf,3.95,2025-11-10,2025-11-10,SANDIP MALLIK,Brochure; DaaS; Sales,Brochure,,DaaS,,active,yes,,https://propalmsnetwork.sharepoint.com/sites/Company/Shared%20Documents/Sales/Sales%20Collateral/Brochures%20%26%20Datasheets/New/Accops%20DaaS%20Brochure%202025.pdf,b!MW22Pukebk6aWlrjbkWCK27cJOS0bM9OhUq0QE7-doKh1nVGqaB-SKHlnIF7W6dj,01X5UIHT3VM4FCTMR5EVBL33T74TD4F75F
sales,Brochures & Datasheets/New,Accops Defence Brochure Nov 25 V4.pdf,pdf,3.59,2025-11-17,2025-11-17,SANDIP MALLIK,Brochure; Government; Sales,Brochure,Government,,,active,yes,,https://propalmsnetwork.sharepoint.com/sites/Company/Shared%20Documents/Sales/Sales%20Collateral/Brochures%20%26%20Datasheets/New/Accops%20Defence%20Brochure%20Nov%2025%20V4.pdf,b!MW22Pukebk6aWlrjbkWCK27cJOS0bM9OhUq0QE7-doKh1nVGqaB-SKHlnIF7W6dj,01X5UIHT4OJX6HT5GDVBFZW4NJ73SLZONP
sales,Brochures & Datasheets/New,Accops Digital Workspace Brochure 2025.pdf,pdf,1.08,2025-11-10,2025-11-10,SANDIP MALLIK,Brochure; Sales,Brochure,,,,active,yes,,https://propalmsnetwork.sharepoint.com/sites/Company/Shared%20Documents/Sales/Sales%20Collateral/Brochures%20%26%20Datasheets/New/Accops%20Digital%20Workspace%20Brochure%202025.pdf,b!MW22Pukebk6aWlrjbkWCK27cJOS0bM9OhUq0QE7-doKh1nVGqaB-SKHlnIF7W6dj,01X5UIHT4V6JSEG3RV7ZBJAN2HRUWB7ZDN
sales,Brochures & Datasheets/New,Accops Huddle Brochure.V3.pdf,pdf,1.71,2025-10-29,2025-10-29,SANDIP MALLIK,Brochure; Sales,Brochure,,,,active,yes,,https://propalmsnetwork.sharepoint.com/sites/Company/Shared%20Documents/Sales/Sales%20Collateral/Brochures%20%26%20Datasheets/New/Accops%20Huddle%20Brochure.V3.pdf,b!MW22Pukebk6aWlrjbkWCK27cJOS0bM9OhUq0QE7-doKh1nVGqaB-SKHlnIF7W6dj,01X5UIHT7JT3IXL2DCQRA244FOFK55554H
sales,Brochures & Datasheets/New,Accops HyDesk Brochure.V5.pdf,pdf,0.77,2025-06-05,2025-06-04,SANDIP MALLIK,Brochure; HyDesk; Sales,Brochure,,HyDesk,,active,yes,,https://propalmsnetwork.sharepoint.com/sites/Company/Shared%20Documents/Sales/Sales%20Collateral/Brochures%20%26%20Datasheets/New/Accops%20HyDesk%20Brochure.V5.pdf,b!MW22Pukebk6aWlrjbkWCK27cJOS0bM9OhUq0QE7-doKh1nVGqaB-SKHlnIF7W6dj,01X5UIHT4FTXJDGDDQ4VD3IWODEXSMDYEC
sales,Brochures & Datasheets/New,Accops HyID Datasheet.V5 2026.pdf,pdf,1.98,2026-05-08,2026-05-08,Samhita TV,Brochure; HyID; Sales,Brochure,,HyID,,active,yes,,https://propalmsnetwork.sharepoint.com/sites/Company/Shared%20Documents/Sales/Sales%20Collateral/Brochures%20%26%20Datasheets/New/Accops%20HyID%20Datasheet.V5%202026.pdf,b!MW22Pukebk6aWlrjbkWCK27cJOS0bM9OhUq0QE7-doKh1nVGqaB-SKHlnIF7W6dj,01X5UIHT7I5FGONE5VLVC35W6MBOUFMHN2
sales,Brochures & Datasheets/New,Accops HySecure Datasheet.V3.pdf,pdf,1.34,2025-06-05,2025-04-10,SANDIP MALLIK,Brochure; HySecure; Sales,Brochure,,HySecure,,active,yes,,https://propalmsnetwork.sharepoint.com/sites/Company/Shared%20Documents/Sales/Sales%20Collateral/Brochures%20%26%20Datasheets/New/Accops%20HySecure%20Datasheet.V3.pdf,b!MW22Pukebk6aWlrjbkWCK27cJOS0bM9OhUq0QE7-doKh1nVGqaB-SKHlnIF7W6dj,01X5UIHTY2SJCR5JJCMRA3BYY2JMZWYIGR
sales,Brochures & Datasheets/New,Accops Nano Brochure.V4.pdf,pdf,0.54,2025-06-05,2025-05-23,SANDIP MALLIK,Brochure; Sales,Brochure,,,,active,yes,,https://propalmsnetwork.sharepoint.com/sites/Company/Shared%20Documents/Sales/Sales%20Collateral/Brochures%20%26%20Datasheets/New/Accops%20Nano%20Brochure.V4.pdf,b!MW22Pukebk6aWlrjbkWCK27cJOS0bM9OhUq0QE7-doKh1nVGqaB-SKHlnIF7W6dj,01X5UIHT4AZMIGDH6HQVFK3QC4CE3HK4IT
sales,Brochures & Datasheets/New,Accops Solutions for Govt. V1 '26.pdf,pdf,4.66,2026-05-08,2026-05-08,Samhita TV,Brochure; Government; Sales,Brochure,Government,,,active,yes,,https://propalmsnetwork.sharepoint.com/sites/Company/Shared%20Documents/Sales/Sales%20Collateral/Brochures%20%26%20Datasheets/New/Accops%20Solutions%20for%20Govt.%20V1%20%2726.pdf,b!MW22Pukebk6aWlrjbkWCK27cJOS0bM9OhUq0QE7-doKh1nVGqaB-SKHlnIF7W6dj,01X5UIHTZMQ4Q74HJ46JHY2G6S7OLEYWG4
sales,Brochures & Datasheets/Old,Accops DaaS Brochure_v3.2-PapiyaRoy-13032023.pdf,pdf,1.56,2025-04-22,2025-04-22,SANDIP MALLIK,Brochure; DaaS; Sales; Archived,Brochure,,DaaS,,archived,no,archive/draft folder,https://propalmsnetwork.sharepoint.com/sites/Company/Shared%20Documents/Sales/Sales%20Collateral/Brochures%20%26%20Datasheets/Old/Accops%20DaaS%20Brochure_v3.2-PapiyaRoy-13032023.pdf,b!MW22Pukebk6aWlrjbkWCK27cJOS0bM9OhUq0QE7-doKh1nVGqaB-SKHlnIF7W6dj,01X5UIHT5SLCM56U5LAFAKMCFLUBLA32NT
sales,Brochures & Datasheets/Old,Accops+-+Digital+Workspace.pdf,pdf,18.91,2025-04-22,2025-04-22,SANDIP MALLIK,Brochure; Sales; Archived,Brochure,,,,archived,no,archive/draft folder,https://propalmsnetwork.sharepoint.com/sites/Company/Shared%20Documents/Sales/Sales%20Collateral/Brochures%20%26%20Datasheets/Old/Accops+-+Digital+Workspace.pdf,b!MW22Pukebk6aWlrjbkWCK27cJOS0bM9OhUq0QE7-doKh1nVGqaB-SKHlnIF7W6dj,01X5UIHT2WOWQ6SUVJJJCYSNB7FQICZ3OI
sales,Brochures & Datasheets/Old,AccopsHyDeskbrochure.pdf,pdf,5.49,2025-04-22,2025-04-22,SANDIP MALLIK,Brochure; HyDesk; Sales; Archived,Brochure,,HyDesk,,archived,no,archive/draft folder,https://propalmsnetwork.sharepoint.com/sites/Company/Shared%20Documents/Sales/Sales%20Collateral/Brochures%20%26%20Datasheets/Old/AccopsHyDeskbrochure.pdf,b!MW22Pukebk6aWlrjbkWCK27cJOS0bM9OhUq0QE7-doKh1nVGqaB-SKHlnIF7W6dj,01X5UIHT34LTPEEB3DTJD3HI2CRSIZRXPF
sales,Brochures & Datasheets/Old,AccopsHyLabsbrochure2023.pdf,pdf,0.41,2025-04-22,2025-04-22,SANDIP MALLIK,Brochure; HyLabs; Sales; Archived,Brochure,,HyLabs,,archived,no,archive/draft folder,https://propalmsnetwork.sharepoint.com/sites/Company/Shared%20Documents/Sales/Sales%20Collateral/Brochures%20%26%20Datasheets/Old/AccopsHyLabsbrochure2023.pdf,b!MW22Pukebk6aWlrjbkWCK27cJOS0bM9OhUq0QE7-doKh1nVGqaB-SKHlnIF7W6dj,01X5UIHT75I6YSAAH6KFFJ36CPUM2WF4E7
sales,Brochures & Datasheets/Old,AccopsHyLitebrochure.pdf,pdf,1.5,2025-04-22,2025-04-22,SANDIP MALLIK,Brochure; Sales; Archived,Brochure,,,,archived,no,archive/draft folder,https://propalmsnetwork.sharepoint.com/sites/Company/Shared%20Documents/Sales/Sales%20Collateral/Brochures%20%26%20Datasheets/Old/AccopsHyLitebrochure.pdf,b!MW22Pukebk6aWlrjbkWCK27cJOS0bM9OhUq0QE7-doKh1nVGqaB-SKHlnIF7W6dj,01X5UIHTYZKD2EEFRQ7VC2JFGUIKE7TNHH
sales,Brochures & Datasheets/Old,AccopsNanobrochure.pdf,pdf,1.1,2025-04-22,2025-04-22,SANDIP MALLIK,Brochure; Sales; Archived,Brochure,,,,archived,no,archive/draft folder,https://propalmsnetwork.sharepoint.com/sites/Company/Shared%20Documents/Sales/Sales%20Collateral/Brochures%20%26%20Datasheets/Old/AccopsNanobrochure.pdf,b!MW22Pukebk6aWlrjbkWCK27cJOS0bM9OhUq0QE7-doKh1nVGqaB-SKHlnIF7W6dj,01X5UIHTZINPO4VFKLKREKT6FWR5HE6S3K
sales,Brochures & Datasheets/Old,Accops_Hymobile.pdf,pdf,1.22,2025-04-22,2025-04-22,SANDIP MALLIK,Brochure; Sales; Archived,Brochure,,,,archived,no,archive/draft folder,https://propalmsnetwork.sharepoint.com/sites/Company/Shared%20Documents/Sales/Sales%20Collateral/Brochures%20%26%20Datasheets/Old/Accops_Hymobile.pdf,b!MW22Pukebk6aWlrjbkWCK27cJOS0bM9OhUq0QE7-doKh1nVGqaB-SKHlnIF7W6dj,01X5UIHTY32CL6R4SWFFE2NBBCTKSJOXUU
sales,Brochures & Datasheets/Old,HyID_New.pdf,pdf,7.79,2025-04-22,2025-04-22,SANDIP MALLIK,Brochure; HyID; Sales; Archived,Brochure,,HyID,,archived,no,archive/draft folder,https://propalmsnetwork.sharepoint.com/sites/Company/Shared%20Documents/Sales/Sales%20Collateral/Brochures%20%26%20Datasheets/Old/HyID_New.pdf,b!MW22Pukebk6aWlrjbkWCK27cJOS0bM9OhUq0QE7-doKh1nVGqaB-SKHlnIF7W6dj,01X5UIHT644J5LSEZX2BHLHNRBLCLFUXFA
sales,Brochures & Datasheets/Old,HySecure_New.pdf,pdf,9.54,2025-04-22,2025-04-22,SANDIP MALLIK,Brochure; HySecure; Sales; Archived,Brochure,,HySecure,,archived,no,archive/draft folder,https://propalmsnetwork.sharepoint.com/sites/Company/Shared%20Documents/Sales/Sales%20Collateral/Brochures%20%26%20Datasheets/Old/HySecure_New.pdf,b!MW22Pukebk6aWlrjbkWCK27cJOS0bM9OhUq0QE7-doKh1nVGqaB-SKHlnIF7W6dj,01X5UIHT7ZGKZZDQHK2BAYO5GM5LUJKIVL
sales,Brochures & Datasheets/Old,HyWorks_New.pdf,pdf,7.52,2025-04-22,2025-04-22,SANDIP MALLIK,Brochure; HyWorks; Sales; Archived,Brochure,,HyWorks,,archived,no,archive/draft folder,https://propalmsnetwork.sharepoint.com/sites/Company/Shared%20Documents/Sales/Sales%20Collateral/Brochures%20%26%20Datasheets/Old/HyWorks_New.pdf,b!MW22Pukebk6aWlrjbkWCK27cJOS0bM9OhUq0QE7-doKh1nVGqaB-SKHlnIF7W6dj,01X5UIHT7GVVAKJ7C5EZH3SGACQLO7OACF
sales,Brochures & Datasheets/Old,Hydesk+1000+V3.pdf,pdf,3.77,2025-04-22,2025-04-22,SANDIP MALLIK,Brochure; HyDesk; Sales; Archived,Brochure,,HyDesk,,archived,no,archive/draft folder,https://propalmsnetwork.sharepoint.com/sites/Company/Shared%20Documents/Sales/Sales%20Collateral/Brochures%20%26%20Datasheets/Old/Hydesk+1000+V3.pdf,b!MW22Pukebk6aWlrjbkWCK27cJOS0bM9OhUq0QE7-doKh1nVGqaB-SKHlnIF7W6dj,01X5UIHT5JFNJH3KKAWFBZRUHDOS5VYHY4
sales,Brochures & Datasheets/Old,Hydesk+6000+V3 (1).pdf,pdf,3.73,2025-04-22,2025-04-22,SANDIP MALLIK,Brochure; HyDesk; Sales; Archived,Brochure,,HyDesk,,archived,no,archive/draft folder,https://propalmsnetwork.sharepoint.com/sites/Company/Shared%20Documents/Sales/Sales%20Collateral/Brochures%20%26%20Datasheets/Old/Hydesk+6000+V3%20(1).pdf,b!MW22Pukebk6aWlrjbkWCK27cJOS0bM9OhUq0QE7-doKh1nVGqaB-SKHlnIF7W6dj,01X5UIHT3WSHJEC2BWRBB3IYMGKKGS5HDI
sales,Brochures & Datasheets/Old,Hydesk+6000+V3 (2).pdf,pdf,3.73,2025-04-22,2025-04-22,SANDIP MALLIK,Brochure; HyDesk; Sales; Archived,Brochure,,HyDesk,,archived,no,archive/draft folder,https://propalmsnetwork.sharepoint.com/sites/Company/Shared%20Documents/Sales/Sales%20Collateral/Brochures%20%26%20Datasheets/Old/Hydesk+6000+V3%20(2).pdf,b!MW22Pukebk6aWlrjbkWCK27cJOS0bM9OhUq0QE7-doKh1nVGqaB-SKHlnIF7W6dj,01X5UIHTZG5XU74LK7EFAYXY6HELO5J2WV
sales,Brochures & Datasheets/Old,Hydesk+6000+V3.pdf,pdf,3.73,2025-04-22,2025-04-22,SANDIP MALLIK,Brochure; HyDesk; Sales; Archived,Brochure,,HyDesk,,archived,no,archive/draft folder,https://propalmsnetwork.sharepoint.com/sites/Company/Shared%20Documents/Sales/Sales%20Collateral/Brochures%20%26%20Datasheets/Old/Hydesk+6000+V3.pdf,b!MW22Pukebk6aWlrjbkWCK27cJOS0bM9OhUq0QE7-doKh1nVGqaB-SKHlnIF7W6dj,01X5UIHT3WHMDZ4WJYKFHLHS3IIIVNKWCU
sales,Brochures & Datasheets/Old/Archive,Accops - Digital Workspace - Gold - Worksheet.pdf,pdf,0.32,2021-07-16,2021-07-16,SANDIP MALLIK,Brochure; Sales; Archived,Brochure,,,,archived,no,archive/draft folder,https://propalmsnetwork.sharepoint.com/sites/Company/Shared%20Documents/Sales/Sales%20Collateral/Brochures%20%26%20Datasheets/Old/Archive/Accops%20-%20Digital%20Workspace%20-%20Gold%20-%20Worksheet.pdf,b!MW22Pukebk6aWlrjbkWCK27cJOS0bM9OhUq0QE7-doKh1nVGqaB-SKHlnIF7W6dj,01X5UIHT4QAQZNXEWDG5DZWG2TY3VMT2KP
sales,Brochures & Datasheets/Old/Archive,Accops - Digital Workspace.pdf,pdf,18.91,2021-08-11,2021-08-11,SANDIP MALLIK,Brochure; Sales; Archived,Brochure,,,,archived,no,archive/draft folder,https://propalmsnetwork.sharepoint.com/sites/Company/Shared%20Documents/Sales/Sales%20Collateral/Brochures%20%26%20Datasheets/Old/Archive/Accops%20-%20Digital%20Workspace.pdf,b!MW22Pukebk6aWlrjbkWCK27cJOS0bM9OhUq0QE7-doKh1nVGqaB-SKHlnIF7W6dj,01X5UIHTZR6XXHEWN2IZCIV42BHXIKGRDC
sales,Brochures & Datasheets/Old/Archive,Accops - HY1000 - Datasheet.pdf,pdf,0.46,2021-07-16,2021-07-16,SANDIP MALLIK,Brochure; Sales; Archived,Brochure,,,,archived,no,archive/draft folder,https://propalmsnetwork.sharepoint.com/sites/Company/Shared%20Documents/Sales/Sales%20Collateral/Brochures%20%26%20Datasheets/Old/Archive/Accops%20-%20HY1000%20-%20Datasheet.pdf,b!MW22Pukebk6aWlrjbkWCK27cJOS0bM9OhUq0QE7-doKh1nVGqaB-SKHlnIF7W6dj,01X5UIHT4X7L57JBIJSZCYGCSFSMV3JL7F
sales,Brochures & Datasheets/Old/Archive,Accops - HY7000 - Datasheet.pdf,pdf,0.15,2021-07-16,2021-07-16,SANDIP MALLIK,Brochure; Sales; Archived,Brochure,,,,archived,no,archive/draft folder,https://propalmsnetwork.sharepoint.com/sites/Company/Shared%20Documents/Sales/Sales%20Collateral/Brochures%20%26%20Datasheets/Old/Archive/Accops%20-%20HY7000%20-%20Datasheet.pdf,b!MW22Pukebk6aWlrjbkWCK27cJOS0bM9OhUq0QE7-doKh1nVGqaB-SKHlnIF7W6dj,01X5UIHT7WG3BVW7X4ARH2AMC4AMEMJQ37
sales,Brochures & Datasheets/Old/Archive,Accops - Huddle Intranet.pdf,pdf,0.2,2021-07-16,2021-07-16,SANDIP MALLIK,Brochure; Sales; Archived,Brochure,,,,archived,no,archive/draft folder,https://propalmsnetwork.sharepoint.com/sites/Company/Shared%20Documents/Sales/Sales%20Collateral/Brochures%20%26%20Datasheets/Old/Archive/Accops%20-%20Huddle%20Intranet.pdf,b!MW22Pukebk6aWlrjbkWCK27cJOS0bM9OhUq0QE7-doKh1nVGqaB-SKHlnIF7W6dj,01X5UIHT6ELTOWQOX6J5G3QAB5VEB2ZQ2Y
sales,Brochures & Datasheets/Old/Archive,Accops - Hy2000 - Datasheet.pdf,pdf,1.33,2021-07-16,2021-07-16,SANDIP MALLIK,Brochure; Sales; Archived,Brochure,,,,archived,no,archive/draft folder,https://propalmsnetwork.sharepoint.com/sites/Company/Shared%20Documents/Sales/Sales%20Collateral/Brochures%20%26%20Datasheets/Old/Archive/Accops%20-%20Hy2000%20-%20Datasheet.pdf,b!MW22Pukebk6aWlrjbkWCK27cJOS0bM9OhUq0QE7-doKh1nVGqaB-SKHlnIF7W6dj,01X5UIHT4WM2IWJT7ETJFIVFNNU2WOCIIE
sales,Brochures & Datasheets/Old/Archive,Accops - Hy3005 - Datasheet.pdf,pdf,2.44,2021-07-16,2021-07-16,SANDIP MALLIK,Brochure; Sales; Archived,Brochure,,,,archived,no,archive/draft folder,https://propalmsnetwork.sharepoint.com/sites/Company/Shared%20Documents/Sales/Sales%20Collateral/Brochures%20%26%20Datasheets/Old/Archive/Accops%20-%20Hy3005%20-%20Datasheet.pdf,b!MW22Pukebk6aWlrjbkWCK27cJOS0bM9OhUq0QE7-doKh1nVGqaB-SKHlnIF7W6dj,01X5UIHT4T5FLUHF7JZNGKZRWZTU6653ZD
sales,Brochures & Datasheets/Old/Archive,Accops - Hy4000 - Datasheet.pdf,pdf,2.44,2021-07-16,2021-07-16,SANDIP MALLIK,Brochure; Sales; Archived,Brochure,,,,archived,no,archive/draft folder,https://propalmsnetwork.sharepoint.com/sites/Company/Shared%20Documents/Sales/Sales%20Collateral/Brochures%20%26%20Datasheets/Old/Archive/Accops%20-%20Hy4000%20-%20Datasheet.pdf,b!MW22Pukebk6aWlrjbkWCK27cJOS0bM9OhUq0QE7-doKh1nVGqaB-SKHlnIF7W6dj,01X5UIHT6QJJ3OMZOT7FFJXW2SJZAM5DO7
sales,Brochures & Datasheets/Old/Archive,Accops - Hy5000 - Datasheet.pdf,pdf,1.22,2021-07-16,2021-07-16,SANDIP MALLIK,Brochure; Sales; Archived,Brochure,,,,archived,no,archive/draft folder,https://propalmsnetwork.sharepoint.com/sites/Company/Shared%20Documents/Sales/Sales%20Collateral/Brochures%20%26%20Datasheets/Old/Archive/Accops%20-%20Hy5000%20-%20Datasheet.pdf,b!MW22Pukebk6aWlrjbkWCK27cJOS0bM9OhUq0QE7-doKh1nVGqaB-SKHlnIF7W6dj,01X5UIHTZK7OCNUEX3KRA35GLFYT4MDDTN
sales,Brochures & Datasheets/Old/Archive,Accops - HyDesk - Datasheet.pdf,pdf,3.63,2021-07-16,2021-07-16,SANDIP MALLIK,Brochure; HyDesk; Sales; Archived,Brochure,,HyDesk,,archived,no,archive/draft folder,https://propalmsnetwork.sharepoint.com/sites/Company/Shared%20Documents/Sales/Sales%20Collateral/Brochures%20%26%20Datasheets/Old/Archive/Accops%20-%20HyDesk%20-%20Datasheet.pdf,b!MW22Pukebk6aWlrjbkWCK27cJOS0bM9OhUq0QE7-doKh1nVGqaB-SKHlnIF7W6dj,01X5UIHT526Q5DOUVJJRHK6G55IYR5AKOI
sales,Brochures & Datasheets/Old/Archive,Accops - HyDesk - Hy4005 - 4425.pdf,pdf,2.45,2021-07-16,2021-07-16,SANDIP MALLIK,Brochure; HyDesk; Sales; Archived,Brochure,,HyDesk,,archived,no,archive/draft folder,https://propalmsnetwork.sharepoint.com/sites/Company/Shared%20Documents/Sales/Sales%20Collateral/Brochures%20%26%20Datasheets/Old/Archive/Accops%20-%20HyDesk%20-%20Hy4005%20-%204425.pdf,b!MW22Pukebk6aWlrjbkWCK27cJOS0bM9OhUq0QE7-doKh1nVGqaB-SKHlnIF7W6dj,01X5UIHT6APZ5KJGU76VHZH6Y4UHJG6QLV
sales,Brochures & Datasheets/Old/Archive,Accops - HyDesk - TCA7000 - Datasheet.pdf,pdf,0.44,2021-07-16,2021-07-16,SANDIP MALLIK,Brochure; HyDesk; Sales; Archived,Brochure,,HyDesk,,archived,no,archive/draft folder,https://propalmsnetwork.sharepoint.com/sites/Company/Shared%20Documents/Sales/Sales%20Collateral/Brochures%20%26%20Datasheets/Old/Archive/Accops%20-%20HyDesk%20-%20TCA7000%20-%20Datasheet.pdf,b!MW22Pukebk6aWlrjbkWCK27cJOS0bM9OhUq0QE7-doKh1nVGqaB-SKHlnIF7W6dj,01X5UIHT3WYAOVR7QKIFEKJRIB33TPJKKB
sales,Brochures & Datasheets/Old/Archive,Accops - HyDesk - TCA7001 - Datasheet.pdf,pdf,0.34,2021-07-16,2021-07-16,SANDIP MALLIK,Brochure; HyDesk; Sales; Archived,Brochure,,HyDesk,,archived,no,archive/draft folder,https://propalmsnetwork.sharepoint.com/sites/Company/Shared%20Documents/Sales/Sales%20Collateral/Brochures%20%26%20Datasheets/Old/Archive/Accops%20-%20HyDesk%20-%20TCA7001%20-%20Datasheet.pdf,b!MW22Pukebk6aWlrjbkWCK27cJOS0bM9OhUq0QE7-doKh1nVGqaB-SKHlnIF7W6dj,01X5UIHT6C2PQV5BCYLNEIV77VEMQ5I4SA
sales,Brochures & Datasheets/Old/Archive,Accops - HyDesk - TCD6400 - Datasheet.pdf,pdf,0.46,2021-07-16,2021-07-16,SANDIP MALLIK,Brochure; HyDesk; Sales; Archived,Brochure,,HyDesk,,archived,no,archive/draft folder,https://propalmsnetwork.sharepoint.com/sites/Company/Shared%20Documents/Sales/Sales%20Collateral/Brochures%20%26%20Datasheets/Old/Archive/Accops%20-%20HyDesk%20-%20TCD6400%20-%20Datasheet.pdf,b!MW22Pukebk6aWlrjbkWCK27cJOS0bM9OhUq0QE7-doKh1nVGqaB-SKHlnIF7W6dj,01X5UIHT2SHBMNFPZ3ERDIE5CTYQJD2I4B
sales,Brochures & Datasheets/Old/Archive,Accops - HyID.pdf,pdf,1.81,2021-07-16,2021-07-16,SANDIP MALLIK,Brochure; HyID; Sales; Archived,Brochure,,HyID,,archived,no,archive/draft folder,https://propalmsnetwork.sharepoint.com/sites/Company/Shared%20Documents/Sales/Sales%20Collateral/Brochures%20%26%20Datasheets/Old/Archive/Accops%20-%20HyID.pdf,b!MW22Pukebk6aWlrjbkWCK27cJOS0bM9OhUq0QE7-doKh1nVGqaB-SKHlnIF7W6dj,01X5UIHT3LTDS7GHR5GZCYQPWZEO3NG4I3
sales,Brochures & Datasheets/Old/Archive,Accops - HyLabs.pdf,pdf,0.42,2021-07-16,2021-07-16,SANDIP MALLIK,Brochure; HyLabs; Sales; Archived,Brochure,,HyLabs,,archived,no,archive/draft folder,https://propalmsnetwork.sharepoint.com/sites/Company/Shared%20Documents/Sales/Sales%20Collateral/Brochures%20%26%20Datasheets/Old/Archive/Accops%20-%20HyLabs.pdf,b!MW22Pukebk6aWlrjbkWCK27cJOS0bM9OhUq0QE7-doKh1nVGqaB-SKHlnIF7W6dj,01X5UIHT4EIO5ZCFFPINAZWCE6HVGUMBDS
sales,Brochures & Datasheets/Old/Archive,Accops - HyLite.pdf,pdf,2.0,2021-07-16,2021-07-16,SANDIP MALLIK,Brochure; Sales; Archived,Brochure,,,,archived,no,archive/draft folder,https://propalmsnetwork.sharepoint.com/sites/Company/Shared%20Documents/Sales/Sales%20Collateral/Brochures%20%26%20Datasheets/Old/Archive/Accops%20-%20HyLite.pdf,b!MW22Pukebk6aWlrjbkWCK27cJOS0bM9OhUq0QE7-doKh1nVGqaB-SKHlnIF7W6dj,01X5UIHT66L5ZL6XAFZ5A2GMQDUJAL7UB2
sales,Brochures & Datasheets/Old/Archive,Accops - HySecure - Advanced.pdf,pdf,1.56,2021-07-16,2021-07-16,SANDIP MALLIK,Brochure; HySecure; Sales; Archived,Brochure,,HySecure,,archived,no,archive/draft folder,https://propalmsnetwork.sharepoint.com/sites/Company/Shared%20Documents/Sales/Sales%20Collateral/Brochures%20%26%20Datasheets/Old/Archive/Accops%20-%20HySecure%20-%20Advanced.pdf,b!MW22Pukebk6aWlrjbkWCK27cJOS0bM9OhUq0QE7-doKh1nVGqaB-SKHlnIF7W6dj,01X5UIHT6G3VRQZMGSCZGYLCNQ7NX4XRSO
sales,Brochures & Datasheets/Old/Archive,Accops - HySecure - Appliance - HS5200.pdf,pdf,0.5,2021-07-16,2021-07-16,SANDIP MALLIK,Brochure; HySecure; Sales; Archived,Brochure,,HySecure,,archived,no,archive/draft folder,https://propalmsnetwork.sharepoint.com/sites/Company/Shared%20Documents/Sales/Sales%20Collateral/Brochures%20%26%20Datasheets/Old/Archive/Accops%20-%20HySecure%20-%20Appliance%20-%20HS5200.pdf,b!MW22Pukebk6aWlrjbkWCK27cJOS0bM9OhUq0QE7-doKh1nVGqaB-SKHlnIF7W6dj,01X5UIHT4TUV3MO2CGTVCK4UF5OAKHKUZD
sales,Brochures & Datasheets/Old/Archive,Accops - HySecure.pdf,pdf,1.54,2021-07-16,2021-07-16,SANDIP MALLIK,Brochure; HySecure; Sales; Archived,Brochure,,HySecure,,archived,no,archive/draft folder,https://propalmsnetwork.sharepoint.com/sites/Company/Shared%20Documents/Sales/Sales%20Collateral/Brochures%20%26%20Datasheets/Old/Archive/Accops%20-%20HySecure.pdf,b!MW22Pukebk6aWlrjbkWCK27cJOS0bM9OhUq0QE7-doKh1nVGqaB-SKHlnIF7W6dj,01X5UIHT4FH5ZUZFE4DVAYYZ46P3ERZGVQ
sales,Brochures & Datasheets/Old/Archive,Accops - HyWorks.pdf,pdf,1.85,2021-07-16,2021-07-16,SANDIP MALLIK,Brochure; HyWorks; Sales; Archived,Brochure,,HyWorks,,archived,no,archive/draft folder,https://propalmsnetwork.sharepoint.com/sites/Company/Shared%20Documents/Sales/Sales%20Collateral/Brochures%20%26%20Datasheets/Old/Archive/Accops%20-%20HyWorks.pdf,b!MW22Pukebk6aWlrjbkWCK27cJOS0bM9OhUq0QE7-doKh1nVGqaB-SKHlnIF7W6dj,01X5UIHTYYFK5HF2IB6FEIB4QD6TVJJYGV
sales,Brochures & Datasheets/Old/Archive,Accops - Intro.pdf,pdf,5.3,2021-07-16,2021-07-16,SANDIP MALLIK,Brochure; Sales; Archived,Brochure,,,,archived,no,archive/draft folder,https://propalmsnetwork.sharepoint.com/sites/Company/Shared%20Documents/Sales/Sales%20Collateral/Brochures%20%26%20Datasheets/Old/Archive/Accops%20-%20Intro.pdf,b!MW22Pukebk6aWlrjbkWCK27cJOS0bM9OhUq0QE7-doKh1nVGqaB-SKHlnIF7W6dj,01X5UIHT7DUHFT5FSD4FGL5JRUWVJNOQZR
sales,Brochures & Datasheets/Old/Archive,Accops - Nano.pdf,pdf,0.1,2021-07-16,2021-07-16,SANDIP MALLIK,Brochure; Sales; Archived,Brochure,,,,archived,no,archive/draft folder,https://propalmsnetwork.sharepoint.com/sites/Company/Shared%20Documents/Sales/Sales%20Collateral/Brochures%20%26%20Datasheets/Old/Archive/Accops%20-%20Nano.pdf,b!MW22Pukebk6aWlrjbkWCK27cJOS0bM9OhUq0QE7-doKh1nVGqaB-SKHlnIF7W6dj,01X5UIHTZFURY7WC4GKVCYYYFI7TMOAWD7
sales,Brochures & Datasheets/Old/Archive,Accops - Virtual Browser - Datasheet.pdf,pdf,0.32,2021-07-16,2021-07-16,SANDIP MALLIK,Brochure; Sales; Archived,Brochure,,,,archived,no,archive/draft folder,https://propalmsnetwork.sharepoint.com/sites/Company/Shared%20Documents/Sales/Sales%20Collateral/Brochures%20%26%20Datasheets/Old/Archive/Accops%20-%20Virtual%20Browser%20-%20Datasheet.pdf,b!MW22Pukebk6aWlrjbkWCK27cJOS0bM9OhUq0QE7-doKh1nVGqaB-SKHlnIF7W6dj,01X5UIHTY7ONSBPBNJ2VEIGS2IAULCRLCH
sales,Brochures & Datasheets/Old/Archive,HY6000.pdf,pdf,0.32,2022-04-21,2020-11-28,SANDIP MALLIK,Brochure; Sales; Archived,Brochure,,,,archived,no,archive/draft folder,https://propalmsnetwork.sharepoint.com/sites/Company/Shared%20Documents/Sales/Sales%20Collateral/Brochures%20%26%20Datasheets/Old/Archive/HY6000.pdf,b!MW22Pukebk6aWlrjbkWCK27cJOS0bM9OhUq0QE7-doKh1nVGqaB-SKHlnIF7W6dj,01X5UIHT2567FL2ZXT4FA2TRQGXBLFBD65
sales,Brochures & Datasheets/Old/Archive,HY6000T.pdf,pdf,0.32,2022-04-21,2020-12-17,SANDIP MALLIK,Brochure; Sales; Archived,Brochure,,,,archived,no,archive/draft folder,https://propalmsnetwork.sharepoint.com/sites/Company/Shared%20Documents/Sales/Sales%20Collateral/Brochures%20%26%20Datasheets/Old/Archive/HY6000T.pdf,b!MW22Pukebk6aWlrjbkWCK27cJOS0bM9OhUq0QE7-doKh1nVGqaB-SKHlnIF7W6dj,01X5UIHT57SR2YMPZIJVHLNQCXWEISUQB6
sales,Brochures & Datasheets/Old/Archive,Hy6400.pdf,pdf,0.26,2022-04-21,2020-11-27,SANDIP MALLIK,Brochure; Sales; Archived,Brochure,,,,archived,no,archive/draft folder,https://propalmsnetwork.sharepoint.com/sites/Company/Shared%20Documents/Sales/Sales%20Collateral/Brochures%20%26%20Datasheets/Old/Archive/Hy6400.pdf,b!MW22Pukebk6aWlrjbkWCK27cJOS0bM9OhUq0QE7-doKh1nVGqaB-SKHlnIF7W6dj,01X5UIHT66UL7KELZAJNEKJ2P6WFUW223J
sales,Company Certifications,ISO Certificate- Accops Systems.pdf,pdf,0.25,2022-01-26,2022-01-26,Vijender Yadav,Certification; Sales,Certification,,,,active,yes,,https://propalmsnetwork.sharepoint.com/sites/Company/Shared%20Documents/Sales/Sales%20Collateral/Company%20Certifications/ISO%20Certificate-%20Accops%20Systems.pdf,b!MW22Pukebk6aWlrjbkWCK27cJOS0bM9OhUq0QE7-doKh1nVGqaB-SKHlnIF7W6dj,01X5UIHT5QEWLZSN4BKBDJUBFCPVHST5MJ
sales,Company Certifications,SOC-Accops.pdf,pdf,0.44,2022-04-20,2022-04-20,SANDIP MALLIK,Certification; Sales,Certification,,,,active,yes,,https://propalmsnetwork.sharepoint.com/sites/Company/Shared%20Documents/Sales/Sales%20Collateral/Company%20Certifications/SOC-Accops.pdf,b!MW22Pukebk6aWlrjbkWCK27cJOS0bM9OhUq0QE7-doKh1nVGqaB-SKHlnIF7W6dj,01X5UIHT7FLEIPJ57Z4ZAJEL4TBYJJA6WX
sales,Competition/General,2021-01-01-Accops & Other Workspace Virtualization Vendors Comparison.pdf,pdf,0.49,2022-08-21,2018-05-14,Vijender Yadav,Competitive; Sales,Competitive,,,,active,yes,,https://propalmsnetwork.sharepoint.com/sites/Company/Shared%20Documents/Sales/Sales%20Collateral/Competition/General/2021-01-01-Accops%20%26%20Other%20Workspace%20Virtualization%20Vendors%20Comparison.pdf,b!MW22Pukebk6aWlrjbkWCK27cJOS0bM9OhUq0QE7-doKh1nVGqaB-SKHlnIF7W6dj,01X5UIHTZCYRE6VVBDJ5DI36RPD37QWKIM
sales,Competition/General,2021-01-01-Accops Value Comparison - v1.docx,docx,4.13,2022-03-01,2022-03-01,Vijender Yadav,Competitive; Sales,Competitive,,,,active,yes,,https://propalmsnetwork.sharepoint.com/sites/Company/_layouts/15/Doc.aspx?sourcedoc=%7BDB2E984B-9505-45B8-A411-090D042E2A90%7D&file=2021-01-01-Accops%20Value%20Comparison%20-%20v1.docx&action=default&mobileredirect=true,b!MW22Pukebk6aWlrjbkWCK27cJOS0bM9OhUq0QE7-doKh1nVGqaB-SKHlnIF7W6dj,01X5UIHT2LTAXNWBMVXBC2IEIJBUCC4KUQ
sales,Competition/General,2021-01-01-Accops Value Comparison - v1.pdf,pdf,0.68,2022-08-21,2021-04-27,Vijender Yadav,Competitive; Sales,Competitive,,,,active,yes,,https://propalmsnetwork.sharepoint.com/sites/Company/Shared%20Documents/Sales/Sales%20Collateral/Competition/General/2021-01-01-Accops%20Value%20Comparison%20-%20v1.pdf,b!MW22Pukebk6aWlrjbkWCK27cJOS0bM9OhUq0QE7-doKh1nVGqaB-SKHlnIF7W6dj,01X5UIHTYEOBCPPEECVVDLYAME5U7L4NOW
sales,Competition/MFA,2021-01-01-Accops-HyID-vs-Cisco-Duo.xlsx,xlsx,0.02,2022-03-01,2023-03-15,Tushar Udyavar,Competitive; HyID; MFA; Sales,Competitive,,HyID; MFA,,active,yes,,https://propalmsnetwork.sharepoint.com/sites/Company/_layouts/15/Doc.aspx?sourcedoc=%7B2FCA8BE9-48F5-4BB3-A110-B656F20D86BB%7D&file=2021-01-01-Accops-HyID-vs-Cisco-Duo.xlsx&action=default&mobileredirect=true,b!MW22Pukebk6aWlrjbkWCK27cJOS0bM9OhUq0QE7-doKh1nVGqaB-SKHlnIF7W6dj,01X5UIHT7JRPFC75KIWNF2CEFWK3ZA3BV3
sales,Competition/MFA,2021-01-01-Draft-HyID-Comparison-Cisco-DUO.xlsx,xlsx,0.03,2022-08-21,2026-05-27,Samhita TV,Competitive; HyID; MFA; Sales; Archived,Competitive,,HyID; MFA,,archived,no,archive/draft folder,https://propalmsnetwork.sharepoint.com/sites/Company/_layouts/15/Doc.aspx?sourcedoc=%7B01EC595D-A813-43A6-9503-C4D1B29C4446%7D&file=2021-01-01-Draft-HyID-Comparison-Cisco-DUO.xlsx&action=default&mobileredirect=true,b!MW22Pukebk6aWlrjbkWCK27cJOS0bM9OhUq0QE7-doKh1nVGqaB-SKHlnIF7W6dj,01X5UIHT25LHWACE5IUZBZKA6E2GZJYRCG
sales,Competition/Omnissa,0424-AccopsDeck-VMWareReplacement.pptx,pptx,14.05,2024-04-24,2025-06-20,Vijender Yadav,Competitive; VMware; Omnissa; Sales,Competitive,,,VMware; Omnissa,active,yes,,https://propalmsnetwork.sharepoint.com/sites/Company/_layouts/15/Doc.aspx?sourcedoc=%7BACC89AB2-3313-46FE-B18F-94B895E5F310%7D&file=0424-AccopsDeck-VMWareReplacement.pptx&action=edit&mobileredirect=true,b!MW22Pukebk6aWlrjbkWCK27cJOS0bM9OhUq0QE7-doKh1nVGqaB-SKHlnIF7W6dj,01X5UIHT5STLEKYEZT7ZDLDD4UXCK6L4YQ
sales,Competition/Omnissa,0424-VMWare Alternative stack-Accops and Nutanix.pptx,pptx,2.53,2024-04-28,2024-05-10,Vijender Yadav,Competitive; Nutanix; VMware; Omnissa; Sales,Competitive,,Nutanix,VMware; Omnissa,active,yes,,https://propalmsnetwork.sharepoint.com/sites/Company/_layouts/15/Doc.aspx?sourcedoc=%7BFE56EAF3-704C-4ED9-BC94-736F506BEA4E%7D&file=0424-VMWare%20Alternative%20stack-Accops%20and%20Nutanix.pptx&action=edit&mobileredirect=true,b!MW22Pukebk6aWlrjbkWCK27cJOS0bM9OhUq0QE7-doKh1nVGqaB-SKHlnIF7W6dj,01X5UIHT7T5JLP4TDQ3FHLZFDTN5IGX2SO
sales,Competition/Omnissa,Accops vs VMware Features-Ver02-19072022-CJ.pptx,pptx,0.06,2022-09-12,2023-12-13,SANDIP MALLIK,Competitive; VMware; Omnissa; Sales,Competitive,,,VMware; Omnissa,active,yes,,https://propalmsnetwork.sharepoint.com/sites/Company/_layouts/15/Doc.aspx?sourcedoc=%7B0760BAA4-84BC-4E20-8A65-C9194947CD63%7D&file=Accops%20vs%20VMware%20Features-Ver02-19072022-CJ.pptx&action=edit&mobileredirect=true,b!MW22Pukebk6aWlrjbkWCK27cJOS0bM9OhUq0QE7-doKh1nVGqaB-SKHlnIF7W6dj,01X5UIHT5EXJQAPPEEEBHIUZOJDFEUPTLD
sales,Competition/Omnissa,Omnissa Horizon VVF Analysis.docx,docx,0.03,2026-02-22,2026-02-22,Vijender Yadav,Competitive; VMware; Omnissa; Sales,Competitive,,,VMware; Omnissa,active,yes,,https://propalmsnetwork.sharepoint.com/sites/Company/_layouts/15/Doc.aspx?sourcedoc=%7BEC925304-68F3-4624-B93E-86F66579538E%7D&file=Omnissa%20Horizon%20VVF%20Analysis.docx&action=default&mobileredirect=true,b!MW22Pukebk6aWlrjbkWCK27cJOS0bM9OhUq0QE7-doKh1nVGqaB-SKHlnIF7W6dj,01X5UIHTYEKOJOZ43IERDLSPUG6ZSXSU4O
sales,Competition/Omnissa,VMware Attack Scenarios-05082022.pptx,pptx,0.09,2022-09-12,2022-09-12,SANDIP MALLIK,Competitive; VMware; Omnissa; Sales,Competitive,,,VMware; Omnissa,active,yes,,https://propalmsnetwork.sharepoint.com/sites/Company/_layouts/15/Doc.aspx?sourcedoc=%7BFD16A6DF-905A-4317-9E46-1684A9E85451%7D&file=VMware%20Attack%20Scenarios-05082022.pptx&action=edit&mobileredirect=true,b!MW22Pukebk6aWlrjbkWCK27cJOS0bM9OhUq0QE7-doKh1nVGqaB-SKHlnIF7W6dj,01X5UIHT67UYLP2WUQC5BZ4RQWQSU6QVCR
sales,Competition/Omnissa,Vanquishing VMware - Battlecard - 05082022.pdf,pdf,0.37,2022-09-12,2022-09-12,SANDIP MALLIK,Competitive; VMware; Omnissa; Sales,Competitive,,,VMware; Omnissa,active,yes,,https://propalmsnetwork.sharepoint.com/sites/Company/Shared%20Documents/Sales/Sales%20Collateral/Competition/Omnissa/Vanquishing%20VMware%20-%20Battlecard%20-%2005082022.pdf,b!MW22Pukebk6aWlrjbkWCK27cJOS0bM9OhUq0QE7-doKh1nVGqaB-SKHlnIF7W6dj,01X5UIHTYPCJYAEMRGCJBYWTTER63P7IDK
sales,Competition/Omnissa,for ICICI - Omnissa Horizon VVF Analysis.pptx,pptx,0.06,2026-02-22,2026-02-22,Vijender Yadav,Competitive; VMware; Omnissa; Sales,Competitive,,,VMware; Omnissa,active,yes,,https://propalmsnetwork.sharepoint.com/sites/Company/_layouts/15/Doc.aspx?sourcedoc=%7B166E1C71-2382-434E-8453-A450918297D4%7D&file=for%20ICICI%20-%20Omnissa%20Horizon%20VVF%20Analysis.pptx&action=edit&mobileredirect=true,b!MW22Pukebk6aWlrjbkWCK27cJOS0bM9OhUq0QE7-doKh1nVGqaB-SKHlnIF7W6dj,01X5UIHT3RDRXBNARDJZBYIU5EKCIYFF6U
sales,Competition/VDI and DaaS,2021-01-01-Accops-MS-WVD.docx,docx,0.08,2022-03-01,2022-03-01,Vijender Yadav,Competitive; VDI; DaaS; Sales,Competitive,,VDI; DaaS,,active,yes,,https://propalmsnetwork.sharepoint.com/sites/Company/_layouts/15/Doc.aspx?sourcedoc=%7B95443938-5F9D-43D2-849C-62A557BE67A1%7D&file=2021-01-01-Accops-MS-WVD.docx&action=default&mobileredirect=true,b!MW22Pukebk6aWlrjbkWCK27cJOS0bM9OhUq0QE7-doKh1nVGqaB-SKHlnIF7W6dj,01X5UIHTZYHFCJLHK72JBYJHDCUVL34Z5B
sales,Competition/VDI and DaaS,2021-01-01-Accops-MS-WVD.pdf,pdf,0.24,2022-08-21,2019-12-17,Vijender Yadav,Competitive; VDI; DaaS; Sales,Competitive,,VDI; DaaS,,active,yes,,https://propalmsnetwork.sharepoint.com/sites/Company/Shared%20Documents/Sales/Sales%20Collateral/Competition/VDI%20and%20DaaS/2021-01-01-Accops-MS-WVD.pdf,b!MW22Pukebk6aWlrjbkWCK27cJOS0bM9OhUq0QE7-doKh1nVGqaB-SKHlnIF7W6dj,01X5UIHT35X2PJDJSXWVC23GPH2A4EKY6T
sales,Competition/VDI and DaaS,2021-01-01-Accops-VMware-Comparison-Brochure.pdf,pdf,0.71,2022-08-21,2018-05-14,Vijender Yadav,Competitive; Brochure; VDI; DaaS; VMware; Sales,Competitive; Brochure,,VDI; DaaS,VMware,active,yes,,https://propalmsnetwork.sharepoint.com/sites/Company/Shared%20Documents/Sales/Sales%20Collateral/Competition/VDI%20and%20DaaS/2021-01-01-Accops-VMware-Comparison-Brochure.pdf,b!MW22Pukebk6aWlrjbkWCK27cJOS0bM9OhUq0QE7-doKh1nVGqaB-SKHlnIF7W6dj,01X5UIHT4W66VXQHRCPNCK4F76LVEA6BDB
sales,Competition/VDI and DaaS,2021-01-01-Accops-vs-AWS-Workspace.xlsx,xlsx,0.03,2022-03-01,2022-03-01,Vijender Yadav,Competitive; VDI; DaaS; Sales,Competitive,,VDI; DaaS,,active,yes,,https://propalmsnetwork.sharepoint.com/sites/Company/_layouts/15/Doc.aspx?sourcedoc=%7B69A230C7-D220-46BB-8A7F-B15460D1F121%7D&file=2021-01-01-Accops-vs-AWS-Workspace.xlsx&action=default&mobileredirect=true,b!MW22Pukebk6aWlrjbkWCK27cJOS0bM9OhUq0QE7-doKh1nVGqaB-SKHlnIF7W6dj,01X5UIHT6HGCRGSIGSXNDIU75RKRQND4JB
sales,Competition/VDI and DaaS,2021-01-01-Accops-vs-NutanixFrame.xlsx,xlsx,0.02,2022-03-01,2022-03-01,Vijender Yadav,Competitive; VDI; DaaS; Nutanix; Sales,Competitive,,VDI; DaaS; Nutanix,,active,yes,,https://propalmsnetwork.sharepoint.com/sites/Company/_layouts/15/Doc.aspx?sourcedoc=%7BE938E367-5A6D-4159-9272-A787A72CD847%7D&file=2021-01-01-Accops-vs-NutanixFrame.xlsx&action=default&mobileredirect=true,b!MW22Pukebk6aWlrjbkWCK27cJOS0bM9OhUq0QE7-doKh1nVGqaB-SKHlnIF7W6dj,01X5UIHT3H4M4OS3K2LFAZE4VHQ6TSZWCH
sales,Competition/VDI and DaaS,2022-11-30-Accops vs other VDI providers.pptx,pptx,4.53,2022-11-29,2022-11-29,Vijender Yadav,Competitive; VDI; DaaS; Sales,Competitive,,VDI; DaaS,,active,yes,,https://propalmsnetwork.sharepoint.com/sites/Company/_layouts/15/Doc.aspx?sourcedoc=%7B6B7337CA-A563-4D62-9C85-8E75616C0E8D%7D&file=2022-11-30-Accops%20vs%20other%20VDI%20providers.pptx&action=edit&mobileredirect=true,b!MW22Pukebk6aWlrjbkWCK27cJOS0bM9OhUq0QE7-doKh1nVGqaB-SKHlnIF7W6dj,01X5UIHT6KG5ZWWY5FMJGZZBMOOVQWYDUN
sales,Competition/VDI and DaaS,2026-06-11-Accops vs other VDI providers.pptx,pptx,4.53,2026-06-11,2026-06-11,Vijay Kumar,Competitive; VDI; DaaS; Sales,Competitive,,VDI; DaaS,,active,yes,,https://propalmsnetwork.sharepoint.com/sites/Company/_layouts/15/Doc.aspx?sourcedoc=%7B793536C7-27DB-40D1-BBEF-84AD43642B0B%7D&file=2026-06-11-Accops%20vs%20other%20VDI%20providers.pptx&action=edit&mobileredirect=true,b!MW22Pukebk6aWlrjbkWCK27cJOS0bM9OhUq0QE7-doKh1nVGqaB-SKHlnIF7W6dj,01X5UIHT6HGY2XTWZH2FALX34EVVBWIKYL
sales,Competition/VDI and DaaS,Accops vs Citrix-VMware_ Updated April 2024.pptx,pptx,0.49,2024-04-25,2024-04-25,SANDIP MALLIK,Competitive; VDI; DaaS; Citrix; VMware; Sales,Competitive,,VDI; DaaS,Citrix; VMware,active,yes,,https://propalmsnetwork.sharepoint.com/sites/Company/_layouts/15/Doc.aspx?sourcedoc=%7B2CA16B25-DCBD-4344-B5A8-06723EC77739%7D&file=Accops%20vs%20Citrix-VMware_%20Updated%20April%202024.pptx&action=edit&mobileredirect=true,b!MW22Pukebk6aWlrjbkWCK27cJOS0bM9OhUq0QE7-doKh1nVGqaB-SKHlnIF7W6dj,01X5UIHTZFNOQSZPO4IRB3LKAGOI7MO5ZZ
sales,Competition/VDI and DaaS,Accops vs Citrix.pdf,pdf,0.2,2024-01-12,2024-01-12,Jeslin Davidraj,Competitive; VDI; DaaS; Citrix; Sales,Competitive,,VDI; DaaS,Citrix,active,yes,,https://propalmsnetwork.sharepoint.com/sites/Company/Shared%20Documents/Sales/Sales%20Collateral/Competition/VDI%20and%20DaaS/Accops%20vs%20Citrix.pdf,b!MW22Pukebk6aWlrjbkWCK27cJOS0bM9OhUq0QE7-doKh1nVGqaB-SKHlnIF7W6dj,01X5UIHT6COZACDU5VPBF26EBJTOWGDTS5
sales,Competition/VDI and DaaS,Accops vs Citrix.pptx,pptx,0.89,2024-01-12,2024-01-12,Jeslin Davidraj,Competitive; VDI; DaaS; Citrix; Sales,Competitive,,VDI; DaaS,Citrix,active,yes,,https://propalmsnetwork.sharepoint.com/sites/Company/_layouts/15/Doc.aspx?sourcedoc=%7B7E0375E1-8A24-4AEB-A6AE-4974C0939F20%7D&file=Accops%20vs%20Citrix.pptx&action=edit&mobileredirect=true,b!MW22Pukebk6aWlrjbkWCK27cJOS0bM9OhUq0QE7-doKh1nVGqaB-SKHlnIF7W6dj,01X5UIHT7BOUBX4JEK5NFKNLSJOTAJHHZA
sales,Competition/ZTNA and VPN,2021-01-01-ZScaler Comparison Document_CJ-JV.pdf,pdf,0.68,2022-11-11,2022-11-11,Vijender Yadav,Competitive; ZTNA; Sales,Competitive,,ZTNA,,active,yes,,https://propalmsnetwork.sharepoint.com/sites/Company/Shared%20Documents/Sales/Sales%20Collateral/Competition/ZTNA%20and%20VPN/2021-01-01-ZScaler%20Comparison%20Document_CJ-JV.pdf,b!MW22Pukebk6aWlrjbkWCK27cJOS0bM9OhUq0QE7-doKh1nVGqaB-SKHlnIF7W6dj,01X5UIHT3S3MW7ZKD7D5BY77S2PSEOJC22
sales,Competition/ZTNA and VPN,Accops HySecure vs Zscaler Private Access v 3.3.pptx,pptx,2.34,2023-08-24,2024-02-01,Vijender Yadav,Competitive; HySecure; ZTNA; Sales,Competitive,,HySecure; ZTNA,,active,yes,,https://propalmsnetwork.sharepoint.com/sites/Company/_layouts/15/Doc.aspx?sourcedoc=%7BB4E5CD4C-0CB9-45C6-95BD-7D95CDFE8259%7D&file=Accops%20HySecure%20vs%20Zscaler%20Private%20Access%20v%203.3.pptx&action=edit&mobileredirect=true,b!MW22Pukebk6aWlrjbkWCK27cJOS0bM9OhUq0QE7-doKh1nVGqaB-SKHlnIF7W6dj,01X5UIHT2MZXS3JOIMYZCZLPL5SXG75ASZ
sales,Competition/ZTNA and VPN,Deep Research_ Quantum Implementation with Zscaler.pdf,pdf,0.51,2025-10-25,2025-10-25,Vijender Yadav,Competitive; ZTNA; Sales,Competitive,,ZTNA,,active,yes,,https://propalmsnetwork.sharepoint.com/sites/Company/Shared%20Documents/Sales/Sales%20Collateral/Competition/ZTNA%20and%20VPN/Deep%20Research_%20Quantum%20Implementation%20with%20Zscaler.pdf,b!MW22Pukebk6aWlrjbkWCK27cJOS0bM9OhUq0QE7-doKh1nVGqaB-SKHlnIF7W6dj,01X5UIHT2X4T6XT5Y6BVAIYB6S5XIUZ2D4
sales,Event,Customers' detals for MFA webinar_March 2023.xlsx,xlsx,0.05,2023-03-19,2023-03-23,SANDIP MALLIK,Event; Webinar; MFA; Sales,Event; Webinar,,MFA,,active,yes,,https://propalmsnetwork.sharepoint.com/sites/Company/_layouts/15/Doc.aspx?sourcedoc=%7B6167FE1D-82A6-4B53-8C16-1DA81399E876%7D&file=Customers%27%20detals%20for%20MFA%20webinar_March%202023.xlsx&action=default&mobileredirect=true,b!MW22Pukebk6aWlrjbkWCK27cJOS0bM9OhUq0QE7-doKh1nVGqaB-SKHlnIF7W6dj,01X5UIHTY57ZTWDJUCKNFYYFQ5VAJZT2DW
sales,Event,Event Request Template & SOP.xlsx,xlsx,0.91,2022-09-12,2025-09-01,SANDIP MALLIK,Event; Sales,Event,,,,active,yes,,https://propalmsnetwork.sharepoint.com/sites/Company/_layouts/15/Doc.aspx?sourcedoc=%7B659F207C-329C-4DFC-9847-3868FA731B75%7D&file=Event%20Request%20Template%20%26%20SOP.xlsx&action=default&mobileredirect=true,b!MW22Pukebk6aWlrjbkWCK27cJOS0bM9OhUq0QE7-doKh1nVGqaB-SKHlnIF7W6dj,01X5UIHT34ECPWLHBS7RGZQRZYND5HGG3V
sales,Gartner Reading material/Gartner MQ for DaaS,MQ for DaaS 2025.pdf,pdf,0.63,2025-08-20,2025-08-20,SANDIP MALLIK,Analyst Report; DaaS; Sales,Analyst Report,,DaaS,,active,yes,,https://propalmsnetwork.sharepoint.com/sites/Company/Shared%20Documents/Sales/Sales%20Collateral/Gartner%20Reading%20material/Gartner%20MQ%20for%20DaaS/MQ%20for%20DaaS%202025.pdf,b!MW22Pukebk6aWlrjbkWCK27cJOS0bM9OhUq0QE7-doKh1nVGqaB-SKHlnIF7W6dj,01X5UIHT7Y52M3XCPQRZD3XSKUQUZQPOVV
sales,Gartner Reading material/Gartner MQ for DaaS,Magic_Quadrant_for_D_785003_ndx.pdf,pdf,0.59,2024-06-05,2023-09-06,SANDIP MALLIK,Analyst Report; DaaS; Sales,Analyst Report,,DaaS,,active,yes,,https://propalmsnetwork.sharepoint.com/sites/Company/Shared%20Documents/Sales/Sales%20Collateral/Gartner%20Reading%20material/Gartner%20MQ%20for%20DaaS/Magic_Quadrant_for_D_785003_ndx.pdf,b!MW22Pukebk6aWlrjbkWCK27cJOS0bM9OhUq0QE7-doKh1nVGqaB-SKHlnIF7W6dj,01X5UIHT2CDY2O6Z7PTZG3Y6PAVPN3KHTT
sales,Gartner Reading material/Gartner MQ for DaaS,Magic_Quadrant_for_D_802050_ndx.pdf,pdf,0.63,2024-09-18,2024-09-18,SANDIP MALLIK,Analyst Report; DaaS; Sales,Analyst Report,,DaaS,,active,yes,,https://propalmsnetwork.sharepoint.com/sites/Company/Shared%20Documents/Sales/Sales%20Collateral/Gartner%20Reading%20material/Gartner%20MQ%20for%20DaaS/Magic_Quadrant_for_D_802050_ndx.pdf,b!MW22Pukebk6aWlrjbkWCK27cJOS0bM9OhUq0QE7-doKh1nVGqaB-SKHlnIF7W6dj,01X5UIHT7AQO4WTI6IMNDYVSLOW6PVUVJ4
sales,Gartner Reading material/Gartner Peer Insights Reviews,GPI_ReviewSnippet_4454492_18082023.png,png,0.11,2023-08-18,2023-08-18,SANDIP MALLIK,Analyst Report; Sales,Analyst Report,,,,active,no,not a document,https://propalmsnetwork.sharepoint.com/sites/Company/Shared%20Documents/Sales/Sales%20Collateral/Gartner%20Reading%20material/Gartner%20Peer%20Insights%20Reviews/GPI_ReviewSnippet_4454492_18082023.png,b!MW22Pukebk6aWlrjbkWCK27cJOS0bM9OhUq0QE7-doKh1nVGqaB-SKHlnIF7W6dj,01X5UIHT2TSCCV7SUA7NGKWVIUYPRJKOYV
sales,Gartner Reading material/Gartner Peer Insights Reviews,GPI_ReviewSnippet_4483976_18082023.png,png,0.12,2023-08-18,2023-08-18,SANDIP MALLIK,Analyst Report; Sales,Analyst Report,,,,active,no,not a document,https://propalmsnetwork.sharepoint.com/sites/Company/Shared%20Documents/Sales/Sales%20Collateral/Gartner%20Reading%20material/Gartner%20Peer%20Insights%20Reviews/GPI_ReviewSnippet_4483976_18082023.png,b!MW22Pukebk6aWlrjbkWCK27cJOS0bM9OhUq0QE7-doKh1nVGqaB-SKHlnIF7W6dj,01X5UIHT4XCDUNW2V2INB2A4JFSYB5SYGQ
sales,Gartner Reading material/Gartner Peer Insights Reviews,GPI_ReviewSnippet_4484060_18082023.png,png,0.12,2023-08-18,2023-08-18,SANDIP MALLIK,Analyst Report; Sales,Analyst Report,,,,active,no,not a document,https://propalmsnetwork.sharepoint.com/sites/Company/Shared%20Documents/Sales/Sales%20Collateral/Gartner%20Reading%20material/Gartner%20Peer%20Insights%20Reviews/GPI_ReviewSnippet_4484060_18082023.png,b!MW22Pukebk6aWlrjbkWCK27cJOS0bM9OhUq0QE7-doKh1nVGqaB-SKHlnIF7W6dj,01X5UIHT5W5EUMZTPJW5FIRB6NDQQK3YIM
sales,Gartner Reading material/Gartner Peer Insights Reviews,GPI_ReviewSnippet_4486014_18082023.png,png,0.11,2023-08-18,2023-08-18,SANDIP MALLIK,Analyst Report; Sales,Analyst Report,,,,active,no,not a document,https://propalmsnetwork.sharepoint.com/sites/Company/Shared%20Documents/Sales/Sales%20Collateral/Gartner%20Reading%20material/Gartner%20Peer%20Insights%20Reviews/GPI_ReviewSnippet_4486014_18082023.png,b!MW22Pukebk6aWlrjbkWCK27cJOS0bM9OhUq0QE7-doKh1nVGqaB-SKHlnIF7W6dj,01X5UIHTYDN3TMWE4MEFFJBEE73YG7FT7X
sales,Gartner Reading material/Gartner Peer Insights Reviews,GPI_ReviewSnippet_4488846_18082023.png,png,0.11,2023-08-18,2023-08-18,SANDIP MALLIK,Analyst Report; Sales,Analyst Report,,,,active,no,not a document,https://propalmsnetwork.sharepoint.com/sites/Company/Shared%20Documents/Sales/Sales%20Collateral/Gartner%20Reading%20material/Gartner%20Peer%20Insights%20Reviews/GPI_ReviewSnippet_4488846_18082023.png,b!MW22Pukebk6aWlrjbkWCK27cJOS0bM9OhUq0QE7-doKh1nVGqaB-SKHlnIF7W6dj,01X5UIHT56NJWB43TR3VA25KH6LCGNTS2C
sales,Gartner Reading material/Gartner Peer Insights Reviews,GPI_ReviewSnippet_4489178_18082023.png,png,0.11,2023-08-18,2023-08-18,SANDIP MALLIK,Analyst Report; Sales,Analyst Report,,,,active,no,not a document,https://propalmsnetwork.sharepoint.com/sites/Company/Shared%20Documents/Sales/Sales%20Collateral/Gartner%20Reading%20material/Gartner%20Peer%20Insights%20Reviews/GPI_ReviewSnippet_4489178_18082023.png,b!MW22Pukebk6aWlrjbkWCK27cJOS0bM9OhUq0QE7-doKh1nVGqaB-SKHlnIF7W6dj,01X5UIHTZWPABOFO73KFEZA6VMBM22NONB
sales,Gartner Reading material/Gartner Peer Insights Reviews,GPI_ReviewSnippet_4490706_18082023.png,png,0.1,2023-08-18,2023-08-18,SANDIP MALLIK,Analyst Report; Sales,Analyst Report,,,,active,no,not a document,https://propalmsnetwork.sharepoint.com/sites/Company/Shared%20Documents/Sales/Sales%20Collateral/Gartner%20Reading%20material/Gartner%20Peer%20Insights%20Reviews/GPI_ReviewSnippet_4490706_18082023.png,b!MW22Pukebk6aWlrjbkWCK27cJOS0bM9OhUq0QE7-doKh1nVGqaB-SKHlnIF7W6dj,01X5UIHT66FBCZZUAYH5AIBVKQT22AHRKC
sales,Gartner Reading material/Gartner Peer Insights Reviews,GPI_ReviewSnippet_4491144_18082023.png,png,0.11,2023-08-18,2023-08-18,SANDIP MALLIK,Analyst Report; Sales,Analyst Report,,,,active,no,not a document,https://propalmsnetwork.sharepoint.com/sites/Company/Shared%20Documents/Sales/Sales%20Collateral/Gartner%20Reading%20material/Gartner%20Peer%20Insights%20Reviews/GPI_ReviewSnippet_4491144_18082023.png,b!MW22Pukebk6aWlrjbkWCK27cJOS0bM9OhUq0QE7-doKh1nVGqaB-SKHlnIF7W6dj,01X5UIHT2GYZ54EEUZHFD3BHWM5S5D3O76
sales,Gartner Reading material/Gartner Peer Insights Reviews,GPI_ReviewSnippet_4512236_18082023.png,png,0.11,2023-08-18,2023-08-18,SANDIP MALLIK,Analyst Report; Sales,Analyst Report,,,,active,no,not a document,https://propalmsnetwork.sharepoint.com/sites/Company/Shared%20Documents/Sales/Sales%20Collateral/Gartner%20Reading%20material/Gartner%20Peer%20Insights%20Reviews/GPI_ReviewSnippet_4512236_18082023.png,b!MW22Pukebk6aWlrjbkWCK27cJOS0bM9OhUq0QE7-doKh1nVGqaB-SKHlnIF7W6dj,01X5UIHT5YBWR4Z7NDTFGZZNXXQBSVMWBY
sales,Gartner Reading material/Gartner Peer Insights Reviews,GPI_ReviewSnippet_4521314_18082023.png,png,0.11,2023-08-18,2023-08-18,SANDIP MALLIK,Analyst Report; Sales,Analyst Report,,,,active,no,not a document,https://propalmsnetwork.sharepoint.com/sites/Company/Shared%20Documents/Sales/Sales%20Collateral/Gartner%20Reading%20material/Gartner%20Peer%20Insights%20Reviews/GPI_ReviewSnippet_4521314_18082023.png,b!MW22Pukebk6aWlrjbkWCK27cJOS0bM9OhUq0QE7-doKh1nVGqaB-SKHlnIF7W6dj,01X5UIHT7N7SFSSTUPDJDI3CJMG6SAK4W3
sales,Gartner Reading material/Gartner Peer Insights Reviews,GPI_ReviewSnippet_4525034_18082023.png,png,0.11,2023-08-18,2023-08-18,SANDIP MALLIK,Analyst Report; Sales,Analyst Report,,,,active,no,not a document,https://propalmsnetwork.sharepoint.com/sites/Company/Shared%20Documents/Sales/Sales%20Collateral/Gartner%20Reading%20material/Gartner%20Peer%20Insights%20Reviews/GPI_ReviewSnippet_4525034_18082023.png,b!MW22Pukebk6aWlrjbkWCK27cJOS0bM9OhUq0QE7-doKh1nVGqaB-SKHlnIF7W6dj,01X5UIHT7HEI3IK7Z3XRF34CBACZBSFXCI
sales,Gartner Reading material/Gartner Peer Insights Reviews,GPI_ReviewSnippet_4527672_18082023.png,png,0.11,2023-08-18,2023-08-18,SANDIP MALLIK,Analyst Report; Sales,Analyst Report,,,,active,no,not a document,https://propalmsnetwork.sharepoint.com/sites/Company/Shared%20Documents/Sales/Sales%20Collateral/Gartner%20Reading%20material/Gartner%20Peer%20Insights%20Reviews/GPI_ReviewSnippet_4527672_18082023.png,b!MW22Pukebk6aWlrjbkWCK27cJOS0bM9OhUq0QE7-doKh1nVGqaB-SKHlnIF7W6dj,01X5UIHTZWNSQV2CAAIRELJPYWN5KX4PFI
sales,Gartner Reading material/Gartner Peer Insights Reviews,GPI_ReviewSnippet_4527858_18082023.png,png,0.11,2023-08-18,2023-08-18,SANDIP MALLIK,Analyst Report; Sales,Analyst Report,,,,active,no,not a document,https://propalmsnetwork.sharepoint.com/sites/Company/Shared%20Documents/Sales/Sales%20Collateral/Gartner%20Reading%20material/Gartner%20Peer%20Insights%20Reviews/GPI_ReviewSnippet_4527858_18082023.png,b!MW22Pukebk6aWlrjbkWCK27cJOS0bM9OhUq0QE7-doKh1nVGqaB-SKHlnIF7W6dj,01X5UIHTZHU3A2T2BITFH3ZFW2UYYAGVA6
sales,Gartner Reading material/Gartner Peer Insights Reviews,GPI_ReviewSnippet_4547000_18082023.png,png,0.12,2023-08-18,2023-08-18,SANDIP MALLIK,Analyst Report; Sales,Analyst Report,,,,active,no,not a document,https://propalmsnetwork.sharepoint.com/sites/Company/Shared%20Documents/Sales/Sales%20Collateral/Gartner%20Reading%20material/Gartner%20Peer%20Insights%20Reviews/GPI_ReviewSnippet_4547000_18082023.png,b!MW22Pukebk6aWlrjbkWCK27cJOS0bM9OhUq0QE7-doKh1nVGqaB-SKHlnIF7W6dj,01X5UIHT3RP4EJKFTBKNEKFMDNWVGKUS4J
sales,Gartner Reading material/Gartner Peer Insights Reviews,GPI_ReviewSnippet_4560166_18082023.png,png,0.12,2023-08-18,2023-08-18,SANDIP MALLIK,Analyst Report; Sales,Analyst Report,,,,active,no,not a document,https://propalmsnetwork.sharepoint.com/sites/Company/Shared%20Documents/Sales/Sales%20Collateral/Gartner%20Reading%20material/Gartner%20Peer%20Insights%20Reviews/GPI_ReviewSnippet_4560166_18082023.png,b!MW22Pukebk6aWlrjbkWCK27cJOS0bM9OhUq0QE7-doKh1nVGqaB-SKHlnIF7W6dj,01X5UIHT4H5T6Y6ZWI6FEKA567ZGFQBXIH
sales,Gartner Reading material/Gartner Peer Insights Reviews,Voice_of_the_Custome_772112_ndx.pdf,pdf,4.24,2023-08-18,2023-08-18,SANDIP MALLIK,Analyst Report; Sales,Analyst Report,,,,active,yes,,https://propalmsnetwork.sharepoint.com/sites/Company/Shared%20Documents/Sales/Sales%20Collateral/Gartner%20Reading%20material/Gartner%20Peer%20Insights%20Reviews/Voice_of_the_Custome_772112_ndx.pdf,b!MW22Pukebk6aWlrjbkWCK27cJOS0bM9OhUq0QE7-doKh1nVGqaB-SKHlnIF7W6dj,01X5UIHT3XEUL73ULJYZD3G6CNEODYFSBB
sales,Gartner Reading material/Gartner Peer Insights Reviews,Voice_of_the_Custome_809058_ndx.pdf,pdf,1.83,2024-06-05,2024-06-05,SANDIP MALLIK,Analyst Report; Sales,Analyst Report,,,,active,yes,,https://propalmsnetwork.sharepoint.com/sites/Company/Shared%20Documents/Sales/Sales%20Collateral/Gartner%20Reading%20material/Gartner%20Peer%20Insights%20Reviews/Voice_of_the_Custome_809058_ndx.pdf,b!MW22Pukebk6aWlrjbkWCK27cJOS0bM9OhUq0QE7-doKh1nVGqaB-SKHlnIF7W6dj,01X5UIHTZCEKJLONIKPFC3MIAKLC6YOY2P
sales,Gartner Reading material/Gartner Peer Insights Reviews/Archieve,Review_Access Management_Accops_Accops Digital Workspace_Display.pdf,pdf,0.26,2022-08-16,2022-08-16,SANDIP MALLIK,Analyst Report; Sales,Analyst Report,,,,active,yes,,https://propalmsnetwork.sharepoint.com/sites/Company/Shared%20Documents/Sales/Sales%20Collateral/Gartner%20Reading%20material/Gartner%20Peer%20Insights%20Reviews/Archieve/Review_Access%20Management_Accops_Accops%20Digital%20Workspace_Display.pdf,b!MW22Pukebk6aWlrjbkWCK27cJOS0bM9OhUq0QE7-doKh1nVGqaB-SKHlnIF7W6dj,01X5UIHT3R76BOEN4DWJEJU7BRDXIWWNOC
sales,Gartner Reading material/Gartner Peer Insights Reviews/Archieve,Review_Access Management_Accops_Accops HyID_Display (1).pdf,pdf,0.27,2022-08-16,2022-08-16,SANDIP MALLIK,Analyst Report; HyID; Sales,Analyst Report,,HyID,,active,yes,,https://propalmsnetwork.sharepoint.com/sites/Company/Shared%20Documents/Sales/Sales%20Collateral/Gartner%20Reading%20material/Gartner%20Peer%20Insights%20Reviews/Archieve/Review_Access%20Management_Accops_Accops%20HyID_Display%20(1).pdf,b!MW22Pukebk6aWlrjbkWCK27cJOS0bM9OhUq0QE7-doKh1nVGqaB-SKHlnIF7W6dj,01X5UIHT2WPXBQG3RJKJBJDI5LDBADYCCS
sales,Gartner Reading material/Gartner Peer Insights Reviews/Archieve,Review_Access Management_Accops_Accops HyID_Display.pdf,pdf,0.25,2022-08-16,2022-08-16,SANDIP MALLIK,Analyst Report; HyID; Sales,Analyst Report,,HyID,,active,yes,,https://propalmsnetwork.sharepoint.com/sites/Company/Shared%20Documents/Sales/Sales%20Collateral/Gartner%20Reading%20material/Gartner%20Peer%20Insights%20Reviews/Archieve/Review_Access%20Management_Accops_Accops%20HyID_Display.pdf,b!MW22Pukebk6aWlrjbkWCK27cJOS0bM9OhUq0QE7-doKh1nVGqaB-SKHlnIF7W6dj,01X5UIHT3AEU4L35N4CND3JHCCIVQBVSFG
sales,Gartner Reading material/Gartner Peer Insights Reviews/Archieve,Review_Desktop as a Service_Accops_Accops HyWorks_Display (1).pdf,pdf,0.26,2022-08-16,2022-08-16,SANDIP MALLIK,Analyst Report; HyWorks; DaaS; Sales,Analyst Report,,HyWorks; DaaS,,active,yes,,https://propalmsnetwork.sharepoint.com/sites/Company/Shared%20Documents/Sales/Sales%20Collateral/Gartner%20Reading%20material/Gartner%20Peer%20Insights%20Reviews/Archieve/Review_Desktop%20as%20a%20Service_Accops_Accops%20HyWorks_Display%20(1).pdf,b!MW22Pukebk6aWlrjbkWCK27cJOS0bM9OhUq0QE7-doKh1nVGqaB-SKHlnIF7W6dj,01X5UIHT2YZJEW4T3F5BCYPSOUTIU76NDL
sales,Gartner Reading material/Gartner Peer Insights Reviews/Archieve,Review_Desktop as a Service_Accops_Accops HyWorks_Display.pdf,pdf,0.26,2022-08-16,2022-08-16,SANDIP MALLIK,Analyst Report; HyWorks; DaaS; Sales,Analyst Report,,HyWorks; DaaS,,active,yes,,https://propalmsnetwork.sharepoint.com/sites/Company/Shared%20Documents/Sales/Sales%20Collateral/Gartner%20Reading%20material/Gartner%20Peer%20Insights%20Reviews/Archieve/Review_Desktop%20as%20a%20Service_Accops_Accops%20HyWorks_Display.pdf,b!MW22Pukebk6aWlrjbkWCK27cJOS0bM9OhUq0QE7-doKh1nVGqaB-SKHlnIF7W6dj,01X5UIHTZPZMJVAYZ3SRHZUDG45QYB3PS3
sales,Gartner Reading material/Past Symposium Presentations for Reading,Building a Digital Future_ The Metaverse.pdf,pdf,1.97,2022-11-17,2022-11-17,SANDIP MALLIK,Analyst Report; Sales,Analyst Report,,,,active,yes,,https://propalmsnetwork.sharepoint.com/sites/Company/Shared%20Documents/Sales/Sales%20Collateral/Gartner%20Reading%20material/Past%20Symposium%20Presentations%20for%20Reading/Building%20a%20Digital%20Future_%20The%20Metaverse.pdf,b!MW22Pukebk6aWlrjbkWCK27cJOS0bM9OhUq0QE7-doKh1nVGqaB-SKHlnIF7W6dj,01X5UIHT6A6HGRJYQ4SNBJ65XLWOF7NNQA
sales,Gartner Reading material/Past Symposium Presentations for Reading,Creating a Future of Work Strategy.pdf,pdf,3.41,2022-11-17,2022-11-17,SANDIP MALLIK,Analyst Report; Sales,Analyst Report,,,,active,yes,,https://propalmsnetwork.sharepoint.com/sites/Company/Shared%20Documents/Sales/Sales%20Collateral/Gartner%20Reading%20material/Past%20Symposium%20Presentations%20for%20Reading/Creating%20a%20Future%20of%20Work%20Strategy.pdf,b!MW22Pukebk6aWlrjbkWCK27cJOS0bM9OhUq0QE7-doKh1nVGqaB-SKHlnIF7W6dj,01X5UIHT7PFDRJOQAYINDKO55HTPC4V7FN
sales,Gartner Reading material/Past Symposium Presentations for Reading,Don't Just Add to Your Customer Experience - Subtract From It.pdf,pdf,1.03,2022-11-17,2022-11-17,SANDIP MALLIK,Analyst Report; Sales,Analyst Report,,,,active,yes,,https://propalmsnetwork.sharepoint.com/sites/Company/Shared%20Documents/Sales/Sales%20Collateral/Gartner%20Reading%20material/Past%20Symposium%20Presentations%20for%20Reading/Don%27t%20Just%20Add%20to%20Your%20Customer%20Experience%20-%20Subtract%20From%20It.pdf,b!MW22Pukebk6aWlrjbkWCK27cJOS0bM9OhUq0QE7-doKh1nVGqaB-SKHlnIF7W6dj,01X5UIHT3K7VQX5RCDHNEIPSP2ZAHVL4G7
sales,Gartner Reading material/Past Symposium Presentations for Reading,Driving Competitive Advantage _ Board of Directors Survey 2023.pdf,pdf,1.22,2022-11-18,2022-11-18,SANDIP MALLIK,Analyst Report; Sales,Analyst Report,,,,active,yes,,https://propalmsnetwork.sharepoint.com/sites/Company/Shared%20Documents/Sales/Sales%20Collateral/Gartner%20Reading%20material/Past%20Symposium%20Presentations%20for%20Reading/Driving%20Competitive%20Advantage%20_%20Board%20of%20Directors%20Survey%202023.pdf,b!MW22Pukebk6aWlrjbkWCK27cJOS0bM9OhUq0QE7-doKh1nVGqaB-SKHlnIF7W6dj,01X5UIHT5D66D3W5NJM5A23NK3KMYBCEFP
sales,Gartner Reading material/Past Symposium Presentations for Reading,Five Steps for Dynamic Management of Globalization Risks in Uncertain Times.pdf,pdf,2.9,2022-11-17,2022-11-17,SANDIP MALLIK,Analyst Report; Sales,Analyst Report,,,,active,yes,,https://propalmsnetwork.sharepoint.com/sites/Company/Shared%20Documents/Sales/Sales%20Collateral/Gartner%20Reading%20material/Past%20Symposium%20Presentations%20for%20Reading/Five%20Steps%20for%20Dynamic%20Management%20of%20Globalization%20Risks%20in%20Uncertain%20Times.pdf,b!MW22Pukebk6aWlrjbkWCK27cJOS0bM9OhUq0QE7-doKh1nVGqaB-SKHlnIF7W6dj,01X5UIHT7ILAOKUYD6CFEZJXMS4T4QJMFC
sales,Gartner Reading material/Past Symposium Presentations for Reading,Future of Cloud 2027_ From Technology to Business Innovation.pdf,pdf,0.25,2022-11-17,2022-11-17,SANDIP MALLIK,Analyst Report; Sales,Analyst Report,,,,active,yes,,https://propalmsnetwork.sharepoint.com/sites/Company/Shared%20Documents/Sales/Sales%20Collateral/Gartner%20Reading%20material/Past%20Symposium%20Presentations%20for%20Reading/Future%20of%20Cloud%202027_%20From%20Technology%20to%20Business%20Innovation.pdf,b!MW22Pukebk6aWlrjbkWCK27cJOS0bM9OhUq0QE7-doKh1nVGqaB-SKHlnIF7W6dj,01X5UIHT4CJKDNNJ5KANCKHECOV4EL6OFF
sales,Gartner Reading material/Past Symposium Presentations for Reading,Future of Work_ Getting the Talent and Skills You Need.pdf,pdf,13.36,2022-11-17,2022-11-17,SANDIP MALLIK,Analyst Report; Sales,Analyst Report,,,,active,yes,,https://propalmsnetwork.sharepoint.com/sites/Company/Shared%20Documents/Sales/Sales%20Collateral/Gartner%20Reading%20material/Past%20Symposium%20Presentations%20for%20Reading/Future%20of%20Work_%20Getting%20the%20Talent%20and%20Skills%20You%20Need.pdf,b!MW22Pukebk6aWlrjbkWCK27cJOS0bM9OhUq0QE7-doKh1nVGqaB-SKHlnIF7W6dj,01X5UIHTZR7Q2AIIF7INDLKPVN6I5LXDYP
sales,Gartner Reading material/Past Symposium Presentations for Reading,Gartner Opening Keynote _ Make the difference.pdf,pdf,10.33,2022-11-17,2022-11-17,SANDIP MALLIK,Analyst Report; Sales,Analyst Report,,,,active,yes,,https://propalmsnetwork.sharepoint.com/sites/Company/Shared%20Documents/Sales/Sales%20Collateral/Gartner%20Reading%20material/Past%20Symposium%20Presentations%20for%20Reading/Gartner%20Opening%20Keynote%20_%20Make%20the%20difference.pdf,b!MW22Pukebk6aWlrjbkWCK27cJOS0bM9OhUq0QE7-doKh1nVGqaB-SKHlnIF7W6dj,01X5UIHT32W64IMC4PWVEKHR4WHMJJIZG2
sales,Gartner Reading material/Past Symposium Presentations for Reading,Gartner's CIO Playbook for Dealing With a Recession.pdf,pdf,1.31,2022-11-17,2022-11-17,SANDIP MALLIK,Analyst Report; Sales,Analyst Report,,,,active,yes,,https://propalmsnetwork.sharepoint.com/sites/Company/Shared%20Documents/Sales/Sales%20Collateral/Gartner%20Reading%20material/Past%20Symposium%20Presentations%20for%20Reading/Gartner%27s%20CIO%20Playbook%20for%20Dealing%20With%20a%20Recession.pdf,b!MW22Pukebk6aWlrjbkWCK27cJOS0bM9OhUq0QE7-doKh1nVGqaB-SKHlnIF7W6dj,01X5UIHTYY52E362SOZZGZNBKP7QR2QSWR
sales,Gartner Reading material/Past Symposium Presentations for Reading,How to Evaluate Vendor Sustainability.pdf,pdf,1.06,2022-11-17,2022-11-17,SANDIP MALLIK,Analyst Report; Sales,Analyst Report,,,,active,yes,,https://propalmsnetwork.sharepoint.com/sites/Company/Shared%20Documents/Sales/Sales%20Collateral/Gartner%20Reading%20material/Past%20Symposium%20Presentations%20for%20Reading/How%20to%20Evaluate%20Vendor%20Sustainability.pdf,b!MW22Pukebk6aWlrjbkWCK27cJOS0bM9OhUq0QE7-doKh1nVGqaB-SKHlnIF7W6dj,01X5UIHT766T45UZ2TMRDIODNID5J5T2ME
sales,Gartner Reading material/Past Symposium Presentations for Reading,"How to Measure Employee Experience, Productivity and Wellbeing.pdf",pdf,8.32,2022-11-17,2022-11-17,SANDIP MALLIK,Analyst Report; Sales,Analyst Report,,,,active,yes,,"https://propalmsnetwork.sharepoint.com/sites/Company/Shared%20Documents/Sales/Sales%20Collateral/Gartner%20Reading%20material/Past%20Symposium%20Presentations%20for%20Reading/How%20to%20Measure%20Employee%20Experience,%20Productivity%20and%20Wellbeing.pdf",b!MW22Pukebk6aWlrjbkWCK27cJOS0bM9OhUq0QE7-doKh1nVGqaB-SKHlnIF7W6dj,01X5UIHT2QYLXSEW3CFZG26DEQMF6JNM4Q
sales,Gartner Reading material/Past Symposium Presentations for Reading,Magic Quadrant for Public Cloud IT Transformation Services.pdf,pdf,0.28,2022-11-17,2022-11-17,SANDIP MALLIK,Analyst Report; Sales,Analyst Report,,,,active,yes,,https://propalmsnetwork.sharepoint.com/sites/Company/Shared%20Documents/Sales/Sales%20Collateral/Gartner%20Reading%20material/Past%20Symposium%20Presentations%20for%20Reading/Magic%20Quadrant%20for%20Public%20Cloud%20IT%20Transformation%20Services.pdf,b!MW22Pukebk6aWlrjbkWCK27cJOS0bM9OhUq0QE7-doKh1nVGqaB-SKHlnIF7W6dj,01X5UIHT5ZAD3K4FEUKVH2HEXVCLMXNVZJ
sales,Gartner Reading material/Past Symposium Presentations for Reading,Signature Series _ CIO and Technology Executive Agenda for 2023.pdf,pdf,1.05,2022-11-17,2022-11-17,SANDIP MALLIK,Analyst Report; Sales,Analyst Report,,,,active,yes,,https://propalmsnetwork.sharepoint.com/sites/Company/Shared%20Documents/Sales/Sales%20Collateral/Gartner%20Reading%20material/Past%20Symposium%20Presentations%20for%20Reading/Signature%20Series%20_%20CIO%20and%20Technology%20Executive%20Agenda%20for%202023.pdf,b!MW22Pukebk6aWlrjbkWCK27cJOS0bM9OhUq0QE7-doKh1nVGqaB-SKHlnIF7W6dj,01X5UIHT2ANVYVMJ5X4RCIRT7DKY5DHPOR
sales,Gartner Reading material/Past Symposium Presentations for Reading,Signature Series _ Flourishing in the Rejuvenated Work and Talent Landscape.pdf,pdf,2.87,2022-11-17,2022-11-17,SANDIP MALLIK,Analyst Report; Sales,Analyst Report,,,,active,yes,,https://propalmsnetwork.sharepoint.com/sites/Company/Shared%20Documents/Sales/Sales%20Collateral/Gartner%20Reading%20material/Past%20Symposium%20Presentations%20for%20Reading/Signature%20Series%20_%20Flourishing%20in%20the%20Rejuvenated%20Work%20and%20Talent%20Landscape.pdf,b!MW22Pukebk6aWlrjbkWCK27cJOS0bM9OhUq0QE7-doKh1nVGqaB-SKHlnIF7W6dj,01X5UIHT3ZPQUNRVR4PNG3WGA6W5XTD4AR
sales,Gartner Reading material/Past Symposium Presentations for Reading,Signature Series_ CEO Concerns 2022-23 - Implications and Actions for CIOs.pdf,pdf,7.08,2022-11-17,2022-11-17,SANDIP MALLIK,Analyst Report; Sales,Analyst Report,,,,active,yes,,https://propalmsnetwork.sharepoint.com/sites/Company/Shared%20Documents/Sales/Sales%20Collateral/Gartner%20Reading%20material/Past%20Symposium%20Presentations%20for%20Reading/Signature%20Series_%20CEO%20Concerns%202022-23%20-%20Implications%20and%20Actions%20for%20CIOs.pdf,b!MW22Pukebk6aWlrjbkWCK27cJOS0bM9OhUq0QE7-doKh1nVGqaB-SKHlnIF7W6dj,01X5UIHT2VHPATSQIN5ZD2FY67WXXGSODW
sales,Gartner Reading material/Past Symposium Presentations for Reading,"Top Data and Analytics Predictions, 2022.pdf",pdf,3.41,2022-11-17,2022-11-17,SANDIP MALLIK,Analyst Report; Sales,Analyst Report,,,,active,yes,,"https://propalmsnetwork.sharepoint.com/sites/Company/Shared%20Documents/Sales/Sales%20Collateral/Gartner%20Reading%20material/Past%20Symposium%20Presentations%20for%20Reading/Top%20Data%20and%20Analytics%20Predictions,%202022.pdf",b!MW22Pukebk6aWlrjbkWCK27cJOS0bM9OhUq0QE7-doKh1nVGqaB-SKHlnIF7W6dj,01X5UIHT2XBABBPOBSFJFYPIWRODKXYZN3
sales,Gartner Reading material/Past Symposium Presentations for Reading,What the Best CX Organizations Do.pdf,pdf,0.73,2022-11-17,2022-11-17,SANDIP MALLIK,Analyst Report; Sales,Analyst Report,,,,active,yes,,https://propalmsnetwork.sharepoint.com/sites/Company/Shared%20Documents/Sales/Sales%20Collateral/Gartner%20Reading%20material/Past%20Symposium%20Presentations%20for%20Reading/What%20the%20Best%20CX%20Organizations%20Do.pdf,b!MW22Pukebk6aWlrjbkWCK27cJOS0bM9OhUq0QE7-doKh1nVGqaB-SKHlnIF7W6dj,01X5UIHT2G4W7K4JAODNAILO36XM4NJFGE
sales,Paid Media_Case Studies,DQ August 2022_NAV BAck Office.pdf,pdf,7.75,2022-09-07,2022-08-16,SANDIP MALLIK,Case Study; Media; Sales,Case Study,Media,,,active,yes,,https://propalmsnetwork.sharepoint.com/sites/Company/Shared%20Documents/Sales/Sales%20Collateral/Paid%20Media_Case%20Studies/DQ%20August%202022_NAV%20BAck%20Office.pdf,b!MW22Pukebk6aWlrjbkWCK27cJOS0bM9OhUq0QE7-doKh1nVGqaB-SKHlnIF7W6dj,01X5UIHT7BHFS474K5M5EJRKWKXUI26P5Q
sales,Paid Media_Case Studies,DQ Dec 2022 _Straive.pdf,pdf,13.44,2025-04-30,2022-12-21,SANDIP MALLIK,Case Study; Media; Sales,Case Study,Media,,,active,yes,,https://propalmsnetwork.sharepoint.com/sites/Company/Shared%20Documents/Sales/Sales%20Collateral/Paid%20Media_Case%20Studies/DQ%20Dec%202022%20_Straive.pdf,b!MW22Pukebk6aWlrjbkWCK27cJOS0bM9OhUq0QE7-doKh1nVGqaB-SKHlnIF7W6dj,01X5UIHT6SPLIYUADDHNE2FHCKVAB6UNMI
sales,Paid Media_Case Studies,DQ February 2023_Shriram Capital.pdf,pdf,11.1,2023-03-23,2023-02-23,SANDIP MALLIK,Case Study; BFSI; Media; Sales,Case Study,BFSI; Media,,,active,yes,,https://propalmsnetwork.sharepoint.com/sites/Company/Shared%20Documents/Sales/Sales%20Collateral/Paid%20Media_Case%20Studies/DQ%20February%202023_Shriram%20Capital.pdf,b!MW22Pukebk6aWlrjbkWCK27cJOS0bM9OhUq0QE7-doKh1nVGqaB-SKHlnIF7W6dj,01X5UIHT244G7WQ2LVZNBIZPKUIFUTEKN3
sales,Paid Media_Case Studies,DQ Nov 2022 _Ecom Express.pdf,pdf,8.88,2022-11-28,2022-11-24,SANDIP MALLIK,Case Study; Media; Sales,Case Study,Media,,,active,yes,,https://propalmsnetwork.sharepoint.com/sites/Company/Shared%20Documents/Sales/Sales%20Collateral/Paid%20Media_Case%20Studies/DQ%20Nov%202022%20_Ecom%20Express.pdf,b!MW22Pukebk6aWlrjbkWCK27cJOS0bM9OhUq0QE7-doKh1nVGqaB-SKHlnIF7W6dj,01X5UIHTZK5FFXKGFH6JCINR2AP4TCZ66P
sales,Paid Media_Case Studies,"The+Economic+Times+-+Mumbai,+6_9_2021.pdf",pdf,0.34,2022-09-07,2021-12-08,SANDIP MALLIK,Case Study; Media; Sales,Case Study,Media,,,active,yes,,"https://propalmsnetwork.sharepoint.com/sites/Company/Shared%20Documents/Sales/Sales%20Collateral/Paid%20Media_Case%20Studies/The+Economic+Times+-+Mumbai,+6_9_2021.pdf",b!MW22Pukebk6aWlrjbkWCK27cJOS0bM9OhUq0QE7-doKh1nVGqaB-SKHlnIF7W6dj,01X5UIHT36LSI4FOLFBZEJ3EF723DGYUU7
sales,Paid Media_Case Studies,The-Shield-September-2022.pdf,pdf,32.08,2022-09-07,2022-09-07,SANDIP MALLIK,Case Study; Media; Sales,Case Study,Media,,,active,yes,,https://propalmsnetwork.sharepoint.com/sites/Company/Shared%20Documents/Sales/Sales%20Collateral/Paid%20Media_Case%20Studies/The-Shield-September-2022.pdf,b!MW22Pukebk6aWlrjbkWCK27cJOS0bM9OhUq0QE7-doKh1nVGqaB-SKHlnIF7W6dj,01X5UIHTY6ZOXQRF3EZVBJU5BY3Z2PH35U
sales,Presentations/Event Presentations,Accops-Event-TechDeck-15min-Sep25.pptx,pptx,11.33,2025-09-14,2026-04-22,Vijender Yadav,Deck; Event; Sales,Deck; Event,,,,active,yes,,https://propalmsnetwork.sharepoint.com/sites/Company/_layouts/15/Doc.aspx?sourcedoc=%7B5BA59082-D862-49FB-932B-7E8E57F96DC2%7D&file=Accops-Event-TechDeck-15min-Sep25.pptx&action=edit&mobileredirect=true,b!MW22Pukebk6aWlrjbkWCK27cJOS0bM9OhUq0QE7-doKh1nVGqaB-SKHlnIF7W6dj,01X5UIHT4CSCSVWYWY7NEZGK36RZL7S3OC
sales,Presentations/Event Presentations,Accops-Global-Event-Deck-45min-Sep25.pptx,pptx,20.98,2025-09-14,2025-09-14,Vijender Yadav,Deck; Event; Sales,Deck; Event,,,,active,yes,,https://propalmsnetwork.sharepoint.com/sites/Company/_layouts/15/Doc.aspx?sourcedoc=%7BB7179B55-BA99-41D5-B597-DF63BD5E5CE1%7D&file=Accops-Global-Event-Deck-45min-Sep25.pptx&action=edit&mobileredirect=true,b!MW22Pukebk6aWlrjbkWCK27cJOS0bM9OhUq0QE7-doKh1nVGqaB-SKHlnIF7W6dj,01X5UIHT2VTML3PGN22VA3LF67MO6V4XHB
sales,Presentations/Event Presentations/CIO Events,14 July Lunch Learn PPT V1.0.pptx,pptx,41.78,2026-07-14,2026-07-14,Hitanshu Aggarwal,Deck; Sales,Deck,,,,active,yes,,https://propalmsnetwork.sharepoint.com/sites/Company/_layouts/15/Doc.aspx?sourcedoc=%7BAB49E06A-4459-4936-8D7B-5EFE2E7A1BF1%7D&file=14%20July%20Lunch%20Learn%20PPT%20V1.0.pptx&action=edit&mobileredirect=true,b!MW22Pukebk6aWlrjbkWCK27cJOS0bM9OhUq0QE7-doKh1nVGqaB-SKHlnIF7W6dj,01X5UIHT3K4BE2WWKEGZEY26267YXHUG7R
sales,Presentations/Event Presentations/CIO Events,Accops-CIOKlub-Event-Deck-1Hour-July2025.pptx,pptx,21.71,2025-08-09,2025-09-19,SANDIP MALLIK,Deck; Event; Sales,Deck; Event,,,,active,yes,,https://propalmsnetwork.sharepoint.com/sites/Company/_layouts/15/Doc.aspx?sourcedoc=%7B7F209FCB-9CD2-4218-8369-DE756A9626AD%7D&file=Accops-CIOKlub-Event-Deck-1Hour-July2025.pptx&action=edit&mobileredirect=true,b!MW22Pukebk6aWlrjbkWCK27cJOS0bM9OhUq0QE7-doKh1nVGqaB-SKHlnIF7W6dj,01X5UIHT6LT4QH7UU4DBBIG2O6OVVJMJVN
sales,Presentations/Event Presentations/CIO Events,CIO Association Event - Mumbai V1.0.pptx,pptx,46.32,2026-07-08,2026-07-08,Vijay Kumar,Deck; Event; Sales,Deck; Event,,,,active,yes,,https://propalmsnetwork.sharepoint.com/sites/Company/_layouts/15/Doc.aspx?sourcedoc=%7BB8EB90E9-C169-4AB4-9A9F-E9F0E7BF6C6F%7D&file=CIO%20Association%20Event%20-%20Mumbai%20V1.0.pptx&action=edit&mobileredirect=true,b!MW22Pukebk6aWlrjbkWCK27cJOS0bM9OhUq0QE7-doKh1nVGqaB-SKHlnIF7W6dj,01X5UIHT7JSDV3Q2OBWRFJVH7J6DT363DP
sales,Presentations/Event Presentations/CIO Events,CIO Event Bangalore V1.0.pptx,pptx,202.14,2026-08-19,2026-08-28,Vijender Yadav,Deck; Event; Sales,Deck; Event,,,,active,yes,,https://propalmsnetwork.sharepoint.com/sites/Company/_layouts/15/Doc.aspx?sourcedoc=%7B7846F8F2-1140-4D90-ADC4-607FA7FBF81E%7D&file=CIO%20Event%20Bangalore%20V1.0.pptx&action=edit&mobileredirect=true,b!MW22Pukebk6aWlrjbkWCK27cJOS0bM9OhUq0QE7-doKh1nVGqaB-SKHlnIF7W6dj,01X5UIHT7S7BDHQQARSBG23RDAP6T7X6A6
sales,Presentations/Event Presentations/CIO Events,CIO Event Chennai V1.0.pptx,pptx,213.35,2026-08-10,2026-08-12,Anurag Pratap,Deck; Event; Sales,Deck; Event,,,,active,yes,,https://propalmsnetwork.sharepoint.com/sites/Company/_layouts/15/Doc.aspx?sourcedoc=%7BAED95658-AA74-4F74-8FD5-C38214C53850%7D&file=CIO%20Event%20Chennai%20V1.0.pptx&action=edit&mobileredirect=true,b!MW22Pukebk6aWlrjbkWCK27cJOS0bM9OhUq0QE7-doKh1nVGqaB-SKHlnIF7W6dj,01X5UIHT2YK3M245FKORHY7VODQIKMKOCQ
sales,Presentations/Event Presentations/CIO Events,CIO Event Hyderabad V1.0.pptx,pptx,158.0,2026-07-29,2026-08-21,Vijay Kumar,Deck; Event; Sales,Deck; Event,,,,active,yes,,https://propalmsnetwork.sharepoint.com/sites/Company/_layouts/15/Doc.aspx?sourcedoc=%7BDA8D6406-AE14-4A0E-929C-01C19CE26EF0%7D&file=CIO%20Event%20Hyderabad%20V1.0.pptx&action=edit&mobileredirect=true,b!MW22Pukebk6aWlrjbkWCK27cJOS0bM9OhUq0QE7-doKh1nVGqaB-SKHlnIF7W6dj,01X5UIHTYGMSG5UFFOBZFJFHABYGOOE3XQ
sales,Presentations/Event Presentations/CIO Events,CIO Event Kolkata V1.0.pptx,pptx,56.57,2026-07-16,2026-08-01,Vijay Kumar,Deck; Event; Sales,Deck; Event,,,,active,yes,,https://propalmsnetwork.sharepoint.com/sites/Company/_layouts/15/Doc.aspx?sourcedoc=%7B1DB71BEB-220D-4A97-9019-DBA541BB446F%7D&file=CIO%20Event%20Kolkata%20V1.0.pptx&action=edit&mobileredirect=true,b!MW22Pukebk6aWlrjbkWCK27cJOS0bM9OhUq0QE7-doKh1nVGqaB-SKHlnIF7W6dj,01X5UIHT7LDO3R2DJCS5FJAGO3UVA3WRDP
sales,Presentations/Event Presentations/CIO Events,CIO Event Mumbai V2.0.pptx,pptx,59.19,2026-07-09,2026-07-28,Hitanshu Aggarwal,Deck; Event; Sales,Deck; Event,,,,active,yes,,https://propalmsnetwork.sharepoint.com/sites/Company/_layouts/15/Doc.aspx?sourcedoc=%7B2010475F-6F63-4BE0-AA57-261DADB95814%7D&file=CIO%20Event%20Mumbai%20V2.0.pptx&action=edit&mobileredirect=true,b!MW22Pukebk6aWlrjbkWCK27cJOS0bM9OhUq0QE7-doKh1nVGqaB-SKHlnIF7W6dj,01X5UIHT27I4ICAY3P4BF2UVZGDWW3SWAU
sales,Presentations/Event Presentations/CIO Events,CIO Event Pune V1.0.pptx,pptx,219.56,2026-08-05,2026-08-21,Vijay Kumar,Deck; Event; Sales,Deck; Event,,,,active,yes,,https://propalmsnetwork.sharepoint.com/sites/Company/_layouts/15/Doc.aspx?sourcedoc=%7B9A92B80C-BA12-4706-B55C-D1232B8FA8DF%7D&file=CIO%20Event%20Pune%20V1.0.pptx&action=edit&mobileredirect=true,b!MW22Pukebk6aWlrjbkWCK27cJOS0bM9OhUq0QE7-doKh1nVGqaB-SKHlnIF7W6dj,01X5UIHTYMXCJJUEV2AZD3KXGREMVY7KG7
sales,Presentations/Event Presentations/CIO Events,CIO Event in Srilanka - July 2026.pptx,pptx,46.32,2026-07-08,2026-07-08,Vijender Yadav,Deck; Event; Sales,Deck; Event,,,,active,yes,,https://propalmsnetwork.sharepoint.com/sites/Company/_layouts/15/Doc.aspx?sourcedoc=%7B774BB8D7-9072-4AA4-A01D-73007137B164%7D&file=CIO%20Event%20in%20Srilanka%20-%20July%202026.pptx&action=edit&mobileredirect=true,b!MW22Pukebk6aWlrjbkWCK27cJOS0bM9OhUq0QE7-doKh1nVGqaB-SKHlnIF7W6dj,01X5UIHT6XXBFXO4UQURFKAHLTABYTPMLE
sales,Presentations/Event Presentations/CIO Events,CXO Event PPT Into the Wild.pptx,pptx,23.76,2026-06-18,2026-06-24,Vijay Kumar,Deck; Event; Sales,Deck; Event,,,,active,yes,,https://propalmsnetwork.sharepoint.com/sites/Company/_layouts/15/Doc.aspx?sourcedoc=%7BDE543068-7436-473C-90B6-B319C1B524FA%7D&file=CXO%20Event%20PPT%20Into%20the%20Wild.pptx&action=edit&mobileredirect=true,b!MW22Pukebk6aWlrjbkWCK27cJOS0bM9OhUq0QE7-doKh1nVGqaB-SKHlnIF7W6dj,01X5UIHT3IGBKN4NTUHRDZBNVTDHA3KJH2
sales,Presentations/Event Presentations/CIO Events,TeamComp-CXO Goa Event_Accops June2026-v2.pptx,pptx,23.77,2026-06-05,2026-06-05,Vijender Yadav,Deck; Event; Sales,Deck; Event,,,,active,yes,,https://propalmsnetwork.sharepoint.com/sites/Company/_layouts/15/Doc.aspx?sourcedoc=%7B9734A4D8-77FC-4A72-83E4-2D8E3EF08334%7D&file=TeamComp-CXO%20Goa%20Event_Accops%20June2026-v2.pptx&action=edit&mobileredirect=true,b!MW22Pukebk6aWlrjbkWCK27cJOS0bM9OhUq0QE7-doKh1nVGqaB-SKHlnIF7W6dj,01X5UIHT6YUQ2JP7DXOJFIHZBNRY7PBAZU
sales,Presentations/Event Presentations/CISO Events,ET CISO PPT 25th June (15mins).pptx,pptx,85.84,2026-06-23,2026-06-24,Vijender Yadav,Deck; Certification; Sales,Deck; Certification,,,,active,yes,,https://propalmsnetwork.sharepoint.com/sites/Company/_layouts/15/Doc.aspx?sourcedoc=%7BF1A0FA50-5D41-4D32-AAEF-06F4B17DD643%7D&file=ET%20CISO%20PPT%2025th%20June%20(15mins).pptx&action=edit&mobileredirect=true,b!MW22Pukebk6aWlrjbkWCK27cJOS0bM9OhUq0QE7-doKh1nVGqaB-SKHlnIF7W6dj,01X5UIHT2Q7KQPCQK5GJG2V3YG6SYX3VSD
sales,Presentations/Event Presentations/CISO Events,ETCISO Decrypt-June 2025.pptx,pptx,65.57,2025-07-14,2025-11-30,Vijender Yadav,Deck; Certification; Sales,Deck; Certification,,,,active,yes,,https://propalmsnetwork.sharepoint.com/sites/Company/_layouts/15/Doc.aspx?sourcedoc=%7BD1371B34-1C0D-4947-B334-90DA01DEE675%7D&file=ETCISO%20Decrypt-June%202025.pptx&action=edit&mobileredirect=true,b!MW22Pukebk6aWlrjbkWCK27cJOS0bM9OhUq0QE7-doKh1nVGqaB-SKHlnIF7W6dj,01X5UIHTZUDM35CDI4I5E3GNEQ3IA55ZTV
sales,Presentations/Event Presentations/CISO Events,IBA CISO Summit Deck -May 2025. V2.pptx,pptx,63.23,2025-07-14,2025-06-02,SANDIP MALLIK,Deck; Event; Certification; Sales,Deck; Event; Certification,,,,active,yes,,https://propalmsnetwork.sharepoint.com/sites/Company/_layouts/15/Doc.aspx?sourcedoc=%7B294D8E9E-483B-4A8B-8FD5-4B5A19E86082%7D&file=IBA%20CISO%20Summit%20Deck%20-May%202025.%20V2.pptx&action=edit&mobileredirect=true,b!MW22Pukebk6aWlrjbkWCK27cJOS0bM9OhUq0QE7-doKh1nVGqaB-SKHlnIF7W6dj,01X5UIHT46RZGSSO2IRNFI7VKLLIM6QYEC
sales,Presentations/Event Presentations/Customer Workshops,TCS Deck V1.0 All Products 080726.pptx,pptx,53.59,2026-07-08,2026-07-08,Vijay Kumar,Deck; Sales,Deck,,,,active,yes,,https://propalmsnetwork.sharepoint.com/sites/Company/_layouts/15/Doc.aspx?sourcedoc=%7B9703023D-5F68-47E8-8B9B-E890525836B9%7D&file=TCS%20Deck%20V1.0%20All%20Products%20080726.pptx&action=edit&mobileredirect=true,b!MW22Pukebk6aWlrjbkWCK27cJOS0bM9OhUq0QE7-doKh1nVGqaB-SKHlnIF7W6dj,01X5UIHTZ5AIBZO2C75BDYXG7ISBJFQNVZ
sales,Presentations/Event Presentations/Customer Workshops/HDFC Bank,251029-Confidential-Accops-CustomerWorkshop-Event-Deck-2Hour-HDFC.pptx,pptx,41.87,2025-10-30,2025-11-13,SANDIP MALLIK,Deck; Event; BFSI; Sales,Deck; Event,BFSI,,,active,yes,,https://propalmsnetwork.sharepoint.com/sites/Company/_layouts/15/Doc.aspx?sourcedoc=%7BD45D00F4-E18A-4FAE-A36B-1A1C6A5B514D%7D&file=251029-Confidential-Accops-CustomerWorkshop-Event-Deck-2Hour-HDFC.pptx&action=edit&mobileredirect=true,b!MW22Pukebk6aWlrjbkWCK27cJOS0bM9OhUq0QE7-doKh1nVGqaB-SKHlnIF7W6dj,01X5UIHT7UABO5JCXBVZH2G2Y2DRVFWUKN
sales,Presentations/Event Presentations/Customer Workshops/HDFC Bank,251029-Sharable-Accops-CustomerWorkshop-Event-Deck-2Hour-HDFC.pptx,pptx,36.76,2025-11-02,2025-11-02,Vijender Yadav,Deck; Event; BFSI; Sales,Deck; Event,BFSI,,,active,yes,,https://propalmsnetwork.sharepoint.com/sites/Company/_layouts/15/Doc.aspx?sourcedoc=%7BFB51136E-5FEC-4A1D-9A74-27D9CEB37C53%7D&file=251029-Sharable-Accops-CustomerWorkshop-Event-Deck-2Hour-HDFC.pptx&action=edit&mobileredirect=true,b!MW22Pukebk6aWlrjbkWCK27cJOS0bM9OhUq0QE7-doKh1nVGqaB-SKHlnIF7W6dj,01X5UIHT3OCNI7X3C7DVFJU5BH3HHLG7CT
sales,Presentations/Event Presentations/Distributor-Partner Events,Savex_Accops Partner 20 Mins 3rd June.pptx,pptx,22.19,2026-06-09,2026-06-09,Harsha M,Deck; Sales,Deck,,,,active,yes,,https://propalmsnetwork.sharepoint.com/sites/Company/_layouts/15/Doc.aspx?sourcedoc=%7B9B457A9C-B8EB-47B8-A473-EDCCD1448116%7D&file=Savex_Accops%20Partner%2020%20Mins%203rd%20June.pptx&action=edit&mobileredirect=true,b!MW22Pukebk6aWlrjbkWCK27cJOS0bM9OhUq0QE7-doKh1nVGqaB-SKHlnIF7W6dj,01X5UIHT44PJCZX25YXBD2I47NZTIUJAIW
sales,Presentations/Event Presentations/Distributor-Partner Events,Savex_Accops Partner 30 mins 2026.pptx,pptx,24.97,2026-05-19,2026-05-27,Hitanshu Aggarwal,Deck; Sales,Deck,,,,active,yes,,https://propalmsnetwork.sharepoint.com/sites/Company/_layouts/15/Doc.aspx?sourcedoc=%7BB1323A6A-3FD1-4780-B90B-FAACFDC822C7%7D&file=Savex_Accops%20Partner%2030%20mins%202026.pptx&action=edit&mobileredirect=true,b!MW22Pukebk6aWlrjbkWCK27cJOS0bM9OhUq0QE7-doKh1nVGqaB-SKHlnIF7W6dj,01X5UIHT3KHIZLDUJ7QBD3SC72VT64QIWH
sales,Presentations/Event Presentations/Distributor-Partner Events,Savex_Talks _Accops Partner May 2026.pptx,pptx,27.36,2026-05-18,2026-05-18,Harsha M,Deck; Sales,Deck,,,,active,yes,,https://propalmsnetwork.sharepoint.com/sites/Company/_layouts/15/Doc.aspx?sourcedoc=%7B6346BA9D-A51B-4E7B-875B-76B92719DB67%7D&file=Savex_Talks%20_Accops%20Partner%20May%202026.pptx&action=edit&mobileredirect=true,b!MW22Pukebk6aWlrjbkWCK27cJOS0bM9OhUq0QE7-doKh1nVGqaB-SKHlnIF7W6dj,01X5UIHT45XJDGGG5FPNHIOW3WXETRTW3H
sales,Presentations/Event Presentations/Forcepoint,Accops_Forcepoint_Webinar_v03.pptx,pptx,111.8,2026-07-01,2026-07-01,Vijender Yadav,Deck; Webinar; Forcepoint; Sales,Deck; Webinar,,,Forcepoint,active,yes,,https://propalmsnetwork.sharepoint.com/sites/Company/_layouts/15/Doc.aspx?sourcedoc=%7B5635D141-9143-4EF7-8632-5078F8F3FF83%7D&file=Accops_Forcepoint_Webinar_v03.pptx&action=edit&mobileredirect=true,b!MW22Pukebk6aWlrjbkWCK27cJOS0bM9OhUq0QE7-doKh1nVGqaB-SKHlnIF7W6dj,01X5UIHT2B2E2VMQ4R65HIMMSQPD4PH74D
sales,Presentations/Event Presentations/Forcepoint,Accops_Forcepoint_Webinar_v04.pptx,pptx,81.28,2026-07-01,2026-07-01,Hitanshu Aggarwal,Deck; Webinar; Forcepoint; Sales,Deck; Webinar,,,Forcepoint,active,yes,,https://propalmsnetwork.sharepoint.com/sites/Company/_layouts/15/Doc.aspx?sourcedoc=%7B3C5A7E90-7920-4244-BCCC-0D2611C8CAC5%7D&file=Accops_Forcepoint_Webinar_v04.pptx&action=edit&mobileredirect=true,b!MW22Pukebk6aWlrjbkWCK27cJOS0bM9OhUq0QE7-doKh1nVGqaB-SKHlnIF7W6dj,01X5UIHT4QPZNDYIDZIRBLZTANEYI4RSWF
sales,Presentations/Event Presentations/Generic Thought Leadership Events,Accops - Gartner Digital Workplace Summit_Japan 29th Aug - v7.pptx,pptx,19.76,2025-08-05,2025-08-05,Vijender Yadav,Deck; Event; Analyst Report; Sales,Deck; Event; Analyst Report,,,,active,yes,,https://propalmsnetwork.sharepoint.com/sites/Company/_layouts/15/Doc.aspx?sourcedoc=%7BE47780D5-32A2-4B14-8FDA-430CFEFC22FC%7D&file=Accops%20-%20Gartner%20Digital%20Workplace%20Summit_Japan%2029th%20Aug%20-%20v7.pptx&action=edit&mobileredirect=true,b!MW22Pukebk6aWlrjbkWCK27cJOS0bM9OhUq0QE7-doKh1nVGqaB-SKHlnIF7W6dj,01X5UIHT6VQB36JIRSCRFY7WSDBT7PYIX4
sales,Presentations/Event Presentations/Generic Thought Leadership Events,Accops ProcureCon PPT May 2026.pptx,pptx,7.72,2026-05-18,2026-05-19,Vijender Yadav,Deck; Sales,Deck,,,,active,yes,,https://propalmsnetwork.sharepoint.com/sites/Company/_layouts/15/Doc.aspx?sourcedoc=%7BBE196948-ECFD-4765-B63E-5176DF2921AF%7D&file=Accops%20ProcureCon%20PPT%20May%202026.pptx&action=edit&mobileredirect=true,b!MW22Pukebk6aWlrjbkWCK27cJOS0bM9OhUq0QE7-doKh1nVGqaB-SKHlnIF7W6dj,01X5UIHT2INEM357PMMVD3MPSRO3PSSINP
sales,Presentations/Event Presentations/Generic Thought Leadership Events,Gates Bali Event PPT V1.0.pptx,pptx,34.52,2026-07-14,2026-08-03,Vijay Kumar,Deck; Event; Sales,Deck; Event,,,,active,yes,,https://propalmsnetwork.sharepoint.com/sites/Company/_layouts/15/Doc.aspx?sourcedoc=%7BACA7FB7F-F03F-4B6E-8EBC-735A87981141%7D&file=Gates%20Bali%20Event%20PPT%20V1.0.pptx&action=edit&mobileredirect=true,b!MW22Pukebk6aWlrjbkWCK27cJOS0bM9OhUq0QE7-doKh1nVGqaB-SKHlnIF7W6dj,01X5UIHT377OT2YP7QNZFY5PDTLKDZQEKB
sales,Presentations/Event Presentations/Generic Thought Leadership Events,Nigeria Event PPT V1.0.pptx,pptx,42.2,2026-08-03,2026-09-01,Tapan Gohel,Deck; Event; Sales,Deck; Event,,,,active,yes,,https://propalmsnetwork.sharepoint.com/sites/Company/_layouts/15/Doc.aspx?sourcedoc=%7B3D427725-00AD-4F5F-B4A5-751198B3DBE7%7D&file=Nigeria%20Event%20PPT%20V1.0.pptx&action=edit&mobileredirect=true,b!MW22Pukebk6aWlrjbkWCK27cJOS0bM9OhUq0QE7-doKh1nVGqaB-SKHlnIF7W6dj,01X5UIHTZFO5BD3LIAL5H3JJLVCGMLHW7H
sales,Presentations/Event Presentations/Government Events,Accops Gov deck - GovSec - April 206.pptx.pptx,pptx,11.88,2026-04-21,2026-04-23,Vijender Yadav,Deck; Government; Sales,Deck,Government,,,active,yes,,https://propalmsnetwork.sharepoint.com/sites/Company/_layouts/15/Doc.aspx?sourcedoc=%7B51753244-E55E-4FEE-836E-01EF18D0F9DD%7D&file=Accops%20Gov%20deck%20-%20GovSec%20-%20April%20206.pptx.pptx&action=edit&mobileredirect=true,b!MW22Pukebk6aWlrjbkWCK27cJOS0bM9OhUq0QE7-doKh1nVGqaB-SKHlnIF7W6dj,01X5UIHT2EGJ2VCXXF5ZHYG3QB54MNB6O5
sales,Presentations/Event Presentations/Government Events,Accops GovSec VDI deck - April 206.pptx.pptx,pptx,10.6,2026-04-22,2026-04-23,Vijender Yadav,Deck; Government; VDI; Sales,Deck,Government,VDI,,active,yes,,https://propalmsnetwork.sharepoint.com/sites/Company/_layouts/15/Doc.aspx?sourcedoc=%7B731219C0-66E2-4090-8444-CF483CE47A97%7D&file=Accops%20GovSec%20VDI%20deck%20-%20April%20206.pptx.pptx&action=edit&mobileredirect=true,b!MW22Pukebk6aWlrjbkWCK27cJOS0bM9OhUq0QE7-doKh1nVGqaB-SKHlnIF7W6dj,01X5UIHT6ADEJHHYTGSBAIIRGPJA6OI6UX
sales,Presentations/Event Presentations/Government Events,Accops-Defense-Event-20min-01Dec25.pptx,pptx,27.45,2026-08-02,2026-08-02,Vijender Yadav,Deck; Event; Government; Sales,Deck; Event,Government,,,active,yes,,https://propalmsnetwork.sharepoint.com/sites/Company/_layouts/15/Doc.aspx?sourcedoc=%7B820EA2E5-96E5-4DA5-8E83-402EC0405813%7D&file=Accops-Defense-Event-20min-01Dec25.pptx&action=edit&mobileredirect=true,b!MW22Pukebk6aWlrjbkWCK27cJOS0bM9OhUq0QE7-doKh1nVGqaB-SKHlnIF7W6dj,01X5UIHT7FUIHIFZMWUVGY5A2AF3AEAWAT
sales,Presentations/Event Presentations/Government Events,Accops-Govt-Intro-ZTNA-2Hours-NIC-May-2025.pptx,pptx,19.92,2025-07-17,2025-07-17,Vijender Yadav,Deck; Government; ZTNA; Sales,Deck,Government,ZTNA,,active,yes,,https://propalmsnetwork.sharepoint.com/sites/Company/_layouts/15/Doc.aspx?sourcedoc=%7B93FB47AF-1FFA-49CA-A081-56428743C3E7%7D&file=Accops-Govt-Intro-ZTNA-2Hours-NIC-May-2025.pptx&action=edit&mobileredirect=true,b!MW22Pukebk6aWlrjbkWCK27cJOS0bM9OhUq0QE7-doKh1nVGqaB-SKHlnIF7W6dj,01X5UIHT5PI75ZH6Q7ZJE2BAKWIKDUHQ7H
sales,Presentations/Event Presentations/Government Events,Accops-GovtCustomer-Workshop-ZeroTrust-GTRE-2HourSession-June2025.pptx,pptx,21.98,2025-07-17,2025-10-13,Vijender Yadav,Deck; Government; Sales,Deck,Government,,,active,yes,,https://propalmsnetwork.sharepoint.com/sites/Company/_layouts/15/Doc.aspx?sourcedoc=%7B2932262F-08A0-417D-8214-1A1CA227C276%7D&file=Accops-GovtCustomer-Workshop-ZeroTrust-GTRE-2HourSession-June2025.pptx&action=edit&mobileredirect=true,b!MW22Pukebk6aWlrjbkWCK27cJOS0bM9OhUq0QE7-doKh1nVGqaB-SKHlnIF7W6dj,01X5UIHTZPEYZCTIAIPVAYEFA2DSRCPQTW
sales,Presentations/Event Presentations/Nutanix,Accops Intro for Nutanix event_23rd Sept_V4.pptx,pptx,18.94,2025-09-23,2026-01-15,Vijender Yadav,Deck; Event; Nutanix; Sales,Deck; Event,,Nutanix,,active,yes,,https://propalmsnetwork.sharepoint.com/sites/Company/_layouts/15/Doc.aspx?sourcedoc=%7B113E4033-5F3D-4D14-9ECE-0B9734F8B8B0%7D&file=Accops%20Intro%20for%20Nutanix%20event_23rd%20Sept_V4.pptx&action=edit&mobileredirect=true,b!MW22Pukebk6aWlrjbkWCK27cJOS0bM9OhUq0QE7-doKh1nVGqaB-SKHlnIF7W6dj,01X5UIHTZTIA7BCPK7CRGZ5TQLS42PROFQ
sales,Presentations/Event Presentations/Nutanix,Accops Nutanix .Next Tokyo 2026 - English v4.pptx,pptx,0.03,2026-08-26,2026-08-27,Vijay Kumar,Deck; Nutanix; Sales,Deck,,Nutanix,,active,yes,,https://propalmsnetwork.sharepoint.com/sites/Company/_layouts/15/Doc.aspx?sourcedoc=%7B7874E4B8-6AE5-4675-8718-B06B4CCBAA00%7D&file=Accops%20Nutanix%20.Next%20Tokyo%202026%20-%20English%20v4.pptx&action=edit&mobileredirect=true,b!MW22Pukebk6aWlrjbkWCK27cJOS0bM9OhUq0QE7-doKh1nVGqaB-SKHlnIF7W6dj,01X5UIHT5Y4R2HRZLKOVDIOGFQNNGMXKQA
sales,Presentations/Event Presentations/Nutanix,Accops Nutanix .Next Tokyo 2026 - Japanese v2.pptx,pptx,25.24,2026-08-23,2026-08-23,Vijender Yadav,Deck; Nutanix; Sales,Deck,,Nutanix,,active,yes,,https://propalmsnetwork.sharepoint.com/sites/Company/_layouts/15/Doc.aspx?sourcedoc=%7BCA8CDFD2-C0A2-4D69-B996-A3076142F127%7D&file=Accops%20Nutanix%20.Next%20Tokyo%202026%20-%20Japanese%20v2.pptx&action=edit&mobileredirect=true,b!MW22Pukebk6aWlrjbkWCK27cJOS0bM9OhUq0QE7-doKh1nVGqaB-SKHlnIF7W6dj,01X5UIHT6S36GMVIWANFG3TFVDA5QUF4JH
sales,Presentations/Event Presentations/Nutanix,Accops Nutanix .Next Tokyo 2026 - Japanese v4 with Videos.pptx,pptx,136.86,2026-08-26,2026-09-01,Vijender Yadav,Deck; Nutanix; Sales,Deck,,Nutanix,,active,yes,,https://propalmsnetwork.sharepoint.com/sites/Company/_layouts/15/Doc.aspx?sourcedoc=%7B07D3CF36-4689-44AE-8785-946EFC372B37%7D&file=Accops%20Nutanix%20.Next%20Tokyo%202026%20-%20Japanese%20v4%20with%20Videos.pptx&action=edit&mobileredirect=true,b!MW22Pukebk6aWlrjbkWCK27cJOS0bM9OhUq0QE7-doKh1nVGqaB-SKHlnIF7W6dj,01X5UIHTZWZ7JQPCKGVZCIPBMUN36DOKZX
sales,Presentations/Event Presentations/Nutanix,Accops Why VDI for Nutanix Partners.pptx,pptx,10.1,2025-07-11,2026-01-15,Vijender Yadav,Deck; VDI; Nutanix; Sales,Deck,,VDI; Nutanix,,active,yes,,https://propalmsnetwork.sharepoint.com/sites/Company/_layouts/15/Doc.aspx?sourcedoc=%7B17019B2A-0B17-4D4F-9CA2-88034D60041A%7D&file=Accops%20Why%20VDI%20for%20Nutanix%20Partners.pptx&action=edit&mobileredirect=true,b!MW22Pukebk6aWlrjbkWCK27cJOS0bM9OhUq0QE7-doKh1nVGqaB-SKHlnIF7W6dj,01X5UIHTZKTMAROFYLJ5GZZIUIANGWABA2
sales,Presentations/Event Presentations/Nutanix,Accops-NutanixDotNext-When VDI Is Not Enough-V6.pptx,pptx,12.49,2026-04-21,2026-04-23,Vijender Yadav,Deck; VDI; Nutanix; Sales,Deck,,VDI; Nutanix,,active,yes,,https://propalmsnetwork.sharepoint.com/sites/Company/_layouts/15/Doc.aspx?sourcedoc=%7B4271D5EB-9BAB-4844-A312-3BF0C30CF21F%7D&file=Accops-NutanixDotNext-When%20VDI%20Is%20Not%20Enough-V6.pptx&action=edit&mobileredirect=true,b!MW22Pukebk6aWlrjbkWCK27cJOS0bM9OhUq0QE7-doKh1nVGqaB-SKHlnIF7W6dj,01X5UIHT7L2VYUFK43IREKGER36DBQZ4Q7
sales,Presentations/Event Presentations/Sales bootcamp,v2026-05-16-Accops Partner CXO.pptx,pptx,27.28,2026-05-16,2026-08-02,Vijender Yadav,Deck; Sales,Deck,,,,active,yes,,https://propalmsnetwork.sharepoint.com/sites/Company/_layouts/15/Doc.aspx?sourcedoc=%7B1A974227-777C-460F-844D-132F07698DE7%7D&file=v2026-05-16-Accops%20Partner%20CXO.pptx&action=edit&mobileredirect=true,b!MW22Pukebk6aWlrjbkWCK27cJOS0bM9OhUq0QE7-doKh1nVGqaB-SKHlnIF7W6dj,01X5UIHTZHIKLRU7DXB5DIITITF4DWTDPH
sales,Presentations/Event Presentations/Sales bootcamp,v2026-05-16-PUBLIC-SHARABLE Accops Partner CXO.pptx,pptx,20.07,2026-05-15,2026-06-05,Vijender Yadav,Deck; Sales,Deck,,,,active,yes,,https://propalmsnetwork.sharepoint.com/sites/Company/_layouts/15/Doc.aspx?sourcedoc=%7BD9B4140A-1522-4256-AE6A-117AAEEF8E1E%7D&file=v2026-05-16-PUBLIC-SHARABLE%20Accops%20Partner%20CXO.pptx&action=edit&mobileredirect=true,b!MW22Pukebk6aWlrjbkWCK27cJOS0bM9OhUq0QE7-doKh1nVGqaB-SKHlnIF7W6dj,01X5UIHTYKCS2NSIQVKZBK42QRPKXO7DQ6
sales,Presentations/Event Presentations/Sales bootcamp,v2026-05-16-PUBLIC-SHARABLE-Accops Partner Bootcamp Event Deck 4Hour 2026.pptx,pptx,50.44,2026-05-15,2026-06-30,Samhita TV,Deck; Event; Sales,Deck; Event,,,,active,yes,,https://propalmsnetwork.sharepoint.com/sites/Company/_layouts/15/Doc.aspx?sourcedoc=%7B2B66AE78-EC8A-4D29-B364-0641EC185F59%7D&file=v2026-05-16-PUBLIC-SHARABLE-Accops%20Partner%20Bootcamp%20Event%20Deck%204Hour%202026.pptx&action=edit&mobileredirect=true,b!MW22Pukebk6aWlrjbkWCK27cJOS0bM9OhUq0QE7-doKh1nVGqaB-SKHlnIF7W6dj,01X5UIHT3YVZTCXCXMFFG3GZAGIHWBQX2Z
sales,Presentations/Event Presentations/Sales bootcamp,v2026-06-30-Confidential-Accops Partner Bootcamp Event Deck 4Hour 2026- Final Version - Public .pptx,pptx,84.71,2026-09-04,2026-09-04,Samhita TV,Deck; Event; Sales,Deck; Event,,,,active,yes,,https://propalmsnetwork.sharepoint.com/sites/Company/_layouts/15/Doc.aspx?sourcedoc=%7B5095F46B-815C-419D-B1A7-659DBE73C5C4%7D&file=v2026-06-30-Confidential-Accops%20Partner%20Bootcamp%20Event%20Deck%204Hour%202026-%20Final%20Version%20-%20Public%20.pptx&action=edit&mobileredirect=true,b!MW22Pukebk6aWlrjbkWCK27cJOS0bM9OhUq0QE7-doKh1nVGqaB-SKHlnIF7W6dj,01X5UIHT3L6SKVAXEBTVA3DJ3FTW7HHROE
sales,Presentations/Event Presentations/Sales bootcamp,v2026-06-30-Confidential-Accops Partner Bootcamp Event Deck 4Hour 2026- Final Version.pptx,pptx,87.5,2026-07-09,2026-09-04,Hitanshu Aggarwal,Deck; Event; Sales,Deck; Event,,,,active,yes,,https://propalmsnetwork.sharepoint.com/sites/Company/_layouts/15/Doc.aspx?sourcedoc=%7BA6A2D253-C603-424E-8E5A-CF2FDF4871EB%7D&file=v2026-06-30-Confidential-Accops%20Partner%20Bootcamp%20Event%20Deck%204Hour%202026-%20Final%20Version.pptx&action=edit&mobileredirect=true,b!MW22Pukebk6aWlrjbkWCK27cJOS0bM9OhUq0QE7-doKh1nVGqaB-SKHlnIF7W6dj,01X5UIHT2T2KRKMA6GJZBI4WWPF7PUQ4PL
sales,Presentations/Event Presentations/Sales bootcamp/Dubai Partner Summit 2026,Public Version v2026-06-22-MEA-Accops Partner CXO MEA.pptx,pptx,22.97,2026-06-26,2026-06-26,Hitanshu Aggarwal,Deck; Sales,Deck,,,,active,yes,,https://propalmsnetwork.sharepoint.com/sites/Company/_layouts/15/Doc.aspx?sourcedoc=%7B2A278D35-4A08-4B1D-B5B6-AF85356CB2A5%7D&file=Public%20Version%20v2026-06-22-MEA-Accops%20Partner%20CXO%20MEA.pptx&action=edit&mobileredirect=true,b!MW22Pukebk6aWlrjbkWCK27cJOS0bM9OhUq0QE7-doKh1nVGqaB-SKHlnIF7W6dj,01X5UIHTZVRUTSUCCKDVF3LNVPQU2WZMVF
sales,Presentations/Event Presentations/Sales bootcamp/Dubai Partner Summit 2026,Public Version v2026-06-22-MEA-Confidential-Accops Partner Bootcamp Event Deck 4Hour 2026.pptx,pptx,57.91,2026-06-26,2026-06-26,Hitanshu Aggarwal,Deck; Event; Sales,Deck; Event,,,,active,yes,,https://propalmsnetwork.sharepoint.com/sites/Company/_layouts/15/Doc.aspx?sourcedoc=%7B0955CBB5-9A4C-424E-8335-A40D4013D7DE%7D&file=Public%20Version%20v2026-06-22-MEA-Confidential-Accops%20Partner%20Bootcamp%20Event%20Deck%204Hour%202026.pptx&action=edit&mobileredirect=true,b!MW22Pukebk6aWlrjbkWCK27cJOS0bM9OhUq0QE7-doKh1nVGqaB-SKHlnIF7W6dj,01X5UIHT5VZNKQSTE2JZBIGNNEBVABHV66
sales,Presentations/Event Presentations/Sales bootcamp/Dubai Partner Summit 2026,v2026-06-22-MEA-Accops Partner CXO MEA.pptx,pptx,43.49,2026-06-24,2026-07-03,Vijender Yadav,Deck; Sales,Deck,,,,active,yes,,https://propalmsnetwork.sharepoint.com/sites/Company/_layouts/15/Doc.aspx?sourcedoc=%7B96EBD3A0-0EDF-40E6-9626-C62747395449%7D&file=v2026-06-22-MEA-Accops%20Partner%20CXO%20MEA.pptx&action=edit&mobileredirect=true,b!MW22Pukebk6aWlrjbkWCK27cJOS0bM9OhUq0QE7-doKh1nVGqaB-SKHlnIF7W6dj,01X5UIHT5A2PVZNXYO4ZAJMJWGE5DTSVCJ
sales,Presentations/Event Presentations/Sales bootcamp/Dubai Partner Summit 2026,v2026-06-22-MEA-Confidential-Accops Partner Bootcamp Event Deck 4Hour 2026.pptx,pptx,67.59,2026-06-24,2026-07-09,Samhita TV,Deck; Event; Sales,Deck; Event,,,,active,yes,,https://propalmsnetwork.sharepoint.com/sites/Company/_layouts/15/Doc.aspx?sourcedoc=%7B19309400-D202-43EE-B7E4-061CB1584E26%7D&file=v2026-06-22-MEA-Confidential-Accops%20Partner%20Bootcamp%20Event%20Deck%204Hour%202026.pptx&action=edit&mobileredirect=true,b!MW22Pukebk6aWlrjbkWCK27cJOS0bM9OhUq0QE7-doKh1nVGqaB-SKHlnIF7W6dj,01X5UIHTYASQYBSAWS5ZB3PZAGDSYVQTRG
sales,Presentations/Event Presentations/Sales bootcamp/Dubai Partner Summit 2026/_archived,v2026-06-15-Accops Partner CXO MEA.pptx,pptx,16.3,2026-06-15,2026-06-17,Vijay Kumar,Deck; Sales; Archived,Deck,,,,archived,no,archive/draft folder,https://propalmsnetwork.sharepoint.com/sites/Company/_layouts/15/Doc.aspx?sourcedoc=%7BF31EE745-8170-4FDA-B656-4AFBCB22E459%7D&file=v2026-06-15-Accops%20Partner%20CXO%20MEA.pptx&action=edit&mobileredirect=true,b!MW22Pukebk6aWlrjbkWCK27cJOS0bM9OhUq0QE7-doKh1nVGqaB-SKHlnIF7W6dj,01X5UIHT2F44PPG4EB3JH3MVSK7PFSFZCZ
sales,Presentations/Event Presentations/Sales bootcamp/Dubai Partner Summit 2026/_archived,v2026-06-15-Confidential-Accops Partner Bootcamp Event Deck 4Hour 2026.pptx,pptx,48.49,2026-06-15,2026-07-28,Vijay Kumar,Deck; Event; Sales; Archived,Deck; Event,,,,archived,no,archive/draft folder,https://propalmsnetwork.sharepoint.com/sites/Company/_layouts/15/Doc.aspx?sourcedoc=%7B01AD5B60-5F6B-4605-8202-4D14D747DA8C%7D&file=v2026-06-15-Confidential-Accops%20Partner%20Bootcamp%20Event%20Deck%204Hour%202026.pptx&action=edit&mobileredirect=true,b!MW22Pukebk6aWlrjbkWCK27cJOS0bM9OhUq0QE7-doKh1nVGqaB-SKHlnIF7W6dj,01X5UIHT3ALOWQC227AVDIEASNCTLUPWUM
sales,Presentations/Event Presentations/Sales bootcamp/Japan/Japan 2025,1009-Accops-ForJapan-ENG-PartnerBootcamp-Event-Deck-4Hour-Oct2025.pptx,pptx,51.89,2025-10-09,2026-07-17,Vijender Yadav,Deck; Event; Sales,Deck; Event,,,,active,yes,,https://propalmsnetwork.sharepoint.com/sites/Company/_layouts/15/Doc.aspx?sourcedoc=%7B99926E3A-C1FF-4F78-9943-6C528CF7663D%7D&file=1009-Accops-ForJapan-ENG-PartnerBootcamp-Event-Deck-4Hour-Oct2025.pptx&action=edit&mobileredirect=true,b!MW22Pukebk6aWlrjbkWCK27cJOS0bM9OhUq0QE7-doKh1nVGqaB-SKHlnIF7W6dj,01X5UIHTZ2N2JJT76BPBHZSQ3MKKGPOZR5
sales,Presentations/Event Presentations/Sales bootcamp/Japan/Japan 2025,1009-Sharable-Accops-ForJapan-ENG-PartnerBootcamp-Event-Deck-4Hour-Oct2025.pptx,pptx,44.59,2025-10-09,2025-10-09,Vijender Yadav,Deck; Event; Sales,Deck; Event,,,,active,yes,,https://propalmsnetwork.sharepoint.com/sites/Company/_layouts/15/Doc.aspx?sourcedoc=%7B25243D15-674F-4EF2-8E83-302A2F094EFD%7D&file=1009-Sharable-Accops-ForJapan-ENG-PartnerBootcamp-Event-Deck-4Hour-Oct2025.pptx&action=edit&mobileredirect=true,b!MW22Pukebk6aWlrjbkWCK27cJOS0bM9OhUq0QE7-doKh1nVGqaB-SKHlnIF7W6dj,01X5UIHTYVHUSCKT3H6JHI5AZQFIXQSTX5
sales,Presentations/Event Presentations/Sales bootcamp/Japan/Japan 2025,1009_Accops-JP-PartnerBootcamp-Event-Deck-4Hour-Oct2025_final.pptx,pptx,56.49,2025-10-09,2025-10-09,Mayank Mudgal,Deck; Event; Sales,Deck; Event,,,,active,yes,,https://propalmsnetwork.sharepoint.com/sites/Company/_layouts/15/Doc.aspx?sourcedoc=%7B023CB54E-C08A-4433-A66B-AEAC6F807038%7D&file=1009_Accops-JP-PartnerBootcamp-Event-Deck-4Hour-Oct2025_final.pptx&action=edit&mobileredirect=true,b!MW22Pukebk6aWlrjbkWCK27cJOS0bM9OhUq0QE7-doKh1nVGqaB-SKHlnIF7W6dj,01X5UIHT2OWU6AFCWAGNCKM25OVRXYA4BY
sales,Presentations/Event Presentations/Sales bootcamp/Japan/Japan 2025,1009_Sharable_Accops-JP-PartnerBootcamp-Event-Deck-4Hour-Oct2025_final.pptx,pptx,47.62,2025-10-09,2025-10-09,Mayank Mudgal,Deck; Event; Sales,Deck; Event,,,,active,yes,,https://propalmsnetwork.sharepoint.com/sites/Company/_layouts/15/Doc.aspx?sourcedoc=%7B2F49D745-3DCC-4A8A-8ECE-92B53239A081%7D&file=1009_Sharable_Accops-JP-PartnerBootcamp-Event-Deck-4Hour-Oct2025_final.pptx&action=edit&mobileredirect=true,b!MW22Pukebk6aWlrjbkWCK27cJOS0bM9OhUq0QE7-doKh1nVGqaB-SKHlnIF7W6dj,01X5UIHT2F25ES7TB5RJFI5TUSWUZDTIEB
sales,Presentations/Event Presentations/Sales bootcamp/Japan/Japan 2026,v2026-08-20-Confidential-Accops Partner Bootcamp Event Deck 4Hour 2026- Japan - English.pptx,pptx,274.38,2026-08-21,2026-09-04,Vijender Yadav,Deck; Event; Sales,Deck; Event,,,,active,yes,,https://propalmsnetwork.sharepoint.com/sites/Company/_layouts/15/Doc.aspx?sourcedoc=%7B671731C7-E0EB-4C01-9435-8DC89E188FDB%7D&file=v2026-08-20-Confidential-Accops%20Partner%20Bootcamp%20Event%20Deck%204Hour%202026-%20Japan%20-%20English.pptx&action=edit&mobileredirect=true,b!MW22Pukebk6aWlrjbkWCK27cJOS0bM9OhUq0QE7-doKh1nVGqaB-SKHlnIF7W6dj,01X5UIHT6HGELWP27AAFGJINMNZCPBRD63
sales,Presentations/Event Presentations/Sales bootcamp/Japan/Japan 2026,v2026-09-04 - Accops Partner Bootcamp Event Deck Japanese V4.0.pptx,pptx,468.77,2026-09-02,2026-09-04,Vijender Yadav,Deck; Event; Sales,Deck; Event,,,,active,yes,,https://propalmsnetwork.sharepoint.com/sites/Company/_layouts/15/Doc.aspx?sourcedoc=%7BE4B98DB2-0AEF-4293-ACAD-2796D067D28A%7D&file=v2026-09-04%20-%20Accops%20Partner%20Bootcamp%20Event%20Deck%20Japanese%20V4.0.pptx&action=edit&mobileredirect=true,b!MW22Pukebk6aWlrjbkWCK27cJOS0bM9OhUq0QE7-doKh1nVGqaB-SKHlnIF7W6dj,01X5UIHT5SRW46J3YKSNBKZLJHS3IGPUUK
sales,Presentations/Event Presentations/Sales bootcamp/_to_delete,14-05-2026 Confidential-Accops Partner Bootcamp Event Deck 4Hour 2026.pptx,pptx,56.83,2026-05-13,2026-05-14,Vijay Kumar,Deck; Event; Sales,Deck; Event,,,,active,yes,,https://propalmsnetwork.sharepoint.com/sites/Company/_layouts/15/Doc.aspx?sourcedoc=%7B41603B4D-377A-484E-AC4A-07708078D2AE%7D&file=14-05-2026%20Confidential-Accops%20Partner%20Bootcamp%20Event%20Deck%204Hour%202026.pptx&action=edit&mobileredirect=true,b!MW22Pukebk6aWlrjbkWCK27cJOS0bM9OhUq0QE7-doKh1nVGqaB-SKHlnIF7W6dj,01X5UIHT2NHNQEC6RXJZEKYSQHOCAHRUVO
sales,Presentations/Event Presentations/Sales bootcamp/_to_delete,2026 Accops Partner CXO - 14-05-2026.pptx,pptx,18.21,2026-05-13,2026-05-13,Vijay Kumar,Deck; Sales,Deck,,,,active,yes,,https://propalmsnetwork.sharepoint.com/sites/Company/_layouts/15/Doc.aspx?sourcedoc=%7BABD48E0D-95B5-47E7-B192-F9250D7BB55B%7D&file=2026%20Accops%20Partner%20CXO%20-%2014-05-2026.pptx&action=edit&mobileredirect=true,b!MW22Pukebk6aWlrjbkWCK27cJOS0bM9OhUq0QE7-doKh1nVGqaB-SKHlnIF7W6dj,01X5UIHTYNR3KKXNMV45D3DEXZEUGXXNK3
sales,Presentations/Event Presentations/Sales bootcamp/_to_delete,2026 Accops Partner CXO.pptx,pptx,17.26,2026-04-24,2026-05-07,Vijender Yadav,Deck; Sales,Deck,,,,active,yes,,https://propalmsnetwork.sharepoint.com/sites/Company/_layouts/15/Doc.aspx?sourcedoc=%7B684FCCA3-2077-4D6A-9A67-257657C1046C%7D&file=2026%20Accops%20Partner%20CXO.pptx&action=edit&mobileredirect=true,b!MW22Pukebk6aWlrjbkWCK27cJOS0bM9OhUq0QE7-doKh1nVGqaB-SKHlnIF7W6dj,01X5UIHT5DZRHWQ5ZANJGZUZZFOZL4CBDM
sales,Presentations/Event Presentations/Sales bootcamp/_to_delete,251013-Confidential-Accops-ENG-PartnerBootcamp-Event-Deck-4Hour.pptx,pptx,22.83,2025-10-13,2026-01-17,Vijender Yadav,Deck; Event; Sales,Deck; Event,,,,active,yes,,https://propalmsnetwork.sharepoint.com/sites/Company/_layouts/15/Doc.aspx?sourcedoc=%7B405BE360-7941-47A5-88B8-BBD735C55B80%7D&file=251013-Confidential-Accops-ENG-PartnerBootcamp-Event-Deck-4Hour.pptx&action=edit&mobileredirect=true,b!MW22Pukebk6aWlrjbkWCK27cJOS0bM9OhUq0QE7-doKh1nVGqaB-SKHlnIF7W6dj,01X5UIHT3A4NNUAQLZUVDYROF32424KW4A
sales,Presentations/Event Presentations/Sales bootcamp/_to_delete,251013-Public-Accops-ENG-PartnerBootcamp-Event-Deck-4Hour.pptx,pptx,19.25,2025-10-13,2026-04-29,Vijender Yadav,Deck; Event; Sales,Deck; Event,,,,active,yes,,https://propalmsnetwork.sharepoint.com/sites/Company/_layouts/15/Doc.aspx?sourcedoc=%7BE68F1326-1D11-4F8B-88CC-E31F1038221A%7D&file=251013-Public-Accops-ENG-PartnerBootcamp-Event-Deck-4Hour.pptx&action=edit&mobileredirect=true,b!MW22Pukebk6aWlrjbkWCK27cJOS0bM9OhUq0QE7-doKh1nVGqaB-SKHlnIF7W6dj,01X5UIHTZGCOH6MEI5RNHYRTHDD4IDQIQ2
sales,Presentations/Event Presentations/Sales bootcamp/_to_delete,260423-Confidential-Accops-ENG-PartnerBootcamp-Event-Deck-4Hour.pptx,pptx,37.99,2026-04-24,2026-05-11,Vijender Yadav,Deck; Event; Sales,Deck; Event,,,,active,yes,,https://propalmsnetwork.sharepoint.com/sites/Company/_layouts/15/Doc.aspx?sourcedoc=%7B5A3EF0E1-3307-4B18-9264-54A671151B03%7D&file=260423-Confidential-Accops-ENG-PartnerBootcamp-Event-Deck-4Hour.pptx&action=edit&mobileredirect=true,b!MW22Pukebk6aWlrjbkWCK27cJOS0bM9OhUq0QE7-doKh1nVGqaB-SKHlnIF7W6dj,01X5UIHT7B6A7FUBZTDBFZEZCUUZYRKGYD
sales,Presentations/Event Presentations/Sales bootcamp/_to_delete,260423-PUBLIC-Accops-ENG-PartnerBootcamp-Event-Deck-4Hour.pptx,pptx,28.85,2026-04-29,2026-04-30,Vijender Yadav,Deck; Event; Sales,Deck; Event,,,,active,yes,,https://propalmsnetwork.sharepoint.com/sites/Company/_layouts/15/Doc.aspx?sourcedoc=%7B9F8FA53B-F886-4EA8-BCBD-D4C480C6EACB%7D&file=260423-PUBLIC-Accops-ENG-PartnerBootcamp-Event-Deck-4Hour.pptx&action=edit&mobileredirect=true,b!MW22Pukebk6aWlrjbkWCK27cJOS0bM9OhUq0QE7-doKh1nVGqaB-SKHlnIF7W6dj,01X5UIHTZ3UWHZ7BXYVBHLZPOUYSAMN2WL
sales,Presentations/Event Presentations/Sales bootcamp/_to_delete,DO-NOT-USE-GLOBAL-USE-Accops-ENG-PartnerBootcamp-Event-Deck-4Hour-Oct20251.pptx,pptx,50.08,2025-10-08,2025-10-13,Vijender Yadav,Deck; Event; Sales,Deck; Event,,,,active,yes,,https://propalmsnetwork.sharepoint.com/sites/Company/_layouts/15/Doc.aspx?sourcedoc=%7BC6E8FEED-C66C-467E-B375-D626EA927B3D%7D&file=DO-NOT-USE-GLOBAL-USE-Accops-ENG-PartnerBootcamp-Event-Deck-4Hour-Oct20251.pptx&action=edit&mobileredirect=true,b!MW22Pukebk6aWlrjbkWCK27cJOS0bM9OhUq0QE7-doKh1nVGqaB-SKHlnIF7W6dj,01X5UIHT7N73UMM3GGPZDLG5OWE3VJE6Z5
sales,Presentations/Event Presentations/Sales bootcamp/_to_delete,Partner Webinar Africa V1.0.pptx,pptx,21.57,2026-08-14,2026-08-14,Vijay Kumar,Deck; Webinar; Sales,Deck; Webinar,,,,active,yes,,https://propalmsnetwork.sharepoint.com/sites/Company/_layouts/15/Doc.aspx?sourcedoc=%7B676827B4-BCB3-4E47-B70C-3A2750BEA0B0%7D&file=Partner%20Webinar%20Africa%20V1.0.pptx&action=edit&mobileredirect=true,b!MW22Pukebk6aWlrjbkWCK27cJOS0bM9OhUq0QE7-doKh1nVGqaB-SKHlnIF7W6dj,01X5UIHT5UE5UGPM54I5HLODB2E5IL5IFQ
sales,Presentations/Event Presentations/Sales bootcamp/_to_delete,outdated-260422-Confidential-Accops-ENG-PartnerBootcamp-Event-Deck-4Hour.pptx,pptx,27.19,2026-04-24,2026-04-29,Vijender Yadav,Deck; Event; Sales,Deck; Event,,,,active,yes,,https://propalmsnetwork.sharepoint.com/sites/Company/_layouts/15/Doc.aspx?sourcedoc=%7B7D3A2E70-03F3-4AB6-AA64-C29D821EA18A%7D&file=outdated-260422-Confidential-Accops-ENG-PartnerBootcamp-Event-Deck-4Hour.pptx&action=edit&mobileredirect=true,b!MW22Pukebk6aWlrjbkWCK27cJOS0bM9OhUq0QE7-doKh1nVGqaB-SKHlnIF7W6dj,01X5UIHT3QFY5H34YDWZFKUZGCTWBB5IMK
sales,Presentations/Event Presentations/Sales bootcamp/_to_delete,v2026-05-16-Confidential-Accops Partner Bootcamp Event Deck 4Hour 2026.pptx,pptx,73.54,2026-05-16,2026-07-09,Samhita TV,Deck; Event; Sales,Deck; Event,,,,active,yes,,https://propalmsnetwork.sharepoint.com/sites/Company/_layouts/15/Doc.aspx?sourcedoc=%7B62AFEA6D-DAE8-45D8-A867-73C83C31374F%7D&file=v2026-05-16-Confidential-Accops%20Partner%20Bootcamp%20Event%20Deck%204Hour%202026.pptx&action=edit&mobileredirect=true,b!MW22Pukebk6aWlrjbkWCK27cJOS0bM9OhUq0QE7-doKh1nVGqaB-SKHlnIF7W6dj,01X5UIHT3N5KXWF2G23BC2QZ3TZA6DCN2P
sales,Presentations/Event Presentations/Sales bootcamp/_to_delete,v2026-07-22-Accops Partner CXO - Chennai.pptx,pptx,19.77,2026-07-22,2026-08-25,Vijay Kumar,Deck; Sales,Deck,,,,active,yes,,https://propalmsnetwork.sharepoint.com/sites/Company/_layouts/15/Doc.aspx?sourcedoc=%7BDAE72C3F-528D-41A9-98FC-5026D98D604D%7D&file=v2026-07-22-Accops%20Partner%20CXO%20-%20Chennai.pptx&action=edit&mobileredirect=true,b!MW22Pukebk6aWlrjbkWCK27cJOS0bM9OhUq0QE7-doKh1nVGqaB-SKHlnIF7W6dj,01X5UIHTZ7FTT5VDKSVFAZR7CQE3MY2YCN
sales,Presentations/Event Presentations/Webinars,Accops-Customer-Webinar-ZTNA-ISOLATION-18 June2026.pptx,pptx,43.18,2026-06-18,2026-07-08,Vijay Kumar,Deck; Webinar; ZTNA; Sales,Deck; Webinar,,ZTNA,,active,yes,,https://propalmsnetwork.sharepoint.com/sites/Company/_layouts/15/Doc.aspx?sourcedoc=%7BD6CC6B6F-87CB-4DFD-A5C4-23426F0167CF%7D&file=Accops-Customer-Webinar-ZTNA-ISOLATION-18%20June2026.pptx&action=edit&mobileredirect=true,b!MW22Pukebk6aWlrjbkWCK27cJOS0bM9OhUq0QE7-doKh1nVGqaB-SKHlnIF7W6dj,01X5UIHT3PNPGNNS4H7VG2LRBDIJXQCZ6P
sales,Presentations/Event Presentations/Webinars,Secured Vendor Access - Webinar 23.07.25.pptx,pptx,49.12,2025-07-24,2025-07-24,SANDIP MALLIK,Deck; Webinar; Sales,Deck; Webinar,,,,active,yes,,https://propalmsnetwork.sharepoint.com/sites/Company/_layouts/15/Doc.aspx?sourcedoc=%7BAE5E3C06-3AF0-42E1-BE1B-BE49ED27ED18%7D&file=Secured%20Vendor%20Access%20-%20Webinar%2023.07.25.pptx&action=edit&mobileredirect=true,b!MW22Pukebk6aWlrjbkWCK27cJOS0bM9OhUq0QE7-doKh1nVGqaB-SKHlnIF7W6dj,01X5UIHTYGHRPK54B24FBL4G56JHWSP3IY
sales,Presentations/Event Presentations/Webinars,Win 10 EOL Webinar Version 3.1pptx.pptx,pptx,28.16,2025-07-14,2025-07-14,SANDIP MALLIK,Deck; Webinar; Sales,Deck; Webinar,,,,active,yes,,https://propalmsnetwork.sharepoint.com/sites/Company/_layouts/15/Doc.aspx?sourcedoc=%7B3C732C1E-6B1B-4777-B831-1684C762ACE9%7D&file=Win%2010%20EOL%20Webinar%20Version%203.1pptx.pptx&action=edit&mobileredirect=true,b!MW22Pukebk6aWlrjbkWCK27cJOS0bM9OhUq0QE7-doKh1nVGqaB-SKHlnIF7W6dj,01X5UIHTY6FRZTYG3LO5D3QMIWQTDWFLHJ
sales,Presentations/Event Presentations/_archieved,1008-Accops-ENG-PartnerBootcamp-Event-Deck-4Hour-Oct2025.pptx,pptx,54.04,2025-10-06,2025-10-09,Vijender Yadav,Deck; Event; Sales,Deck; Event,,,,active,yes,,https://propalmsnetwork.sharepoint.com/sites/Company/_layouts/15/Doc.aspx?sourcedoc=%7B02F6C4E4-BC19-426D-A6A3-6A86419FF586%7D&file=1008-Accops-ENG-PartnerBootcamp-Event-Deck-4Hour-Oct2025.pptx&action=edit&mobileredirect=true,b!MW22Pukebk6aWlrjbkWCK27cJOS0bM9OhUq0QE7-doKh1nVGqaB-SKHlnIF7W6dj,01X5UIHT7EYT3AEGN4NVBKNI3KQZAZ75MG
sales,Presentations/Event Presentations/_archieved,1008_Accops-JP-PartnerBootcamp-Event-Deck-4Hour-Oct2025.pptx,pptx,56.95,2025-10-08,2025-10-09,Vijender Yadav,Deck; Event; Sales,Deck; Event,,,,active,yes,,https://propalmsnetwork.sharepoint.com/sites/Company/_layouts/15/Doc.aspx?sourcedoc=%7B11272A67-9342-493D-8A30-EE50942DF949%7D&file=1008_Accops-JP-PartnerBootcamp-Event-Deck-4Hour-Oct2025.pptx&action=edit&mobileredirect=true,b!MW22Pukebk6aWlrjbkWCK27cJOS0bM9OhUq0QE7-doKh1nVGqaB-SKHlnIF7W6dj,01X5UIHT3HFITRCQUTHVEYUMHOKCKC36KJ
sales,Presentations/Event Presentations/_archieved,Accops-CIOKlub-Event-Deck-1Hour-July2025.pptx,pptx,61.46,2025-07-22,2025-08-09,Vijender Yadav,Deck; Event; Sales,Deck; Event,,,,active,yes,,https://propalmsnetwork.sharepoint.com/sites/Company/_layouts/15/Doc.aspx?sourcedoc=%7B1BEB5339-2559-473D-8153-CEC9D82FCFF8%7D&file=Accops-CIOKlub-Event-Deck-1Hour-July2025.pptx&action=edit&mobileredirect=true,b!MW22Pukebk6aWlrjbkWCK27cJOS0bM9OhUq0QE7-doKh1nVGqaB-SKHlnIF7W6dj,01X5UIHTZZKPVRWWJFHVDYCU6OZHMC7T7Y
sales,Presentations/Event Presentations/_archieved,Accops-JP-PartnerBootcamp-Event-Deck-4Hour-Oct2025.pptx,pptx,50.91,2025-10-06,2025-10-07,Mayank Mudgal,Deck; Event; Sales,Deck; Event,,,,active,yes,,https://propalmsnetwork.sharepoint.com/sites/Company/_layouts/15/Doc.aspx?sourcedoc=%7BFE9B5C86-1041-4034-8ED2-76DE3CFB7D95%7D&file=Accops-JP-PartnerBootcamp-Event-Deck-4Hour-Oct2025.pptx&action=edit&mobileredirect=true,b!MW22Pukebk6aWlrjbkWCK27cJOS0bM9OhUq0QE7-doKh1nVGqaB-SKHlnIF7W6dj,01X5UIHT4GLSN74QIQGRAI5UTW3Y6PW7MV
sales,Presentations/Event Presentations/_archieved,CXO Goa Event_Accops June2026.pptx,pptx,21.78,2026-06-03,2026-06-04,Vijay Kumar,Deck; Event; Sales,Deck; Event,,,,active,yes,,https://propalmsnetwork.sharepoint.com/sites/Company/_layouts/15/Doc.aspx?sourcedoc=%7B149F9836-6E74-440C-B120-81877B9CEA84%7D&file=CXO%20Goa%20Event_Accops%20June2026.pptx&action=edit&mobileredirect=true,b!MW22Pukebk6aWlrjbkWCK27cJOS0bM9OhUq0QE7-doKh1nVGqaB-SKHlnIF7W6dj,01X5UIHTZWTCPRI5DOBRCLCIEBQ55ZZ2UE
sales,Presentations/General Presentations,About Accops V2 2025.pdf,pdf,0.19,2025-09-11,2025-09-11,SANDIP MALLIK,Deck; Sales,Deck,,,,active,yes,,https://propalmsnetwork.sharepoint.com/sites/Company/Shared%20Documents/Sales/Sales%20Collateral/Presentations/General%20Presentations/About%20Accops%20V2%202025.pdf,b!MW22Pukebk6aWlrjbkWCK27cJOS0bM9OhUq0QE7-doKh1nVGqaB-SKHlnIF7W6dj,01X5UIHT5ZOEYNOCBVPRD33AQDLA57CWUJ
sales,Presentations/General Presentations,Accops - Single Slider Case Studies.pptx,pptx,4.8,2021-07-16,2025-09-10,SANDIP MALLIK,Deck; Case Study; Sales,Deck; Case Study,,,,active,yes,,https://propalmsnetwork.sharepoint.com/sites/Company/_layouts/15/Doc.aspx?sourcedoc=%7B92AE67EA-7148-4864-B55B-3A6A43522D2F%7D&file=Accops%20-%20Single%20Slider%20Case%20Studies.pptx&action=edit&mobileredirect=true,b!MW22Pukebk6aWlrjbkWCK27cJOS0bM9OhUq0QE7-doKh1nVGqaB-SKHlnIF7W6dj,01X5UIHT7KM6XJESDRMRELKWZ2NJBVELJP
sales,Presentations/General Presentations,Accops Corporate Deck - 25 Aug 2026.pptx,pptx,31.72,2026-07-10,2026-08-25,Hitanshu Aggarwal,Deck; Sales,Deck,,,,active,yes,,https://propalmsnetwork.sharepoint.com/sites/Company/_layouts/15/Doc.aspx?sourcedoc=%7B7D6B16A3-2C62-441B-B2D5-7E0A0EFCB23F%7D&file=Accops%20Corporate%20Deck%20-%2025%20Aug%202026.pptx&action=edit&mobileredirect=true,b!MW22Pukebk6aWlrjbkWCK27cJOS0bM9OhUq0QE7-doKh1nVGqaB-SKHlnIF7W6dj,01X5UIHT5DCZVX2YRMDNCLFVL6BIHPZMR7
sales,Presentations/General Presentations,Accops Customer Deck SEA 1.0.pptx,pptx,81.98,2026-09-02,2026-09-03,Jatinder Singh,Deck; Sales,Deck,,,,active,yes,,https://propalmsnetwork.sharepoint.com/sites/Company/_layouts/15/Doc.aspx?sourcedoc=%7B568803D8-DBE8-4C62-BB3E-2BA8A3E26FE8%7D&file=Accops%20Customer%20Deck%20SEA%201.0.pptx&action=edit&mobileredirect=true,b!MW22Pukebk6aWlrjbkWCK27cJOS0bM9OhUq0QE7-doKh1nVGqaB-SKHlnIF7W6dj,01X5UIHT6YAOEFN2G3MJGLWPRLVCR6E37I
sales,Presentations/General Presentations,Accops Introduction - July 2026.pptx,pptx,8.67,2026-07-16,2026-07-16,Vijay Kumar,Deck; Sales,Deck,,,,active,yes,,https://propalmsnetwork.sharepoint.com/sites/Company/_layouts/15/Doc.aspx?sourcedoc=%7B395DF9F9-F38A-4F36-AE20-CF717B41509C%7D&file=Accops%20Introduction%20-%20July%202026.pptx&action=edit&mobileredirect=true,b!MW22Pukebk6aWlrjbkWCK27cJOS0bM9OhUq0QE7-doKh1nVGqaB-SKHlnIF7W6dj,01X5UIHT7Z7FOTTCXTGZH24IGPOF5UCUE4
sales,Presentations/General Presentations,Accops Reference Customers July_2025_Updated.pptx,pptx,79.07,2025-08-07,2026-02-19,Vijender Yadav,Deck; Sales,Deck,,,,active,yes,,https://propalmsnetwork.sharepoint.com/sites/Company/_layouts/15/Doc.aspx?sourcedoc=%7BBED82DBE-75A9-4737-9E1E-9CADB226A2EC%7D&file=Accops%20Reference%20Customers%20July_2025_Updated.pptx&action=edit&mobileredirect=true,b!MW22Pukebk6aWlrjbkWCK27cJOS0bM9OhUq0QE7-doKh1nVGqaB-SKHlnIF7W6dj,01X5UIHT56FXML5KLVG5DZ4HU4VWZCNIXM
sales,Presentations/General Presentations,Accops VDI Deck 08-19.pptx,pptx,42.44,2026-08-19,2026-08-19,Vijay Kumar,Deck; VDI; Sales,Deck,,VDI,,active,yes,,https://propalmsnetwork.sharepoint.com/sites/Company/_layouts/15/Doc.aspx?sourcedoc=%7BFB2A3319-B3F5-4462-BEFC-9FFD1365FC40%7D&file=Accops%20VDI%20Deck%2008-19.pptx&action=edit&mobileredirect=true,b!MW22Pukebk6aWlrjbkWCK27cJOS0bM9OhUq0QE7-doKh1nVGqaB-SKHlnIF7W6dj,01X5UIHTYZGMVPX5NTMJCL57E77UJWL7CA
sales,Presentations/General Presentations,Accops Value Proposition_Europe.V1.pdf,pdf,0.35,2025-09-11,2025-09-11,SANDIP MALLIK,Deck; Sales,Deck,,,,active,yes,,https://propalmsnetwork.sharepoint.com/sites/Company/Shared%20Documents/Sales/Sales%20Collateral/Presentations/General%20Presentations/Accops%20Value%20Proposition_Europe.V1.pdf,b!MW22Pukebk6aWlrjbkWCK27cJOS0bM9OhUq0QE7-doKh1nVGqaB-SKHlnIF7W6dj,01X5UIHT2TNDEAWG3VYRA3A3QJUGGTBESG
sales,Presentations/General Presentations,Accops Webinar - Use Cases.pptx,pptx,19.81,2023-11-24,2023-11-24,Vijender Yadav,Deck; Webinar; Sales,Deck; Webinar,,,,active,yes,,https://propalmsnetwork.sharepoint.com/sites/Company/_layouts/15/Doc.aspx?sourcedoc=%7B61BC88B2-B25F-4AFB-A12F-502F2D2BA434%7D&file=Accops%20Webinar%20-%20Use%20Cases.pptx&action=edit&mobileredirect=true,b!MW22Pukebk6aWlrjbkWCK27cJOS0bM9OhUq0QE7-doKh1nVGqaB-SKHlnIF7W6dj,01X5UIHT5SRC6GCX5S7NFKCL2QF4WSXJBU
sales,Presentations/General Presentations,Accops-15-min-Deck-May2025.pptx,pptx,6.64,2025-05-23,2025-10-04,Vijender Yadav,Deck; Sales,Deck,,,,active,yes,,https://propalmsnetwork.sharepoint.com/sites/Company/_layouts/15/Doc.aspx?sourcedoc=%7BFBCC9AB8-40EA-438C-8401-48FD29A9BC39%7D&file=Accops-15-min-Deck-May2025.pptx&action=edit&mobileredirect=true,b!MW22Pukebk6aWlrjbkWCK27cJOS0bM9OhUq0QE7-doKh1nVGqaB-SKHlnIF7W6dj,01X5UIHT5YTLGPX2SARRBYIAKI7UU2TPBZ
sales,Presentations/General Presentations,Accops-Corporate Deck-Aug2025.pdf,pdf,6.28,2025-03-11,2025-08-25,SANDIP MALLIK,Deck; Sales,Deck,,,,active,yes,,https://propalmsnetwork.sharepoint.com/sites/Company/Shared%20Documents/Sales/Sales%20Collateral/Presentations/General%20Presentations/Accops-Corporate%20Deck-Aug2025.pdf,b!MW22Pukebk6aWlrjbkWCK27cJOS0bM9OhUq0QE7-doKh1nVGqaB-SKHlnIF7W6dj,01X5UIHT4XEGPC3Z47FNF2MVCJJJGPQUVO
sales,Presentations/General Presentations,Accops-Corporate Deck-Aug2025.pptx,pptx,99.84,2024-10-11,2026-01-20,MUSADIQ BHAT,Deck; Sales,Deck,,,,active,yes,,https://propalmsnetwork.sharepoint.com/sites/Company/_layouts/15/Doc.aspx?sourcedoc=%7BD6C52722-8271-4B99-9FC3-F2A7CE2DAE11%7D&file=Accops-Corporate%20Deck-Aug2025.pptx&action=edit&mobileredirect=true,b!MW22Pukebk6aWlrjbkWCK27cJOS0bM9OhUq0QE7-doKh1nVGqaB-SKHlnIF7W6dj,01X5UIHTZCE7C5M4MCTFFZ7Q7SU7HC3LQR
sales,Presentations/General Presentations,Accops-Deck-1Hour-Feb2025.pptx,pptx,58.28,2025-02-23,2025-10-04,Vijender Yadav,Deck; Sales,Deck,,,,active,yes,,https://propalmsnetwork.sharepoint.com/sites/Company/_layouts/15/Doc.aspx?sourcedoc=%7B0D6BF841-4B42-4B63-A2B0-B627BD2FC979%7D&file=Accops-Deck-1Hour-Feb2025.pptx&action=edit&mobileredirect=true,b!MW22Pukebk6aWlrjbkWCK27cJOS0bM9OhUq0QE7-doKh1nVGqaB-SKHlnIF7W6dj,01X5UIHT2B7BVQ2QSLMNF2FMFWE66S7SLZ
sales,Presentations/General Presentations,Accops-Event-Deck-1Hour-Feb2025.pdf,pdf,5.22,2025-04-03,2025-06-05,Vijender Yadav,Deck; Event; Sales,Deck; Event,,,,active,yes,,https://propalmsnetwork.sharepoint.com/sites/Company/Shared%20Documents/Sales/Sales%20Collateral/Presentations/General%20Presentations/Accops-Event-Deck-1Hour-Feb2025.pdf,b!MW22Pukebk6aWlrjbkWCK27cJOS0bM9OhUq0QE7-doKh1nVGqaB-SKHlnIF7W6dj,01X5UIHT54U7AA3V5NABHZT37ICR7ZW7TQ
sales,Presentations/General Presentations,Accops-May24-DigitalWorkspace-Intro.pptx,pptx,11.95,2024-05-21,2024-09-02,Vijender Yadav,Deck; Sales,Deck,,,,active,yes,,https://propalmsnetwork.sharepoint.com/sites/Company/_layouts/15/Doc.aspx?sourcedoc=%7B8C9C4294-DC7B-44E2-A9AB-B1836DB0D79C%7D&file=Accops-May24-DigitalWorkspace-Intro.pptx&action=edit&mobileredirect=true,b!MW22Pukebk6aWlrjbkWCK27cJOS0bM9OhUq0QE7-doKh1nVGqaB-SKHlnIF7W6dj,01X5UIHT4UIKOIY6644JCKTK5RQNW3BV44
sales,Presentations/General Presentations,Corporate Deck 2026.pptx,pptx,9.77,2026-06-03,2026-06-24,Vijay Kumar,Deck; Sales,Deck,,,,active,yes,,https://propalmsnetwork.sharepoint.com/sites/Company/_layouts/15/Doc.aspx?sourcedoc=%7B2BD7039F-D233-4D56-81FC-65E1029C8A9E%7D&file=Corporate%20Deck%202026.pptx&action=edit&mobileredirect=true,b!MW22Pukebk6aWlrjbkWCK27cJOS0bM9OhUq0QE7-doKh1nVGqaB-SKHlnIF7W6dj,01X5UIHT47APLSWM6SKZGYD7DF4EBJZCU6
sales,Presentations/General Presentations,Customer Workshop - Mar 2025.pptx,pptx,91.74,2025-02-23,2025-03-09,Vijender Yadav,Deck; Sales,Deck,,,,active,yes,,https://propalmsnetwork.sharepoint.com/sites/Company/_layouts/15/Doc.aspx?sourcedoc=%7BFBCD3EAE-2F44-42D8-BF18-B169162826BC%7D&file=Customer%20Workshop%20-%20Mar%202025.pptx&action=edit&mobileredirect=true,b!MW22Pukebk6aWlrjbkWCK27cJOS0bM9OhUq0QE7-doKh1nVGqaB-SKHlnIF7W6dj,01X5UIHT5OH3G7WRBP3BBL6GFRNELCQJV4
sales,Presentations/General Presentations,Life Insurance Providers 21st Sep.pptx,pptx,0.67,2022-04-28,2023-12-12,SANDIP MALLIK,Deck; BFSI; Sales,Deck,BFSI,,,active,yes,,https://propalmsnetwork.sharepoint.com/sites/Company/_layouts/15/Doc.aspx?sourcedoc=%7BA6C66F30-0ECE-41A9-A809-3CDC9CEC9B0F%7D&file=Life%20Insurance%20Providers%2021st%20Sep.pptx&action=edit&mobileredirect=true,b!MW22Pukebk6aWlrjbkWCK27cJOS0bM9OhUq0QE7-doKh1nVGqaB-SKHlnIF7W6dj,01X5UIHTZQN7DKNTQOVFA2QCJ43SOOZGYP
sales,Presentations/General Presentations/_archieved,About Accops V1 2025.pdf,pdf,0.19,2025-04-21,2025-09-09,SANDIP MALLIK,Deck; Sales,Deck,,,,active,yes,,https://propalmsnetwork.sharepoint.com/sites/Company/Shared%20Documents/Sales/Sales%20Collateral/Presentations/General%20Presentations/_archieved/About%20Accops%20V1%202025.pdf,b!MW22Pukebk6aWlrjbkWCK27cJOS0bM9OhUq0QE7-doKh1nVGqaB-SKHlnIF7W6dj,01X5UIHT3MANDSBVHDXVALUH5NIRFMPNA4
sales,Presentations/General Presentations/_archieved,Accops - Corporate Deck - for Email.pptx,pptx,4.01,2021-07-16,2021-07-16,SANDIP MALLIK,Deck; Sales,Deck,,,,active,yes,,https://propalmsnetwork.sharepoint.com/sites/Company/_layouts/15/Doc.aspx?sourcedoc=%7BC11B47CE-41EB-484A-B0BD-1A39AB4BD79C%7D&file=Accops%20-%20Corporate%20Deck%20-%20for%20Email.pptx&action=edit&mobileredirect=true,b!MW22Pukebk6aWlrjbkWCK27cJOS0bM9OhUq0QE7-doKh1nVGqaB-SKHlnIF7W6dj,01X5UIHT6OI4N4D22BJJELBPI2HGVUXV44
sales,Presentations/General Presentations/_archieved,Accops - Corporate Sales - MasterDoc.pptx,pptx,5.97,2021-07-16,2021-10-21,SANDIP MALLIK,Deck; Sales,Deck,,,,active,yes,,https://propalmsnetwork.sharepoint.com/sites/Company/_layouts/15/Doc.aspx?sourcedoc=%7BB4701164-0C9B-4513-8FF1-F12F865ADCD8%7D&file=Accops%20-%20Corporate%20Sales%20-%20MasterDoc.pptx&action=edit&mobileredirect=true,b!MW22Pukebk6aWlrjbkWCK27cJOS0bM9OhUq0QE7-doKh1nVGqaB-SKHlnIF7W6dj,01X5UIHT3ECFYLJGYMCNCY74PRF6DFVXGY
sales,Presentations/General Presentations/_archieved,Accops - Elevator Pitch OnePager-v2.pdf,pdf,0.14,2021-07-16,2021-07-16,SANDIP MALLIK,Deck; Sales,Deck,,,,active,yes,,https://propalmsnetwork.sharepoint.com/sites/Company/Shared%20Documents/Sales/Sales%20Collateral/Presentations/General%20Presentations/_archieved/Accops%20-%20Elevator%20Pitch%20OnePager-v2.pdf,b!MW22Pukebk6aWlrjbkWCK27cJOS0bM9OhUq0QE7-doKh1nVGqaB-SKHlnIF7W6dj,01X5UIHT7VFJWT6XV44RGIWN5XZYVJUZQ3
sales,Presentations/General Presentations/_archieved,Accops - Introduction - For Partner.pptx,pptx,5.34,2021-07-16,2021-07-16,BALABHARATHY,Deck; Sales,Deck,,,,active,yes,,https://propalmsnetwork.sharepoint.com/sites/Company/_layouts/15/Doc.aspx?sourcedoc=%7BC0C6A22F-13AF-44E8-B165-8DD987D987BF%7D&file=Accops%20-%20Introduction%20-%20For%20Partner.pptx&action=edit&mobileredirect=true,b!MW22Pukebk6aWlrjbkWCK27cJOS0bM9OhUq0QE7-doKh1nVGqaB-SKHlnIF7W6dj,01X5UIHTZPULDMBLYT5BCLCZMN3GD5TB57
sales,Presentations/General Presentations/_archieved,Accops - Use Cases.pptx,pptx,3.49,2021-07-16,2022-07-22,Vijender Yadav,Deck; Sales,Deck,,,,active,yes,,https://propalmsnetwork.sharepoint.com/sites/Company/_layouts/15/Doc.aspx?sourcedoc=%7B1086AE49-D825-4098-9156-6ABADCC77E24%7D&file=Accops%20-%20Use%20Cases.pptx&action=edit&mobileredirect=true,b!MW22Pukebk6aWlrjbkWCK27cJOS0bM9OhUq0QE7-doKh1nVGqaB-SKHlnIF7W6dj,01X5UIHT2JV2DBAJOYTBAJCVTKXLOMO7RE
sales,Presentations/General Presentations/_archieved,Accops Corporate Detailed for Presentation April2024.pptx,pptx,23.22,2023-07-14,2024-05-27,SANDIP MALLIK,Deck; Sales,Deck,,,,active,yes,,https://propalmsnetwork.sharepoint.com/sites/Company/_layouts/15/Doc.aspx?sourcedoc=%7BEC284821-2DBE-4E09-97C3-DA1F31470132%7D&file=Accops%20Corporate%20Detailed%20for%20Presentation%20April2024.pptx&action=edit&mobileredirect=true,b!MW22Pukebk6aWlrjbkWCK27cJOS0bM9OhUq0QE7-doKh1nVGqaB-SKHlnIF7W6dj,01X5UIHTZBJAUOZPRNBFHJPQ62D4YUOAJS
sales,Presentations/General Presentations/_archieved,Accops Corporate Detailed for Presentation Aug2023 - Copy.pptx,pptx,20.21,2024-04-16,2024-03-04,SANDIP MALLIK,Deck; Sales,Deck,,,,active,yes,,https://propalmsnetwork.sharepoint.com/sites/Company/_layouts/15/Doc.aspx?sourcedoc=%7BBB4721F0-DD37-441B-A219-7D09EE5634DD%7D&file=Accops%20Corporate%20Detailed%20for%20Presentation%20Aug2023%20-%20Copy.pptx&action=edit&mobileredirect=true,b!MW22Pukebk6aWlrjbkWCK27cJOS0bM9OhUq0QE7-doKh1nVGqaB-SKHlnIF7W6dj,01X5UIHT7QEFD3WN65DNCKEGL5BHXFMNG5
sales,Presentations/General Presentations/_archieved,Accops CorporateSales-ForEmail-July2021.pptx,pptx,4.63,2021-08-12,2022-09-11,SANDIP MALLIK,Deck; Sales,Deck,,,,active,yes,,https://propalmsnetwork.sharepoint.com/sites/Company/_layouts/15/Doc.aspx?sourcedoc=%7B6797D076-7B7C-4EFC-BFBC-4D45EA034553%7D&file=Accops%20CorporateSales-ForEmail-July2021.pptx&action=edit&mobileredirect=true,b!MW22Pukebk6aWlrjbkWCK27cJOS0bM9OhUq0QE7-doKh1nVGqaB-SKHlnIF7W6dj,01X5UIHT3W2CLWO7D37RHL7PCNIXVAGRKT
sales,Presentations/General Presentations/_archieved,Accops CorporateSales-ForEmail-May2023.pptx,pptx,5.84,2023-05-19,2023-05-19,SANDIP MALLIK,Deck; Sales,Deck,,,,active,yes,,https://propalmsnetwork.sharepoint.com/sites/Company/_layouts/15/Doc.aspx?sourcedoc=%7B475568A7-DBFD-4D03-AC66-F9F0C66A4793%7D&file=Accops%20CorporateSales-ForEmail-May2023.pptx&action=edit&mobileredirect=true,b!MW22Pukebk6aWlrjbkWCK27cJOS0bM9OhUq0QE7-doKh1nVGqaB-SKHlnIF7W6dj,01X5UIHT5HNBKUP7O3ANG2YZXZ6DDGUR4T
sales,Presentations/General Presentations/_archieved,Accops CorporateSales-Master-May2022-TP-T470-V.pptx,pptx,8.83,2023-03-19,2023-05-11,SANDIP MALLIK,Deck; Sales,Deck,,,,active,yes,,https://propalmsnetwork.sharepoint.com/sites/Company/_layouts/15/Doc.aspx?sourcedoc=%7BE373FB1C-0100-45FD-BDFA-F30E6F9C80CA%7D&file=Accops%20CorporateSales-Master-May2022-TP-T470-V.pptx&action=edit&mobileredirect=true,b!MW22Pukebk6aWlrjbkWCK27cJOS0bM9OhUq0QE7-doKh1nVGqaB-SKHlnIF7W6dj,01X5UIHTY47NZ6GAAB7VC336XTBZXZZAGK
sales,Presentations/General Presentations/_archieved,Accops CorporateSales-Master-May2023 (2).pptx,pptx,23.16,2023-05-19,2024-02-08,Vijender Yadav,Deck; Sales,Deck,,,,active,yes,,https://propalmsnetwork.sharepoint.com/sites/Company/_layouts/15/Doc.aspx?sourcedoc=%7BCEE8AC5C-657F-4B7D-8814-8B9A09DDAD15%7D&file=Accops%20CorporateSales-Master-May2023%20(2).pptx&action=edit&mobileredirect=true,b!MW22Pukebk6aWlrjbkWCK27cJOS0bM9OhUq0QE7-doKh1nVGqaB-SKHlnIF7W6dj,01X5UIHT24VTUM473FPVFYQFELTIE53LIV
sales,Presentations/General Presentations/_archieved,Accops CorporateSales-Master-May2023.pptx,pptx,9.58,2021-08-12,2023-05-09,SANDIP MALLIK,Deck; Sales,Deck,,,,active,yes,,https://propalmsnetwork.sharepoint.com/sites/Company/_layouts/15/Doc.aspx?sourcedoc=%7BCBEE6E4E-529F-4BFD-B7C8-EBCDFB6291C5%7D&file=Accops%20CorporateSales-Master-May2023.pptx&action=edit&mobileredirect=true,b!MW22Pukebk6aWlrjbkWCK27cJOS0bM9OhUq0QE7-doKh1nVGqaB-SKHlnIF7W6dj,01X5UIHT2ON3XMXH2S7VF3PSHLZX5WFEOF
sales,Presentations/General Presentations/_archieved,Accops Digital Workspace Products July2021.pptx,pptx,4.53,2021-08-09,2023-05-19,SANDIP MALLIK,Deck; Sales,Deck,,,,active,yes,,https://propalmsnetwork.sharepoint.com/sites/Company/_layouts/15/Doc.aspx?sourcedoc=%7B7E189999-D53E-467E-8952-43AA2CF67B9F%7D&file=Accops%20Digital%20Workspace%20Products%20July2021.pptx&action=edit&mobileredirect=true,b!MW22Pukebk6aWlrjbkWCK27cJOS0bM9OhUq0QE7-doKh1nVGqaB-SKHlnIF7W6dj,01X5UIHT4ZTEMH4PWVPZDISUSDVIWPM647
sales,Presentations/General Presentations/_archieved,Accops Digital Workspace Products May2023.pptx,pptx,5.77,2023-05-19,2023-05-19,SANDIP MALLIK,Deck; Sales,Deck,,,,active,yes,,https://propalmsnetwork.sharepoint.com/sites/Company/_layouts/15/Doc.aspx?sourcedoc=%7B54F7CFD0-5DC1-47EB-82FC-DFFD53695B57%7D&file=Accops%20Digital%20Workspace%20Products%20May2023.pptx&action=edit&mobileredirect=true,b!MW22Pukebk6aWlrjbkWCK27cJOS0bM9OhUq0QE7-doKh1nVGqaB-SKHlnIF7W6dj,01X5UIHT6QZ73VJQK55NDYF7G77VJWSW2X
sales,Presentations/General Presentations/_archieved,Accops Product Presentation for Email Aug2023.pdf,pdf,2.74,2023-08-30,2023-08-30,SANDIP MALLIK,Deck; Sales,Deck,,,,active,yes,,https://propalmsnetwork.sharepoint.com/sites/Company/Shared%20Documents/Sales/Sales%20Collateral/Presentations/General%20Presentations/_archieved/Accops%20Product%20Presentation%20for%20Email%20Aug2023.pdf,b!MW22Pukebk6aWlrjbkWCK27cJOS0bM9OhUq0QE7-doKh1nVGqaB-SKHlnIF7W6dj,01X5UIHTZMZA7X4XXWARBLNPGPKAAEPKJG
sales,Presentations/General Presentations/_archieved,Accops Product Presentation for Email Aug2023.pptx,pptx,20.67,2024-04-16,2024-04-16,SANDIP MALLIK,Deck; Sales,Deck,,,,active,yes,,https://propalmsnetwork.sharepoint.com/sites/Company/_layouts/15/Doc.aspx?sourcedoc=%7B8C031816-6072-40F0-813C-B5FCEC70E693%7D&file=Accops%20Product%20Presentation%20for%20Email%20Aug2023.pptx&action=edit&mobileredirect=true,b!MW22Pukebk6aWlrjbkWCK27cJOS0bM9OhUq0QE7-doKh1nVGqaB-SKHlnIF7W6dj,01X5UIHTYWDABYY4TA6BAICPFV7TWHBZUT
sales,Presentations/General Presentations/_archieved,Accops Reference Customers Aug_2022_Updated.pptx,pptx,22.86,2022-05-23,2022-08-01,POOJA VAIJWADE,Deck; Sales,Deck,,,,active,yes,,https://propalmsnetwork.sharepoint.com/sites/Company/_layouts/15/Doc.aspx?sourcedoc=%7BA158E377-F826-416F-A996-A60552FD7B72%7D&file=Accops%20Reference%20Customers%20Aug_2022_Updated.pptx&action=edit&mobileredirect=true,b!MW22Pukebk6aWlrjbkWCK27cJOS0bM9OhUq0QE7-doKh1nVGqaB-SKHlnIF7W6dj,01X5UIHT3X4NMKCJXYN5A2TFVGAVJP263S
sales,Presentations/General Presentations/_archieved,Accops Reference Customers Dec_2021.pptx,pptx,20.59,2022-01-17,2022-04-18,POOJA VAIJWADE,Deck; Sales,Deck,,,,active,yes,,https://propalmsnetwork.sharepoint.com/sites/Company/_layouts/15/Doc.aspx?sourcedoc=%7BB4188317-94CF-4295-B684-351450EA879A%7D&file=Accops%20Reference%20Customers%20Dec_2021.pptx&action=edit&mobileredirect=true,b!MW22Pukebk6aWlrjbkWCK27cJOS0bM9OhUq0QE7-doKh1nVGqaB-SKHlnIF7W6dj,01X5UIHTYXQMMLJT4USVBLNBBVCRIOVB42
sales,Presentations/General Presentations/_archieved,Accops Reference Customers Feb_2025_Updated.pptx,pptx,78.36,2025-06-19,2025-05-12,SANDIP MALLIK,Deck; Sales,Deck,,,,active,yes,,https://propalmsnetwork.sharepoint.com/sites/Company/_layouts/15/Doc.aspx?sourcedoc=%7BBF9836D3-6624-4F7F-B2E0-C1B8293647D2%7D&file=Accops%20Reference%20Customers%20Feb_2025_Updated.pptx&action=edit&mobileredirect=true,b!MW22Pukebk6aWlrjbkWCK27cJOS0bM9OhUq0QE7-doKh1nVGqaB-SKHlnIF7W6dj,01X5UIHT6TG2ML6JDGP5H3FYGBXAUTMR6S
sales,Presentations/General Presentations/_archieved,Accops Reference Customers JAN_2024_Updated.pptx,pptx,26.47,2024-03-05,2024-03-01,SANDIP MALLIK,Deck; Sales,Deck,,,,active,yes,,https://propalmsnetwork.sharepoint.com/sites/Company/_layouts/15/Doc.aspx?sourcedoc=%7BBA5A53E6-9599-4A72-A0E8-24B374E28FF6%7D&file=Accops%20Reference%20Customers%20JAN_2024_Updated.pptx&action=edit&mobileredirect=true,b!MW22Pukebk6aWlrjbkWCK27cJOS0bM9OhUq0QE7-doKh1nVGqaB-SKHlnIF7W6dj,01X5UIHT7GKNNLVGMVOJFKB2BEWN2OFD7W
sales,Presentations/General Presentations/_archieved,Accops Reference Customers JUN_2024_Updated.pptx,pptx,28.73,2024-07-08,2024-07-03,SANDIP MALLIK,Deck; Sales,Deck,,,,active,yes,,https://propalmsnetwork.sharepoint.com/sites/Company/_layouts/15/Doc.aspx?sourcedoc=%7B88F76B12-A19E-43D0-B366-79D587181152%7D&file=Accops%20Reference%20Customers%20JUN_2024_Updated.pptx&action=edit&mobileredirect=true,b!MW22Pukebk6aWlrjbkWCK27cJOS0bM9OhUq0QE7-doKh1nVGqaB-SKHlnIF7W6dj,01X5UIHTYSNP3YRHVB2BB3GZTZ2WDRQEKS
sales,Presentations/General Presentations/_archieved,Accops Reference Customers June_2021.pptx,pptx,19.96,2021-07-21,2021-08-18,SANDIP MALLIK,Deck; Sales,Deck,,,,active,yes,,https://propalmsnetwork.sharepoint.com/sites/Company/_layouts/15/Doc.aspx?sourcedoc=%7B5926899B-F5AA-43D6-8600-1415291A8283%7D&file=Accops%20Reference%20Customers%20June_2021.pptx&action=edit&mobileredirect=true,b!MW22Pukebk6aWlrjbkWCK27cJOS0bM9OhUq0QE7-doKh1nVGqaB-SKHlnIF7W6dj,01X5UIHT43RETFTKXV2ZBYMAAUCUURVAUD
sales,Presentations/General Presentations/_archieved,Accops Reference Customers June_2022.pptx,pptx,22.85,2022-07-29,2022-07-29,SANDIP MALLIK,Deck; Sales,Deck,,,,active,yes,,https://propalmsnetwork.sharepoint.com/sites/Company/_layouts/15/Doc.aspx?sourcedoc=%7B00D6B67D-FECE-4C37-A988-205B481CCE0E%7D&file=Accops%20Reference%20Customers%20June_2022.pptx&action=edit&mobileredirect=true,b!MW22Pukebk6aWlrjbkWCK27cJOS0bM9OhUq0QE7-doKh1nVGqaB-SKHlnIF7W6dj,01X5UIHT35W3LABTX6G5GKTCBALNEBZTQO
sales,Presentations/General Presentations/_archieved,Accops Reference Customers MAR_2024_Updated .pptx,pptx,28.6,2024-04-26,2024-05-04,SANDIP MALLIK,Deck; Sales,Deck,,,,active,yes,,https://propalmsnetwork.sharepoint.com/sites/Company/_layouts/15/Doc.aspx?sourcedoc=%7BCBBBCD53-6118-4E31-90F1-3C7B600A98BD%7D&file=Accops%20Reference%20Customers%20MAR_2024_Updated%20.pptx&action=edit&mobileredirect=true,b!MW22Pukebk6aWlrjbkWCK27cJOS0bM9OhUq0QE7-doKh1nVGqaB-SKHlnIF7W6dj,01X5UIHT2TZW54WGDBGFHJB4J4PNQAVGF5
sales,Presentations/General Presentations/_archieved,Accops Reference Customers Mar_2022.pptx,pptx,20.59,2022-04-26,2022-05-27,SANDIP MALLIK,Deck; Sales,Deck,,,,active,yes,,https://propalmsnetwork.sharepoint.com/sites/Company/_layouts/15/Doc.aspx?sourcedoc=%7B2AA46AF2-D7DF-4050-9872-A709EC289D09%7D&file=Accops%20Reference%20Customers%20Mar_2022.pptx&action=edit&mobileredirect=true,b!MW22Pukebk6aWlrjbkWCK27cJOS0bM9OhUq0QE7-doKh1nVGqaB-SKHlnIF7W6dj,01X5UIHT7SNKSCVX6XKBAJQ4VHBHWCRHIJ
sales,Presentations/General Presentations/_archieved,Accops Reference Customers March_2023_Updated.pptx,pptx,24.08,2023-05-01,2023-08-24,SANDIP MALLIK,Deck; Sales,Deck,,,,active,yes,,https://propalmsnetwork.sharepoint.com/sites/Company/_layouts/15/Doc.aspx?sourcedoc=%7B794E745D-0A69-4D81-B4C9-7ED927DE8477%7D&file=Accops%20Reference%20Customers%20March_2023_Updated.pptx&action=edit&mobileredirect=true,b!MW22Pukebk6aWlrjbkWCK27cJOS0bM9OhUq0QE7-doKh1nVGqaB-SKHlnIF7W6dj,01X5UIHT25ORHHS2IKQFG3JSL63ET55BDX
sales,Presentations/General Presentations/_archieved,Accops Reference Customers March_2025_Updated.pptx,pptx,78.36,2025-03-11,2025-08-06,SANDIP MALLIK,Deck; Sales,Deck,,,,active,yes,,https://propalmsnetwork.sharepoint.com/sites/Company/_layouts/15/Doc.aspx?sourcedoc=%7BF3906C83-F52E-4B36-B85F-99B3EEF8B2FE%7D&file=Accops%20Reference%20Customers%20March_2025_Updated.pptx&action=edit&mobileredirect=true,b!MW22Pukebk6aWlrjbkWCK27cJOS0bM9OhUq0QE7-doKh1nVGqaB-SKHlnIF7W6dj,01X5UIHT4DNSIPGLXVGZF3QX4ZWPXPRMX6
sales,Presentations/General Presentations/_archieved,Accops Reference Customers November_2024_Updated.pptx,pptx,77.47,2025-01-16,2025-02-23,SANDIP MALLIK,Deck; Sales,Deck,,,,active,yes,,https://propalmsnetwork.sharepoint.com/sites/Company/_layouts/15/Doc.aspx?sourcedoc=%7B1D35F5A6-3805-4502-8942-3C5950715A15%7D&file=Accops%20Reference%20Customers%20November_2024_Updated.pptx&action=edit&mobileredirect=true,b!MW22Pukebk6aWlrjbkWCK27cJOS0bM9OhUq0QE7-doKh1nVGqaB-SKHlnIF7W6dj,01X5UIHT5G6U2R2BJYAJCYSQR4LFIHCWQV
sales,Presentations/General Presentations/_archieved,Accops Reference Customers October_2023_Updated.pptx,pptx,26.01,2023-11-03,2023-12-13,SANDIP MALLIK,Deck; Sales,Deck,,,,active,yes,,https://propalmsnetwork.sharepoint.com/sites/Company/_layouts/15/Doc.aspx?sourcedoc=%7B3F348159-DF2F-45E0-A4EA-6F8079213200%7D&file=Accops%20Reference%20Customers%20October_2023_Updated.pptx&action=edit&mobileredirect=true,b!MW22Pukebk6aWlrjbkWCK27cJOS0bM9OhUq0QE7-doKh1nVGqaB-SKHlnIF7W6dj,01X5UIHT2ZQE2D6L674BC2J2TPQB4SCMQA
sales,Presentations/General Presentations/_archieved,Accops Reference Customers Sep_2021.pptx,pptx,20.08,2021-10-12,2021-10-12,SANDIP MALLIK,Deck; Sales,Deck,,,,active,yes,,https://propalmsnetwork.sharepoint.com/sites/Company/_layouts/15/Doc.aspx?sourcedoc=%7B8F3FC8D9-3CD2-423A-856C-4BBF8D4F8DBA%7D&file=Accops%20Reference%20Customers%20Sep_2021.pptx&action=edit&mobileredirect=true,b!MW22Pukebk6aWlrjbkWCK27cJOS0bM9OhUq0QE7-doKh1nVGqaB-SKHlnIF7W6dj,01X5UIHT6ZZA7Y7UR4HJBIK3CLX6GU7DN2
sales,Presentations/General Presentations/_archieved,Accops Reference Customers Sept_2022.pptx,pptx,22.39,2022-11-15,2022-11-15,SANDIP MALLIK,Deck; Sales,Deck,,,,active,yes,,https://propalmsnetwork.sharepoint.com/sites/Company/_layouts/15/Doc.aspx?sourcedoc=%7B8FA446BF-44E5-4205-A4AD-1D533900B28C%7D&file=Accops%20Reference%20Customers%20Sept_2022.pptx&action=edit&mobileredirect=true,b!MW22Pukebk6aWlrjbkWCK27cJOS0bM9OhUq0QE7-doKh1nVGqaB-SKHlnIF7W6dj,01X5UIHT57I2SI7ZKEAVBKJLI5KM4QBMUM
sales,Presentations/General Presentations/_archieved,Accops Reference Customers Sept_2024_Updated.pptx,pptx,28.41,2024-11-28,2024-11-28,SANDIP MALLIK,Deck; Sales,Deck,,,,active,yes,,https://propalmsnetwork.sharepoint.com/sites/Company/_layouts/15/Doc.aspx?sourcedoc=%7B0DE5346E-2D74-48BA-ADC6-06A4E3EEAE98%7D&file=Accops%20Reference%20Customers%20Sept_2024_Updated.pptx&action=edit&mobileredirect=true,b!MW22Pukebk6aWlrjbkWCK27cJOS0bM9OhUq0QE7-doKh1nVGqaB-SKHlnIF7W6dj,01X5UIHT3OGTSQ25BNXJEK3RQGUTR65LUY
sales,Presentations/General Presentations/_archieved,Accops Reference Customers_Feb 2023.pptx,pptx,23.93,2023-03-27,2023-03-27,SANDIP MALLIK,Deck; Sales,Deck,,,,active,yes,,https://propalmsnetwork.sharepoint.com/sites/Company/_layouts/15/Doc.aspx?sourcedoc=%7BEE146672-891A-4022-B6AB-4AE54F7B441D%7D&file=Accops%20Reference%20Customers_Feb%202023.pptx&action=edit&mobileredirect=true,b!MW22Pukebk6aWlrjbkWCK27cJOS0bM9OhUq0QE7-doKh1nVGqaB-SKHlnIF7W6dj,01X5UIHT3SMYKO4GUJEJALNK2K4VHXWRA5
sales,Presentations/General Presentations/_archieved,Accops-April24-ShortIntroDeck-Black-20Min.pptx,pptx,14.26,2024-04-23,2024-05-11,Vijender Yadav,Deck; Sales,Deck,,,,active,yes,,https://propalmsnetwork.sharepoint.com/sites/Company/_layouts/15/Doc.aspx?sourcedoc=%7B5F31717C-846A-4D9C-9EB4-AFDB21DE8356%7D&file=Accops-April24-ShortIntroDeck-Black-20Min.pptx&action=edit&mobileredirect=true,b!MW22Pukebk6aWlrjbkWCK27cJOS0bM9OhUq0QE7-doKh1nVGqaB-SKHlnIF7W6dj,01X5UIHT34OEYV62UETRGZ5NFP3MQ55A2W
sales,Presentations/General Presentations/_archieved,Accops-Elevator-OnePager - v2.docx,docx,0.09,2022-01-28,2024-03-27,SANDIP MALLIK,Deck; Sales,Deck,,,,active,yes,,https://propalmsnetwork.sharepoint.com/sites/Company/_layouts/15/Doc.aspx?sourcedoc=%7B5876ACCD-A27B-47FF-A177-C0E61B580252%7D&file=Accops-Elevator-OnePager%20-%20v2.docx&action=default&mobileredirect=true,b!MW22Pukebk6aWlrjbkWCK27cJOS0bM9OhUq0QE7-doKh1nVGqaB-SKHlnIF7W6dj,01X5UIHT6NVR3FQ65C75D2C56A4YNVQASS
sales,Presentations/General Presentations/_archieved,Distributor and Partner Onboarding KIT.pptx,pptx,0.63,2023-08-25,2023-08-25,Vijender Yadav,Deck; Sales,Deck,,,,active,yes,,https://propalmsnetwork.sharepoint.com/sites/Company/_layouts/15/Doc.aspx?sourcedoc=%7B4E46CDAE-2CEF-42F5-8847-4C500F14FADA%7D&file=Distributor%20and%20Partner%20Onboarding%20KIT.pptx&action=edit&mobileredirect=true,b!MW22Pukebk6aWlrjbkWCK27cJOS0bM9OhUq0QE7-doKh1nVGqaB-SKHlnIF7W6dj,01X5UIHT5OZVDE53ZM6VBIQR2MKAHRJ6W2
sales,Presentations/General Presentations/_archieved,OUTDATED-Accops Product Presentation for Email June 2024.pptx,pptx,13.6,2023-07-19,2025-03-25,SANDIP MALLIK,Deck; Sales,Deck,,,,active,yes,,https://propalmsnetwork.sharepoint.com/sites/Company/_layouts/15/Doc.aspx?sourcedoc=%7B11E02399-D9F1-4190-91ED-B593DE1D2111%7D&file=OUTDATED-Accops%20Product%20Presentation%20for%20Email%20June%202024.pptx&action=edit&mobileredirect=true,b!MW22Pukebk6aWlrjbkWCK27cJOS0bM9OhUq0QE7-doKh1nVGqaB-SKHlnIF7W6dj,01X5UIHT4ZEPQBD4OZSBAZD3NVSPPB2IIR
sales,Presentations/General Presentations/_archieved,Sales & Pre-sales presentation.pptx,pptx,11.78,2023-08-25,2023-08-25,Vijender Yadav,Deck; Sales,Deck,,,,active,yes,,https://propalmsnetwork.sharepoint.com/sites/Company/_layouts/15/Doc.aspx?sourcedoc=%7B09487027-1A6A-4E26-8411-B60F877B4BDA%7D&file=Sales%20%26%20Pre-sales%20presentation.pptx&action=edit&mobileredirect=true,b!MW22Pukebk6aWlrjbkWCK27cJOS0bM9OhUq0QE7-doKh1nVGqaB-SKHlnIF7W6dj,01X5UIHTZHOBEAS2Q2EZHIIENWB6DXWS62
sales,Presentations/General Presentations/_archieved,z_to_be_deleted_AMC Customers.pptx,pptx,38.36,2023-06-02,2023-06-02,Vijender Yadav,Deck; Sales,Deck,,,,active,yes,,https://propalmsnetwork.sharepoint.com/sites/Company/_layouts/15/Doc.aspx?sourcedoc=%7B1F5C1F27-EB84-4ACA-9EE5-D524FBF9409B%7D&file=z_to_be_deleted_AMC%20Customers.pptx&action=edit&mobileredirect=true,b!MW22Pukebk6aWlrjbkWCK27cJOS0bM9OhUq0QE7-doKh1nVGqaB-SKHlnIF7W6dj,01X5UIHTZHD5OB7BHLZJFJ5ZOVET57SQE3
sales,Presentations/General Presentations/_archieved,z_to_be_deleted_Nutanix Customers.pptx,pptx,2.53,2023-07-13,2023-08-24,Vijender Yadav,Deck; Nutanix; Sales,Deck,,Nutanix,,active,yes,,https://propalmsnetwork.sharepoint.com/sites/Company/_layouts/15/Doc.aspx?sourcedoc=%7B741571F4-CAE7-486F-8555-DF3986F2E03E%7D&file=z_to_be_deleted_Nutanix%20Customers.pptx&action=edit&mobileredirect=true,b!MW22Pukebk6aWlrjbkWCK27cJOS0bM9OhUq0QE7-doKh1nVGqaB-SKHlnIF7W6dj,01X5UIHT7UOEKXJZ6KN5EIKVO7HGDPFYB6
sales,Presentations/Industry Solutions Presentations/BPOs (Voice users),Accops - Industry Solution - WFH for BPO Users-v3.pdf,pdf,1.62,2021-07-16,2021-07-16,BALABHARATHY,Deck; IT / ITeS; Sales,Deck,IT / ITeS,,,active,yes,,https://propalmsnetwork.sharepoint.com/sites/Company/Shared%20Documents/Sales/Sales%20Collateral/Presentations/Industry%20Solutions%20Presentations/BPOs%20(Voice%20users)/Accops%20-%20Industry%20Solution%20-%20WFH%20for%20BPO%20Users-v3.pdf,b!MW22Pukebk6aWlrjbkWCK27cJOS0bM9OhUq0QE7-doKh1nVGqaB-SKHlnIF7W6dj,01X5UIHT5I5FWCIPKLEZCLCOZXBFQGF5R2
sales,Presentations/Industry Solutions Presentations/BPOs (Voice users),Accops - Industry Solution - WFH for BPO Users-v3.pptx,pptx,2.46,2021-07-16,2021-07-16,BALABHARATHY,Deck; IT / ITeS; Sales,Deck,IT / ITeS,,,active,yes,,https://propalmsnetwork.sharepoint.com/sites/Company/_layouts/15/Doc.aspx?sourcedoc=%7B48B62D74-97CD-4749-9AE1-AF98EA1E81A3%7D&file=Accops%20-%20Industry%20Solution%20-%20WFH%20for%20BPO%20Users-v3.pptx&action=edit&mobileredirect=true,b!MW22Pukebk6aWlrjbkWCK27cJOS0bM9OhUq0QE7-doKh1nVGqaB-SKHlnIF7W6dj,01X5UIHT3UFW3ERTMXJFDZVYNPTDVB5AND
sales,Presentations/Industry Solutions Presentations/Banks,Accops - Industry Solution - Banks & Financial Institutes.pptx,pptx,4.81,2021-07-16,2026-04-14,Samhita TV,Deck; BFSI; Sales,Deck,BFSI,,,active,yes,,https://propalmsnetwork.sharepoint.com/sites/Company/_layouts/15/Doc.aspx?sourcedoc=%7B5846666D-C4D8-4B5D-8C93-9BC262A7E6E8%7D&file=Accops%20-%20Industry%20Solution%20-%20Banks%20%26%20Financial%20Institutes.pptx&action=edit&mobileredirect=true,b!MW22Pukebk6aWlrjbkWCK27cJOS0bM9OhUq0QE7-doKh1nVGqaB-SKHlnIF7W6dj,01X5UIHT3NMZDFRWGELVFYZE43YJRKPZXI
sales,Presentations/Industry Solutions Presentations/Banks,Accops - Industry Solution - NBFC.pptx,pptx,7.42,2021-07-16,2021-07-16,BALABHARATHY,Deck; BFSI; Sales,Deck,BFSI,,,active,yes,,https://propalmsnetwork.sharepoint.com/sites/Company/_layouts/15/Doc.aspx?sourcedoc=%7B2FB2BA6E-C4AD-4C7F-BB5F-B62D04B7E2E8%7D&file=Accops%20-%20Industry%20Solution%20-%20NBFC.pptx&action=edit&mobileredirect=true,b!MW22Pukebk6aWlrjbkWCK27cJOS0bM9OhUq0QE7-doKh1nVGqaB-SKHlnIF7W6dj,01X5UIHT3OXKZC7LOEP5GLWX5WFUCLPYXI
sales,Presentations/Industry Solutions Presentations/Banks,Accops - Industry Solutions - BFSI - RBI Compliant banking.pptx,pptx,9.12,2021-07-16,2021-07-16,BALABHARATHY,Deck; BFSI; Browser Isolation; Sales,Deck,BFSI,Browser Isolation,,active,yes,,https://propalmsnetwork.sharepoint.com/sites/Company/_layouts/15/Doc.aspx?sourcedoc=%7B1EFFF3B4-8EEE-4AC7-88B8-328BE75953DD%7D&file=Accops%20-%20Industry%20Solutions%20-%20BFSI%20-%20RBI%20Compliant%20banking.pptx&action=edit&mobileredirect=true,b!MW22Pukebk6aWlrjbkWCK27cJOS0bM9OhUq0QE7-doKh1nVGqaB-SKHlnIF7W6dj,01X5UIHT5U6P7R53UOY5FIROBSRPTVSU65
sales,Presentations/Industry Solutions Presentations/Banks,Accops-BFSI-Part1.pptx,pptx,4.42,2021-08-19,2021-09-19,Vijender Yadav,Deck; BFSI; Sales,Deck,BFSI,,,active,yes,,https://propalmsnetwork.sharepoint.com/sites/Company/_layouts/15/Doc.aspx?sourcedoc=%7B19BC084F-A046-439B-9946-082FA8DC34D4%7D&file=Accops-BFSI-Part1.pptx&action=edit&mobileredirect=true,b!MW22Pukebk6aWlrjbkWCK27cJOS0bM9OhUq0QE7-doKh1nVGqaB-SKHlnIF7W6dj,01X5UIHT2PBC6BSRVATNBZSRQIF6UNYNGU
sales,Presentations/Industry Solutions Presentations/Banks/Co-Operative Banks,Accops - Industry Solution - UCB-v2.docx,docx,0.2,2021-07-16,2021-07-16,BALABHARATHY,Deck; BFSI; Sales,Deck,BFSI,,,active,yes,,https://propalmsnetwork.sharepoint.com/sites/Company/_layouts/15/Doc.aspx?sourcedoc=%7BC7ECA275-3D02-4DE8-BBB3-6E986D583771%7D&file=Accops%20-%20Industry%20Solution%20-%20UCB-v2.docx&action=default&mobileredirect=true,b!MW22Pukebk6aWlrjbkWCK27cJOS0bM9OhUq0QE7-doKh1nVGqaB-SKHlnIF7W6dj,01X5UIHT3VULWMOAR55BG3XM3OTBWVQN3R
sales,Presentations/Industry Solutions Presentations/Banks/Co-Operative Banks,Accops - Industry Solution - UCB-v2.pdf,pdf,0.42,2021-07-16,2021-07-16,BALABHARATHY,Deck; BFSI; Sales,Deck,BFSI,,,active,yes,,https://propalmsnetwork.sharepoint.com/sites/Company/Shared%20Documents/Sales/Sales%20Collateral/Presentations/Industry%20Solutions%20Presentations/Banks/Co-Operative%20Banks/Accops%20-%20Industry%20Solution%20-%20UCB-v2.pdf,b!MW22Pukebk6aWlrjbkWCK27cJOS0bM9OhUq0QE7-doKh1nVGqaB-SKHlnIF7W6dj,01X5UIHTY2Q6JHJYBV7NHZOKP3AI6DUK6X
sales,Presentations/Industry Solutions Presentations/Banks/Co-Operative Banks,RBI-2019-Cyber Security Framework for Primary (Urban) Co-Op. Banks.PDF,pdf,0.38,2021-07-16,2021-07-16,BALABHARATHY,Deck; BFSI; Browser Isolation; Sales,Deck,BFSI,Browser Isolation,,active,yes,,https://propalmsnetwork.sharepoint.com/sites/Company/Shared%20Documents/Sales/Sales%20Collateral/Presentations/Industry%20Solutions%20Presentations/Banks/Co-Operative%20Banks/RBI-2019-Cyber%20Security%20Framework%20for%20Primary%20(Urban)%20Co-Op.%20Banks.PDF,b!MW22Pukebk6aWlrjbkWCK27cJOS0bM9OhUq0QE7-doKh1nVGqaB-SKHlnIF7W6dj,01X5UIHT4TLBJ35XLVJ5EJCNDUL5M7Z4UY
sales,Presentations/Industry Solutions Presentations/Banks/_old,Accops Industry Solutions - Banks - v3.pdf,pdf,4.37,2021-07-16,2021-07-16,Vijender Yadav,Deck; BFSI; Sales; Archived,Deck,BFSI,,,archived,no,archive/draft folder,https://propalmsnetwork.sharepoint.com/sites/Company/Shared%20Documents/Sales/Sales%20Collateral/Presentations/Industry%20Solutions%20Presentations/Banks/_old/Accops%20Industry%20Solutions%20-%20Banks%20-%20v3.pdf,b!MW22Pukebk6aWlrjbkWCK27cJOS0bM9OhUq0QE7-doKh1nVGqaB-SKHlnIF7W6dj,01X5UIHT2DM54WGXGFAVEKV6I5OL5DOH6L
sales,Presentations/Industry Solutions Presentations/Banks/_old,Accops Industry Solutions - Banks - v3.pptx,pptx,9.95,2021-07-16,2021-07-16,Vijender Yadav,Deck; BFSI; Sales; Archived,Deck,BFSI,,,archived,no,archive/draft folder,https://propalmsnetwork.sharepoint.com/sites/Company/_layouts/15/Doc.aspx?sourcedoc=%7B62E08862-C4C3-4D85-A57C-6AF1D289AC73%7D&file=Accops%20Industry%20Solutions%20-%20Banks%20-%20v3.pptx&action=edit&mobileredirect=true,b!MW22Pukebk6aWlrjbkWCK27cJOS0bM9OhUq0QE7-doKh1nVGqaB-SKHlnIF7W6dj,01X5UIHT3CRDQGFQ6EQVG2K7DK6HJITLDT
sales,Presentations/Industry Solutions Presentations/CSP-MSP,Accops for MSP-CSP.pptx,pptx,4.72,2022-11-02,2022-11-02,Vijender Yadav,Deck; Sales,Deck,,,,active,yes,,https://propalmsnetwork.sharepoint.com/sites/Company/_layouts/15/Doc.aspx?sourcedoc=%7B9871BBE9-0BAA-4E99-A451-4F8147D4C741%7D&file=Accops%20for%20MSP-CSP.pptx&action=edit&mobileredirect=true,b!MW22Pukebk6aWlrjbkWCK27cJOS0bM9OhUq0QE7-doKh1nVGqaB-SKHlnIF7W6dj,01X5UIHT7JXNYZRKQLTFHKIUKPQFD5JR2B
sales,Presentations/Industry Solutions Presentations/Consultancies,Accops - Industry Solution - Consulting Companies-v4.docx,docx,1.83,2021-07-16,2021-07-16,BALABHARATHY,Deck; Sales,Deck,,,,active,yes,,https://propalmsnetwork.sharepoint.com/sites/Company/_layouts/15/Doc.aspx?sourcedoc=%7B8B6FC73A-1961-4367-98E5-56980406701C%7D&file=Accops%20-%20Industry%20Solution%20-%20Consulting%20Companies-v4.docx&action=default&mobileredirect=true,b!MW22Pukebk6aWlrjbkWCK27cJOS0bM9OhUq0QE7-doKh1nVGqaB-SKHlnIF7W6dj,01X5UIHTZ2Y5XYWYIZM5BZRZKWTACAM4A4
sales,Presentations/Industry Solutions Presentations/Consultancies,Accops - Industry Solution - Consulting Companies-v4.pdf,pdf,0.49,2021-07-16,2021-07-16,BALABHARATHY,Deck; Sales,Deck,,,,active,yes,,https://propalmsnetwork.sharepoint.com/sites/Company/Shared%20Documents/Sales/Sales%20Collateral/Presentations/Industry%20Solutions%20Presentations/Consultancies/Accops%20-%20Industry%20Solution%20-%20Consulting%20Companies-v4.pdf,b!MW22Pukebk6aWlrjbkWCK27cJOS0bM9OhUq0QE7-doKh1nVGqaB-SKHlnIF7W6dj,01X5UIHT7H5PKRXGOCFFHJTEKEEHRILPD7
sales,Presentations/Industry Solutions Presentations/Defence,Accops - FutureWF - v2.pptx,pptx,13.57,2025-04-27,2025-11-30,Vijender Yadav,Deck; Government; Sales,Deck,Government,,,active,yes,,https://propalmsnetwork.sharepoint.com/sites/Company/_layouts/15/Doc.aspx?sourcedoc=%7BFCAA6C05-D94A-4275-AF4D-1DD166791A06%7D&file=Accops%20-%20FutureWF%20-%20v2.pptx&action=edit&mobileredirect=true,b!MW22Pukebk6aWlrjbkWCK27cJOS0bM9OhUq0QE7-doKh1nVGqaB-SKHlnIF7W6dj,01X5UIHTYFNSVPYSWZOVBK6TI52FTHSGQG
sales,Presentations/Industry Solutions Presentations/Defence,Accops-Defense-Event-20min-01Dec25.pptx,pptx,26.0,2025-11-30,2025-12-01,Vijender Yadav,Deck; Event; Government; Sales,Deck; Event,Government,,,active,yes,,https://propalmsnetwork.sharepoint.com/sites/Company/_layouts/15/Doc.aspx?sourcedoc=%7BAC2179DF-4D8F-4D75-91B1-29F9A018E61A%7D&file=Accops-Defense-Event-20min-01Dec25.pptx&action=edit&mobileredirect=true,b!MW22Pukebk6aWlrjbkWCK27cJOS0bM9OhUq0QE7-doKh1nVGqaB-SKHlnIF7W6dj,01X5UIHT67PEQ2ZD2NOVGZDMJJ7GQBRZQ2
sales,Presentations/Industry Solutions Presentations/Defence,Defence-Orgs-Secure-Computing.pdf,pdf,3.81,2022-03-15,2022-03-15,Vijender Yadav,Deck; Government; Sales,Deck,Government,,,active,yes,,https://propalmsnetwork.sharepoint.com/sites/Company/Shared%20Documents/Sales/Sales%20Collateral/Presentations/Industry%20Solutions%20Presentations/Defence/Defence-Orgs-Secure-Computing.pdf,b!MW22Pukebk6aWlrjbkWCK27cJOS0bM9OhUq0QE7-doKh1nVGqaB-SKHlnIF7W6dj,01X5UIHTZDJSMM7FHZONCYNJ4ISJ2WTL5A
sales,Presentations/Industry Solutions Presentations/Education,Applying Virtualization to Training Lab.pptx,pptx,0.07,2023-01-07,2025-03-19,SANDIP MALLIK,Deck; Education; Sales,Deck,Education,,,active,yes,,https://propalmsnetwork.sharepoint.com/sites/Company/_layouts/15/Doc.aspx?sourcedoc=%7B36453BD9-2682-49A0-8606-CAEC789D2914%7D&file=Applying%20Virtualization%20to%20Training%20Lab.pptx&action=edit&mobileredirect=true,b!MW22Pukebk6aWlrjbkWCK27cJOS0bM9OhUq0QE7-doKh1nVGqaB-SKHlnIF7W6dj,01X5UIHT6ZHNCTNARGUBEYMBWK5R4J2KIU
sales,Presentations/Industry Solutions Presentations/Education,New Accops Deck for EU_Universities.pptx,pptx,16.93,2024-03-05,2024-03-05,SANDIP MALLIK,Deck; Education; Sales,Deck,Education,,,active,yes,,https://propalmsnetwork.sharepoint.com/sites/Company/_layouts/15/Doc.aspx?sourcedoc=%7B04D61CBA-0A91-4AC9-90CF-E646EAA9F6A1%7D&file=New%20Accops%20Deck%20for%20EU_Universities.pptx&action=edit&mobileredirect=true,b!MW22Pukebk6aWlrjbkWCK27cJOS0bM9OhUq0QE7-doKh1nVGqaB-SKHlnIF7W6dj,01X5UIHT52DTLAJEIKZFFJBT7GI3VKT5VB
sales,Presentations/Industry Solutions Presentations/Government,"20250426 FoW-CyberWarfare-Critical Infra, Cyber and AI - Copy.pptx",pptx,8.55,2025-04-27,2025-04-27,Vijender Yadav,Deck; Government; Sales,Deck,Government,,,active,yes,,"https://propalmsnetwork.sharepoint.com/sites/Company/_layouts/15/Doc.aspx?sourcedoc=%7B2EBB9B3E-EF41-4457-8C6C-BE37DDD439AA%7D&file=20250426%20FoW-CyberWarfare-Critical%20Infra,%20Cyber%20and%20AI%20-%20Copy.pptx&action=edit&mobileredirect=true",b!MW22Pukebk6aWlrjbkWCK27cJOS0bM9OhUq0QE7-doKh1nVGqaB-SKHlnIF7W6dj,01X5UIHTZ6TO5S4QPPK5CIY3F6G7O5IONK
sales,Presentations/Industry Solutions Presentations/Government,Accops -  Industry Solution - Government.pptx,pptx,8.75,2021-07-16,2021-07-16,Vijender Yadav,Deck; Government; Sales,Deck,Government,,,active,yes,,https://propalmsnetwork.sharepoint.com/sites/Company/_layouts/15/Doc.aspx?sourcedoc=%7BB426663F-791E-4D84-86C8-36C8D9B320E9%7D&file=Accops%20-%20%20Industry%20Solution%20-%20Government.pptx&action=edit&mobileredirect=true,b!MW22Pukebk6aWlrjbkWCK27cJOS0bM9OhUq0QE7-doKh1nVGqaB-SKHlnIF7W6dj,01X5UIHTZ7MYTLIHTZQRGYNSBWZDM3GIHJ
sales,Presentations/Industry Solutions Presentations/Government,Accops - Industry Solution - Govt. - eOffice-v2.pdf,pdf,0.72,2021-07-16,2021-07-16,BALABHARATHY,Deck; Government; Sales,Deck,Government,,,active,yes,,https://propalmsnetwork.sharepoint.com/sites/Company/Shared%20Documents/Sales/Sales%20Collateral/Presentations/Industry%20Solutions%20Presentations/Government/Accops%20-%20Industry%20Solution%20-%20Govt.%20-%20eOffice-v2.pdf,b!MW22Pukebk6aWlrjbkWCK27cJOS0bM9OhUq0QE7-doKh1nVGqaB-SKHlnIF7W6dj,01X5UIHT6SV2ER7FXGPRGILZOWFI7PHH2I
sales,Presentations/Industry Solutions Presentations/Government,Accops - Industry Solution - Govt. - eOffice-v2.pptx,pptx,0.7,2021-07-16,2023-07-13,SANDIP MALLIK,Deck; Government; Sales,Deck,Government,,,active,yes,,https://propalmsnetwork.sharepoint.com/sites/Company/_layouts/15/Doc.aspx?sourcedoc=%7BFED44C68-D012-4854-BF6D-00AC73E84065%7D&file=Accops%20-%20Industry%20Solution%20-%20Govt.%20-%20eOffice-v2.pptx&action=edit&mobileredirect=true,b!MW22Pukebk6aWlrjbkWCK27cJOS0bM9OhUq0QE7-doKh1nVGqaB-SKHlnIF7W6dj,01X5UIHT3IJTKP4EWQKREL63IAVRZ6QQDF
sales,Presentations/Industry Solutions Presentations/Government,Accops - Partner Presentation - Government Business.pptx,pptx,14.37,2021-08-31,2024-01-23,SANDIP MALLIK,Deck; Government; Sales,Deck,Government,,,active,yes,,https://propalmsnetwork.sharepoint.com/sites/Company/_layouts/15/Doc.aspx?sourcedoc=%7B1C236F2F-13A0-4B26-8B33-55F60CBA9160%7D&file=Accops%20-%20Partner%20Presentation%20-%20Government%20Business.pptx&action=edit&mobileredirect=true,b!MW22Pukebk6aWlrjbkWCK27cJOS0bM9OhUq0QE7-doKh1nVGqaB-SKHlnIF7W6dj,01X5UIHTZPN4RRZIATEZFYWM2V6YGLVELA
sales,Presentations/Industry Solutions Presentations/Government,Accops ZTNA for Government.pdf,pdf,1.89,2026-01-15,2026-01-15,Vijender Yadav,Deck; Government; ZTNA; Sales,Deck,Government,ZTNA,,active,yes,,https://propalmsnetwork.sharepoint.com/sites/Company/Shared%20Documents/Sales/Sales%20Collateral/Presentations/Industry%20Solutions%20Presentations/Government/Accops%20ZTNA%20for%20Government.pdf,b!MW22Pukebk6aWlrjbkWCK27cJOS0bM9OhUq0QE7-doKh1nVGqaB-SKHlnIF7W6dj,01X5UIHT5LBCBR6YE5DBG26SW4MT74GXUE
sales,Presentations/Industry Solutions Presentations/Government,Accops ZTNA for Government.pptx,pptx,10.76,2026-01-15,2026-03-20,Vijender Yadav,Deck; Government; ZTNA; Sales,Deck,Government,ZTNA,,active,yes,,https://propalmsnetwork.sharepoint.com/sites/Company/_layouts/15/Doc.aspx?sourcedoc=%7B2656E666-64B0-4401-88C9-337CC79078C3%7D&file=Accops%20ZTNA%20for%20Government.pptx&action=edit&mobileredirect=true,b!MW22Pukebk6aWlrjbkWCK27cJOS0bM9OhUq0QE7-doKh1nVGqaB-SKHlnIF7W6dj,01X5UIHT3G4ZLCNMDEAFCIRSJTPTDZA6GD
sales,Presentations/Industry Solutions Presentations/Government,Accops-Government-Presentation-Oct-2024.pptx,pptx,43.91,2024-10-19,2025-04-18,Vijender Yadav,Deck; Government; Sales,Deck,Government,,,active,yes,,https://propalmsnetwork.sharepoint.com/sites/Company/_layouts/15/Doc.aspx?sourcedoc=%7B1701448F-9FFA-415F-8360-6233F6F245DA%7D&file=Accops-Government-Presentation-Oct-2024.pptx&action=edit&mobileredirect=true,b!MW22Pukebk6aWlrjbkWCK27cJOS0bM9OhUq0QE7-doKh1nVGqaB-SKHlnIF7W6dj,01X5UIHT4PIQARP6U7L5AYGYDCGP3PERO2
sales,Presentations/Industry Solutions Presentations/Government,Accops-Govt-2Hours-May-2025.pptx,pptx,19.91,2025-05-07,2025-05-23,Vijender Yadav,Deck; Government; Sales,Deck,Government,,,active,yes,,https://propalmsnetwork.sharepoint.com/sites/Company/_layouts/15/Doc.aspx?sourcedoc=%7B3BEB3D5C-1CF5-4797-9013-E21D1A18259E%7D&file=Accops-Govt-2Hours-May-2025.pptx&action=edit&mobileredirect=true,b!MW22Pukebk6aWlrjbkWCK27cJOS0bM9OhUq0QE7-doKh1nVGqaB-SKHlnIF7W6dj,01X5UIHT24HXVTX5I4S5DZAE7CDUNBQJM6
sales,Presentations/Industry Solutions Presentations/Government,Accops-Govt-GTRE-2HourSessionIAM-June2025.pptx,pptx,21.99,2025-06-20,2025-06-20,Vijender Yadav,Deck; Government; Sales,Deck,Government,,,active,yes,,https://propalmsnetwork.sharepoint.com/sites/Company/_layouts/15/Doc.aspx?sourcedoc=%7B7A02BFB9-5B5D-49C6-A7AA-736E648FB3ED%7D&file=Accops-Govt-GTRE-2HourSessionIAM-June2025.pptx&action=edit&mobileredirect=true,b!MW22Pukebk6aWlrjbkWCK27cJOS0bM9OhUq0QE7-doKh1nVGqaB-SKHlnIF7W6dj,01X5UIHT5ZX4BHUXK3YZE2PKTTNZSI7M7N
sales,Presentations/Industry Solutions Presentations/Government,Accops-POC-for-eOffice.pptx,pptx,0.33,2021-07-16,2021-07-16,BALABHARATHY,Deck; Government; Sales,Deck,Government,,,active,yes,,https://propalmsnetwork.sharepoint.com/sites/Company/_layouts/15/Doc.aspx?sourcedoc=%7BF5B66850-FDB8-4E66-B54F-333B57C349AF%7D&file=Accops-POC-for-eOffice.pptx&action=edit&mobileredirect=true,b!MW22Pukebk6aWlrjbkWCK27cJOS0bM9OhUq0QE7-doKh1nVGqaB-SKHlnIF7W6dj,01X5UIHT2QNC3PLOH5MZHLKTZTHNL4GSNP
sales,Presentations/Industry Solutions Presentations/Government,Accops-Webinar-Government-Mar2026.pptx,pptx,20.55,2026-03-20,2026-03-20,Vijender Yadav,Deck; Webinar; Government; Sales,Deck; Webinar,Government,,,active,yes,,https://propalmsnetwork.sharepoint.com/sites/Company/_layouts/15/Doc.aspx?sourcedoc=%7B23E27B9F-31EF-4D74-8D16-4B6EFEE4A1EA%7D&file=Accops-Webinar-Government-Mar2026.pptx&action=edit&mobileredirect=true,b!MW22Pukebk6aWlrjbkWCK27cJOS0bM9OhUq0QE7-doKh1nVGqaB-SKHlnIF7W6dj,01X5UIHT47PPRCH3ZRORGY2FSLN37OJIPK
sales,Presentations/Industry Solutions Presentations/Government,NIC - Secure Access - Internal - 2.mp4,mp4,3.27,2021-07-16,2021-07-16,BALABHARATHY,Deck; Government; Sales,Deck,Government,,,active,no,not a document,https://propalmsnetwork.sharepoint.com/sites/Company/Shared%20Documents/Sales/Sales%20Collateral/Presentations/Industry%20Solutions%20Presentations/Government/NIC%20-%20Secure%20Access%20-%20Internal%20-%202.mp4,b!MW22Pukebk6aWlrjbkWCK27cJOS0bM9OhUq0QE7-doKh1nVGqaB-SKHlnIF7W6dj,01X5UIHTYYNY7YWHRIMJEZ26TECWOJ3F3A
sales,Presentations/Industry Solutions Presentations/Government,NIC - Secure Access - Internal -1.mp4,mp4,0.74,2021-07-16,2021-07-16,BALABHARATHY,Deck; Government; Sales,Deck,Government,,,active,no,not a document,https://propalmsnetwork.sharepoint.com/sites/Company/Shared%20Documents/Sales/Sales%20Collateral/Presentations/Industry%20Solutions%20Presentations/Government/NIC%20-%20Secure%20Access%20-%20Internal%20-1.mp4,b!MW22Pukebk6aWlrjbkWCK27cJOS0bM9OhUq0QE7-doKh1nVGqaB-SKHlnIF7W6dj,01X5UIHTYPGONGDW4TNZE2BY72QLPXCBDB
sales,Presentations/Industry Solutions Presentations/Government,VDI for Govt - TCO.pptx,pptx,4.49,2025-06-20,2025-06-20,Vijender Yadav,Deck; Government; VDI; Sales,Deck,Government,VDI,,active,yes,,https://propalmsnetwork.sharepoint.com/sites/Company/_layouts/15/Doc.aspx?sourcedoc=%7BD24B797D-8A99-4E31-8E67-73BD8243FE1A%7D&file=VDI%20for%20Govt%20-%20TCO.pptx&action=edit&mobileredirect=true,b!MW22Pukebk6aWlrjbkWCK27cJOS0bM9OhUq0QE7-doKh1nVGqaB-SKHlnIF7W6dj,01X5UIHT35PFF5FGMKGFHI4Z3TXWBEH7Q2
sales,Presentations/Industry Solutions Presentations/Government,z__Outdated__Accops NIC PPT 04 Feb.pptx,pptx,59.68,2025-02-03,2025-06-10,Vijender Yadav,Deck; Government; Sales,Deck,Government,,,active,yes,,https://propalmsnetwork.sharepoint.com/sites/Company/_layouts/15/Doc.aspx?sourcedoc=%7BBBA8DCB7-9B75-4937-83C7-1B6098034936%7D&file=z__Outdated__Accops%20NIC%20PPT%2004%20Feb.pptx&action=edit&mobileredirect=true,b!MW22Pukebk6aWlrjbkWCK27cJOS0bM9OhUq0QE7-doKh1nVGqaB-SKHlnIF7W6dj,01X5UIHT5X3SULW5M3G5EYHRY3MCMAGSJW
sales,Presentations/Industry Solutions Presentations/Healthcare,Accops - Industry Solution - Healthcare-v4.pptx,pptx,4.81,2021-07-16,2021-07-16,BALABHARATHY,Deck; Pharma / Healthcare; Sales,Deck,Pharma / Healthcare,,,active,yes,,https://propalmsnetwork.sharepoint.com/sites/Company/_layouts/15/Doc.aspx?sourcedoc=%7B5776B941-43E7-40DB-8DAD-84C35530DC37%7D&file=Accops%20-%20Industry%20Solution%20-%20Healthcare-v4.pptx&action=edit&mobileredirect=true,b!MW22Pukebk6aWlrjbkWCK27cJOS0bM9OhUq0QE7-doKh1nVGqaB-SKHlnIF7W6dj,01X5UIHT2BXF3FPZ2D3NAI3LMEYNKTBXBX
sales,Presentations/Industry Solutions Presentations/Pharma,Accops - Industry Solution - Pharma-v5.1.pptx,pptx,10.11,2021-07-16,2021-07-16,BALABHARATHY,Deck; Pharma / Healthcare; Sales,Deck,Pharma / Healthcare,,,active,yes,,https://propalmsnetwork.sharepoint.com/sites/Company/_layouts/15/Doc.aspx?sourcedoc=%7B273EAC91-6CCB-43DA-B05A-8FCDA20EEFAF%7D&file=Accops%20-%20Industry%20Solution%20-%20Pharma-v5.1.pptx&action=edit&mobileredirect=true,b!MW22Pukebk6aWlrjbkWCK27cJOS0bM9OhUq0QE7-doKh1nVGqaB-SKHlnIF7W6dj,01X5UIHT4RVQ7CPS3M3JB3AWUPZWRA535P
sales,Presentations/Industry Solutions Presentations/Retail,Accops - Industry Solutions - Retail.v4.pptx,pptx,5.46,2021-07-16,2021-07-16,BALABHARATHY,Deck; E-commerce / Retail; Sales,Deck,E-commerce / Retail,,,active,yes,,https://propalmsnetwork.sharepoint.com/sites/Company/_layouts/15/Doc.aspx?sourcedoc=%7B4B2AD054-59E4-42AA-B898-9727C1B26DC0%7D&file=Accops%20-%20Industry%20Solutions%20-%20Retail.v4.pptx&action=edit&mobileredirect=true,b!MW22Pukebk6aWlrjbkWCK27cJOS0bM9OhUq0QE7-doKh1nVGqaB-SKHlnIF7W6dj,01X5UIHT2U2AVEXZCZVJBLRGEXE7A3E3OA
sales,Presentations/Product Presentations/ABS,Accops BioAuth Architecture and Security Details.pptx,pptx,0.88,2021-07-16,2024-11-28,Vijender Yadav,Deck; BioAuth; Sales,Deck,,BioAuth,,active,yes,,https://propalmsnetwork.sharepoint.com/sites/Company/_layouts/15/Doc.aspx?sourcedoc=%7BABE6F3AB-F878-41E5-942E-E4C950AC2DE8%7D&file=Accops%20BioAuth%20Architecture%20and%20Security%20Details.pptx&action=edit&mobileredirect=true,b!MW22Pukebk6aWlrjbkWCK27cJOS0bM9OhUq0QE7-doKh1nVGqaB-SKHlnIF7W6dj,01X5UIHT5L6PTKW6HY4VAZILXEZFIKYLPI
sales,Presentations/Product Presentations/ABS,Accops BioAuth Deployment Details.pptx,pptx,0.91,2021-11-16,2024-11-28,Vijender Yadav,Deck; BioAuth; Sales,Deck,,BioAuth,,active,yes,,https://propalmsnetwork.sharepoint.com/sites/Company/_layouts/15/Doc.aspx?sourcedoc=%7BFEF2EC0E-979B-4E50-980C-477C5A0E22E2%7D&file=Accops%20BioAuth%20Deployment%20Details.pptx&action=edit&mobileredirect=true,b!MW22Pukebk6aWlrjbkWCK27cJOS0bM9OhUq0QE7-doKh1nVGqaB-SKHlnIF7W6dj,01X5UIHTYO5TZP5G4XKBHJQDCHPRNA4IXC
sales,Presentations/Product Presentations/ABS,Accops-BioAuth-Finacle-Integration.pptx,pptx,7.97,2024-11-28,2024-11-28,Vijender Yadav,Deck; BioAuth; Sales,Deck,,BioAuth,,active,yes,,https://propalmsnetwork.sharepoint.com/sites/Company/_layouts/15/Doc.aspx?sourcedoc=%7B1F38042A-F2FF-4B26-8E44-25B7FE30EBAE%7D&file=Accops-BioAuth-Finacle-Integration.pptx&action=edit&mobileredirect=true,b!MW22Pukebk6aWlrjbkWCK27cJOS0bM9OhUq0QE7-doKh1nVGqaB-SKHlnIF7W6dj,01X5UIHTZKAQ4B777SEZFY4RBFW77DB25O
sales,Presentations/Product Presentations/ABS,Accops-BioAuth-Product-Presentation.pptx,pptx,2.75,2022-10-25,2024-11-28,Vijender Yadav,Deck; BioAuth; Sales,Deck,,BioAuth,,active,yes,,https://propalmsnetwork.sharepoint.com/sites/Company/_layouts/15/Doc.aspx?sourcedoc=%7B4250A7AA-0FA4-4866-9B55-7B0EFC9038A3%7D&file=Accops-BioAuth-Product-Presentation.pptx&action=edit&mobileredirect=true,b!MW22Pukebk6aWlrjbkWCK27cJOS0bM9OhUq0QE7-doKh1nVGqaB-SKHlnIF7W6dj,01X5UIHT5KU5IEFJAPMZEJWVL3B36JAOFD
sales,Presentations/Product Presentations/ABS/Proposal,Accops - Techno Commercial Proposal - HyID with Biometric Authentication.docx,docx,2.09,2021-07-16,2021-07-25,SUNIL TITTO,Deck; Proposal; HyID; BioAuth; Sales,Deck; Proposal,,HyID; BioAuth,,active,yes,,https://propalmsnetwork.sharepoint.com/sites/Company/_layouts/15/Doc.aspx?sourcedoc=%7BBFD89806-9CF1-4D37-81C8-5ABAD4890EEA%7D&file=Accops%20-%20Techno%20Commercial%20Proposal%20-%20HyID%20with%20Biometric%20Authentication.docx&action=default&mobileredirect=true,b!MW22Pukebk6aWlrjbkWCK27cJOS0bM9OhUq0QE7-doKh1nVGqaB-SKHlnIF7W6dj,01X5UIHTYGTDML74M4G5GYDSC2XLKISDXK
sales,Presentations/Product Presentations/ABS/Proposal,Accops BioAuth Deployment Details-v2.pptx,pptx,0.89,2023-01-10,2022-04-17,Vijender Yadav,Deck; BioAuth; Sales,Deck,,BioAuth,,active,yes,,https://propalmsnetwork.sharepoint.com/sites/Company/_layouts/15/Doc.aspx?sourcedoc=%7BD506695A-FD2B-429A-BBD3-3C761153A159%7D&file=Accops%20BioAuth%20Deployment%20Details-v2.pptx&action=edit&mobileredirect=true,b!MW22Pukebk6aWlrjbkWCK27cJOS0bM9OhUq0QE7-doKh1nVGqaB-SKHlnIF7W6dj,01X5UIHT22NEDNKK75TJBLXUZ4OYIVHIKZ
sales,Presentations/Product Presentations/ABS/Proposal,Accops-HDFCBank-MFA-V2.pptx,pptx,5.29,2023-01-10,2022-11-30,Vijender Yadav,Deck; BFSI; MFA; Sales,Deck,BFSI,MFA,,active,yes,,https://propalmsnetwork.sharepoint.com/sites/Company/_layouts/15/Doc.aspx?sourcedoc=%7BFAA30232-F38A-46F6-AFC1-6B2D469DCDAA%7D&file=Accops-HDFCBank-MFA-V2.pptx&action=edit&mobileredirect=true,b!MW22Pukebk6aWlrjbkWCK27cJOS0bM9OhUq0QE7-doKh1nVGqaB-SKHlnIF7W6dj,01X5UIHTZSAKR7VCXT6ZDK7QLLFVDJ3TNK
sales,Presentations/Product Presentations/ABS/Proposal,BOM with prices and sizing-v3.xlsx,xlsx,0.04,2023-01-10,2023-01-26,Vijender Yadav,Deck; Sales,Deck,,,,active,yes,,https://propalmsnetwork.sharepoint.com/sites/Company/_layouts/15/Doc.aspx?sourcedoc=%7BADF719BD-101C-4801-BCAA-A62DBFB1436D%7D&file=BOM%20with%20prices%20and%20sizing-v3.xlsx&action=default&mobileredirect=true,b!MW22Pukebk6aWlrjbkWCK27cJOS0bM9OhUq0QE7-doKh1nVGqaB-SKHlnIF7W6dj,01X5UIHT55DH322HAQAFELZKVGFW73CQ3N
sales,Presentations/Product Presentations/ABS/Proposal,J&K Bank Accops MFA Solution Document-v5.docx,docx,3.74,2023-01-10,2022-04-23,Vijender Yadav,Deck; BFSI; MFA; Sales,Deck,BFSI,MFA,,active,yes,,https://propalmsnetwork.sharepoint.com/sites/Company/_layouts/15/Doc.aspx?sourcedoc=%7BE24121CC-78B9-4E07-86DF-8B856F954FD5%7D&file=J%26K%20Bank%20Accops%20MFA%20Solution%20Document-v5.docx&action=default&mobileredirect=true,b!MW22Pukebk6aWlrjbkWCK27cJOS0bM9OhUq0QE7-doKh1nVGqaB-SKHlnIF7W6dj,01X5UIHT6MEFA6FOLYA5HINX4LQVXZKT6V
sales,Presentations/Product Presentations/ABS/Proposal,SOLUTION PRESENTATION_JK_Bank.pptx,pptx,15.29,2023-01-10,2022-05-30,Vijender Yadav,Deck; BFSI; Sales,Deck,BFSI,,,active,yes,,https://propalmsnetwork.sharepoint.com/sites/Company/_layouts/15/Doc.aspx?sourcedoc=%7B36B30625-2401-42D9-A3E3-2EB82DBDCF0A%7D&file=SOLUTION%20PRESENTATION_JK_Bank.pptx&action=edit&mobileredirect=true,b!MW22Pukebk6aWlrjbkWCK27cJOS0bM9OhUq0QE7-doKh1nVGqaB-SKHlnIF7W6dj,01X5UIHTZFA2ZTMAJE3FBKHYZOXAW33TYK
sales,Presentations/Product Presentations/ABS/_to_delete,_to-delete-Accops - Facial Authentication for WFH Users.pptx,pptx,0.77,2021-07-16,2021-07-16,Vijender Yadav,Deck; Sales,Deck,,,,active,yes,,https://propalmsnetwork.sharepoint.com/sites/Company/_layouts/15/Doc.aspx?sourcedoc=%7B5BAEDDAC-9D80-43C1-8C20-2C2288F700B5%7D&file=_to-delete-Accops%20-%20Facial%20Authentication%20for%20WFH%20Users.pptx&action=edit&mobileredirect=true,b!MW22Pukebk6aWlrjbkWCK27cJOS0bM9OhUq0QE7-doKh1nVGqaB-SKHlnIF7W6dj,01X5UIHT5M3WXFXAE5YFBYYIBMEKEPOAFV
sales,Presentations/Product Presentations/ABS/_to_delete,_tobe_deleted_Accops - HyID with Biometric Authentication - Production Plan.pptx,pptx,0.61,2021-07-16,2021-07-16,Vijender Yadav,Deck; HyID; BioAuth; Sales,Deck,,HyID; BioAuth,,active,yes,,https://propalmsnetwork.sharepoint.com/sites/Company/_layouts/15/Doc.aspx?sourcedoc=%7B451502BF-E48E-4F1C-BC4F-F6DE7FBE1B3D%7D&file=_tobe_deleted_Accops%20-%20HyID%20with%20Biometric%20Authentication%20-%20Production%20Plan.pptx&action=edit&mobileredirect=true,b!MW22Pukebk6aWlrjbkWCK27cJOS0bM9OhUq0QE7-doKh1nVGqaB-SKHlnIF7W6dj,01X5UIHT57AIKULDXEDRH3YT7W3Z734GZ5
sales,Presentations/Product Presentations/ABS/_to_delete,site.zip,zip,7.92,2022-04-16,2022-04-16,Vijender Yadav,Deck; Sales,Deck,,,,active,no,not a document,https://propalmsnetwork.sharepoint.com/sites/Company/Shared%20Documents/Sales/Sales%20Collateral/Presentations/Product%20Presentations/ABS/_to_delete/site.zip,b!MW22Pukebk6aWlrjbkWCK27cJOS0bM9OhUq0QE7-doKh1nVGqaB-SKHlnIF7W6dj,01X5UIHTYRNZ26MZYMXFEJS3ERW6RUVB2E
sales,Presentations/Product Presentations/ABS/_to_delete/site/site,404.html,html,0.02,2022-04-16,2021-12-22,Vijender Yadav,Deck; Sales,Deck,,,,active,no,not a document,https://propalmsnetwork.sharepoint.com/sites/Company/Shared%20Documents/Sales/Sales%20Collateral/Presentations/Product%20Presentations/ABS/_to_delete/site/site/404.html,b!MW22Pukebk6aWlrjbkWCK27cJOS0bM9OhUq0QE7-doKh1nVGqaB-SKHlnIF7W6dj,01X5UIHT5TXR7LBYKRWJDJVKISR7V3CBGX
sales,Presentations/Product Presentations/ABS/_to_delete/site/site,index.html,html,0.02,2022-04-16,2021-12-22,Vijender Yadav,Deck; Sales,Deck,,,,active,no,not a document,https://propalmsnetwork.sharepoint.com/sites/Company/Shared%20Documents/Sales/Sales%20Collateral/Presentations/Product%20Presentations/ABS/_to_delete/site/site/index.html,b!MW22Pukebk6aWlrjbkWCK27cJOS0bM9OhUq0QE7-doKh1nVGqaB-SKHlnIF7W6dj,01X5UIHT4NEKOP5XUNH5F2OANZUOSLLMA6
sales,Presentations/Product Presentations/ABS/_to_delete/site/site,sitemap.xml,xml,0.0,2022-04-16,2021-12-22,Vijender Yadav,Deck; Sales,Deck,,,,active,no,not a document,https://propalmsnetwork.sharepoint.com/sites/Company/Shared%20Documents/Sales/Sales%20Collateral/Presentations/Product%20Presentations/ABS/_to_delete/site/site/sitemap.xml,b!MW22Pukebk6aWlrjbkWCK27cJOS0bM9OhUq0QE7-doKh1nVGqaB-SKHlnIF7W6dj,01X5UIHT7EOKLTXUANQ5BKVHDMNYTVC5BT
sales,Presentations/Product Presentations/ABS/_to_delete/site/site,sitemap.xml.gz,gz,0.0,2022-04-16,2021-12-22,Vijender Yadav,Deck; Sales,Deck,,,,active,no,not a document,https://propalmsnetwork.sharepoint.com/sites/Company/Shared%20Documents/Sales/Sales%20Collateral/Presentations/Product%20Presentations/ABS/_to_delete/site/site/sitemap.xml.gz,b!MW22Pukebk6aWlrjbkWCK27cJOS0bM9OhUq0QE7-doKh1nVGqaB-SKHlnIF7W6dj,01X5UIHT37TQ52EAHUNFBYZKEI5EXLLWEL
sales,Presentations/Product Presentations/ABS/_to_delete/site/site/assets/images,favicon.png,png,0.0,2022-04-16,2021-12-22,Vijender Yadav,Deck; Sales,Deck,,,,active,no,not a document,https://propalmsnetwork.sharepoint.com/sites/Company/Shared%20Documents/Sales/Sales%20Collateral/Presentations/Product%20Presentations/ABS/_to_delete/site/site/assets/images/favicon.png,b!MW22Pukebk6aWlrjbkWCK27cJOS0bM9OhUq0QE7-doKh1nVGqaB-SKHlnIF7W6dj,01X5UIHT2CUVHIISTE6JGZG2J3TSPOQKN2
sales,Presentations/Product Presentations/ABS/_to_delete/site/site/assets/javascripts,bundle.716f8af4.min.js,js,0.08,2022-04-16,2021-12-22,Vijender Yadav,Deck; Sales,Deck,,,,active,no,not a document,https://propalmsnetwork.sharepoint.com/sites/Company/Shared%20Documents/Sales/Sales%20Collateral/Presentations/Product%20Presentations/ABS/_to_delete/site/site/assets/javascripts/bundle.716f8af4.min.js,b!MW22Pukebk6aWlrjbkWCK27cJOS0bM9OhUq0QE7-doKh1nVGqaB-SKHlnIF7W6dj,01X5UIHT7Y6R4EH2BMYBA3P324PVOGGLFF
sales,Presentations/Product Presentations/ABS/_to_delete/site/site/assets/javascripts,bundle.716f8af4.min.js.map,map,0.39,2022-04-16,2021-12-22,Vijender Yadav,Deck; Sales,Deck,,,,active,no,not a document,https://propalmsnetwork.sharepoint.com/sites/Company/Shared%20Documents/Sales/Sales%20Collateral/Presentations/Product%20Presentations/ABS/_to_delete/site/site/assets/javascripts/bundle.716f8af4.min.js.map,b!MW22Pukebk6aWlrjbkWCK27cJOS0bM9OhUq0QE7-doKh1nVGqaB-SKHlnIF7W6dj,01X5UIHT5ZPWTMV4IIWRGZEFNVPW2XKMTB
sales,Presentations/Product Presentations/ABS/_to_delete/site/site/assets/javascripts/lunr,tinyseg.js,js,0.02,2022-04-16,2021-12-22,Vijender Yadav,Deck; Sales,Deck,,,,active,no,not a document,https://propalmsnetwork.sharepoint.com/sites/Company/Shared%20Documents/Sales/Sales%20Collateral/Presentations/Product%20Presentations/ABS/_to_delete/site/site/assets/javascripts/lunr/tinyseg.js,b!MW22Pukebk6aWlrjbkWCK27cJOS0bM9OhUq0QE7-doKh1nVGqaB-SKHlnIF7W6dj,01X5UIHT7P2H3ENGAGXRCLKCUZ3JEVAOZP
sales,Presentations/Product Presentations/ABS/_to_delete/site/site/assets/javascripts/lunr,wordcut.js,js,0.65,2022-04-16,2021-12-22,Vijender Yadav,Deck; Sales,Deck,,,,active,no,not a document,https://propalmsnetwork.sharepoint.com/sites/Company/Shared%20Documents/Sales/Sales%20Collateral/Presentations/Product%20Presentations/ABS/_to_delete/site/site/assets/javascripts/lunr/wordcut.js,b!MW22Pukebk6aWlrjbkWCK27cJOS0bM9OhUq0QE7-doKh1nVGqaB-SKHlnIF7W6dj,01X5UIHT23KMZNERNECRF2F6EXV7JYP2DX
sales,Presentations/Product Presentations/ABS/_to_delete/site/site/assets/javascripts/lunr/min,lunr.ar.min.js,js,0.02,2022-04-16,2021-12-22,Vijender Yadav,Deck; Sales,Deck,,,,active,no,not a document,https://propalmsnetwork.sharepoint.com/sites/Company/Shared%20Documents/Sales/Sales%20Collateral/Presentations/Product%20Presentations/ABS/_to_delete/site/site/assets/javascripts/lunr/min/lunr.ar.min.js,b!MW22Pukebk6aWlrjbkWCK27cJOS0bM9OhUq0QE7-doKh1nVGqaB-SKHlnIF7W6dj,01X5UIHT75BG2XECQI7BCJ2TIHHGZK25EH
sales,Presentations/Product Presentations/ABS/_to_delete/site/site/assets/javascripts/lunr/min,lunr.da.min.js,js,0.0,2022-04-16,2021-12-22,Vijender Yadav,Deck; Sales,Deck,,,,active,no,not a document,https://propalmsnetwork.sharepoint.com/sites/Company/Shared%20Documents/Sales/Sales%20Collateral/Presentations/Product%20Presentations/ABS/_to_delete/site/site/assets/javascripts/lunr/min/lunr.da.min.js,b!MW22Pukebk6aWlrjbkWCK27cJOS0bM9OhUq0QE7-doKh1nVGqaB-SKHlnIF7W6dj,01X5UIHT5J7MD55J5ZW5E3Z7SPE2BZFDRX
sales,Presentations/Product Presentations/ABS/_to_delete/site/site/assets/javascripts/lunr/min,lunr.de.min.js,js,0.01,2022-04-16,2021-12-22,Vijender Yadav,Deck; Sales,Deck,,,,active,no,not a document,https://propalmsnetwork.sharepoint.com/sites/Company/Shared%20Documents/Sales/Sales%20Collateral/Presentations/Product%20Presentations/ABS/_to_delete/site/site/assets/javascripts/lunr/min/lunr.de.min.js,b!MW22Pukebk6aWlrjbkWCK27cJOS0bM9OhUq0QE7-doKh1nVGqaB-SKHlnIF7W6dj,01X5UIHT5TX3AU4ELYSFBIA2G7Z2AEUAU4
sales,Presentations/Product Presentations/ABS/_to_delete/site/site/assets/javascripts/lunr/min,lunr.du.min.js,js,0.01,2022-04-16,2021-12-22,Vijender Yadav,Deck; Sales,Deck,,,,active,no,not a document,https://propalmsnetwork.sharepoint.com/sites/Company/Shared%20Documents/Sales/Sales%20Collateral/Presentations/Product%20Presentations/ABS/_to_delete/site/site/assets/javascripts/lunr/min/lunr.du.min.js,b!MW22Pukebk6aWlrjbkWCK27cJOS0bM9OhUq0QE7-doKh1nVGqaB-SKHlnIF7W6dj,01X5UIHT2YKLO7YWZBIVGZQEWASWTFECQO
sales,Presentations/Product Presentations/ABS/_to_delete/site/site/assets/javascripts/lunr/min,lunr.es.min.js,js,0.01,2022-04-16,2021-12-22,Vijender Yadav,Deck; Sales,Deck,,,,active,no,not a document,https://propalmsnetwork.sharepoint.com/sites/Company/Shared%20Documents/Sales/Sales%20Collateral/Presentations/Product%20Presentations/ABS/_to_delete/site/site/assets/javascripts/lunr/min/lunr.es.min.js,b!MW22Pukebk6aWlrjbkWCK27cJOS0bM9OhUq0QE7-doKh1nVGqaB-SKHlnIF7W6dj,01X5UIHTYEV3RVYJYRO5D35RQVLURAUITM
sales,Presentations/Product Presentations/ABS/_to_delete/site/site/assets/javascripts/lunr/min,lunr.fi.min.js,js,0.01,2022-04-16,2021-12-22,Vijender Yadav,Deck; Sales,Deck,,,,active,no,not a document,https://propalmsnetwork.sharepoint.com/sites/Company/Shared%20Documents/Sales/Sales%20Collateral/Presentations/Product%20Presentations/ABS/_to_delete/site/site/assets/javascripts/lunr/min/lunr.fi.min.js,b!MW22Pukebk6aWlrjbkWCK27cJOS0bM9OhUq0QE7-doKh1nVGqaB-SKHlnIF7W6dj,01X5UIHT2IXCD7ASDVTBAY4JYXB5IHMD3C
sales,Presentations/Product Presentations/ABS/_to_delete/site/site/assets/javascripts/lunr/min,lunr.fr.min.js,js,0.01,2022-04-16,2021-12-22,Vijender Yadav,Deck; Sales,Deck,,,,active,no,not a document,https://propalmsnetwork.sharepoint.com/sites/Company/Shared%20Documents/Sales/Sales%20Collateral/Presentations/Product%20Presentations/ABS/_to_delete/site/site/assets/javascripts/lunr/min/lunr.fr.min.js,b!MW22Pukebk6aWlrjbkWCK27cJOS0bM9OhUq0QE7-doKh1nVGqaB-SKHlnIF7W6dj,01X5UIHT3EOCQ3J4MYCJEYQAXGMECMZZ2M
sales,Presentations/Product Presentations/ABS/_to_delete/site/site/assets/javascripts/lunr/min,lunr.hi.min.js,js,0.0,2022-04-16,2021-12-22,Vijender Yadav,Deck; Sales,Deck,,,,active,no,not a document,https://propalmsnetwork.sharepoint.com/sites/Company/Shared%20Documents/Sales/Sales%20Collateral/Presentations/Product%20Presentations/ABS/_to_delete/site/site/assets/javascripts/lunr/min/lunr.hi.min.js,b!MW22Pukebk6aWlrjbkWCK27cJOS0bM9OhUq0QE7-doKh1nVGqaB-SKHlnIF7W6dj,01X5UIHTZ6AATQ353M5BG35T7QBJ3QNIGD
sales,Presentations/Product Presentations/ABS/_to_delete/site/site/assets/javascripts/lunr/min,lunr.hu.min.js,js,0.01,2022-04-16,2021-12-22,Vijender Yadav,Deck; Sales,Deck,,,,active,no,not a document,https://propalmsnetwork.sharepoint.com/sites/Company/Shared%20Documents/Sales/Sales%20Collateral/Presentations/Product%20Presentations/ABS/_to_delete/site/site/assets/javascripts/lunr/min/lunr.hu.min.js,b!MW22Pukebk6aWlrjbkWCK27cJOS0bM9OhUq0QE7-doKh1nVGqaB-SKHlnIF7W6dj,01X5UIHTYUUHHEVFA3HZB2XE3SKZBDKHF5
sales,Presentations/Product Presentations/ABS/_to_delete/site/site/assets/javascripts/lunr/min,lunr.it.min.js,js,0.01,2022-04-16,2021-12-22,Vijender Yadav,Deck; Sales,Deck,,,,active,no,not a document,https://propalmsnetwork.sharepoint.com/sites/Company/Shared%20Documents/Sales/Sales%20Collateral/Presentations/Product%20Presentations/ABS/_to_delete/site/site/assets/javascripts/lunr/min/lunr.it.min.js,b!MW22Pukebk6aWlrjbkWCK27cJOS0bM9OhUq0QE7-doKh1nVGqaB-SKHlnIF7W6dj,01X5UIHT56SCEZPPCCGRA3L6HGMEBKVH2N
sales,Presentations/Product Presentations/ABS/_to_delete/site/site/assets/javascripts/lunr/min,lunr.ja.min.js,js,0.0,2022-04-16,2021-12-22,Vijender Yadav,Deck; Sales,Deck,,,,active,no,not a document,https://propalmsnetwork.sharepoint.com/sites/Company/Shared%20Documents/Sales/Sales%20Collateral/Presentations/Product%20Presentations/ABS/_to_delete/site/site/assets/javascripts/lunr/min/lunr.ja.min.js,b!MW22Pukebk6aWlrjbkWCK27cJOS0bM9OhUq0QE7-doKh1nVGqaB-SKHlnIF7W6dj,01X5UIHTY5ST35UXBUSRC3Q5GTOBYC22UX
sales,Presentations/Product Presentations/ABS/_to_delete/site/site/assets/javascripts/lunr/min,lunr.jp.min.js,js,0.0,2022-04-16,2021-12-22,Vijender Yadav,Deck; Sales,Deck,,,,active,no,not a document,https://propalmsnetwork.sharepoint.com/sites/Company/Shared%20Documents/Sales/Sales%20Collateral/Presentations/Product%20Presentations/ABS/_to_delete/site/site/assets/javascripts/lunr/min/lunr.jp.min.js,b!MW22Pukebk6aWlrjbkWCK27cJOS0bM9OhUq0QE7-doKh1nVGqaB-SKHlnIF7W6dj,01X5UIHT2EERUWWDJIAJFIA7PWUYMPKXXI
sales,Presentations/Product Presentations/ABS/_to_delete/site/site/assets/javascripts/lunr/min,lunr.multi.min.js,js,0.0,2022-04-16,2021-12-22,Vijender Yadav,Deck; Sales,Deck,,,,active,no,not a document,https://propalmsnetwork.sharepoint.com/sites/Company/Shared%20Documents/Sales/Sales%20Collateral/Presentations/Product%20Presentations/ABS/_to_delete/site/site/assets/javascripts/lunr/min/lunr.multi.min.js,b!MW22Pukebk6aWlrjbkWCK27cJOS0bM9OhUq0QE7-doKh1nVGqaB-SKHlnIF7W6dj,01X5UIHT2CSE5UUY3CJFAZAL2HS73MVL6T
sales,Presentations/Product Presentations/ABS/_to_delete/site/site/assets/javascripts/lunr/min,lunr.nl.min.js,js,0.01,2022-04-16,2021-12-22,Vijender Yadav,Deck; Sales,Deck,,,,active,no,not a document,https://propalmsnetwork.sharepoint.com/sites/Company/Shared%20Documents/Sales/Sales%20Collateral/Presentations/Product%20Presentations/ABS/_to_delete/site/site/assets/javascripts/lunr/min/lunr.nl.min.js,b!MW22Pukebk6aWlrjbkWCK27cJOS0bM9OhUq0QE7-doKh1nVGqaB-SKHlnIF7W6dj,01X5UIHTZ4TEYPQJY5ORE34EVETCQ43G3J
sales,Presentations/Product Presentations/ABS/_to_delete/site/site/assets/javascripts/lunr/min,lunr.no.min.js,js,0.0,2022-04-16,2021-12-22,Vijender Yadav,Deck; Sales,Deck,,,,active,no,not a document,https://propalmsnetwork.sharepoint.com/sites/Company/Shared%20Documents/Sales/Sales%20Collateral/Presentations/Product%20Presentations/ABS/_to_delete/site/site/assets/javascripts/lunr/min/lunr.no.min.js,b!MW22Pukebk6aWlrjbkWCK27cJOS0bM9OhUq0QE7-doKh1nVGqaB-SKHlnIF7W6dj,01X5UIHT2MB2Y5TK3EVZB2SP4JVCLDI5SC
sales,Presentations/Product Presentations/ABS/_to_delete/site/site/assets/javascripts/lunr/min,lunr.pt.min.js,js,0.01,2022-04-16,2021-12-22,Vijender Yadav,Deck; Sales,Deck,,,,active,no,not a document,https://propalmsnetwork.sharepoint.com/sites/Company/Shared%20Documents/Sales/Sales%20Collateral/Presentations/Product%20Presentations/ABS/_to_delete/site/site/assets/javascripts/lunr/min/lunr.pt.min.js,b!MW22Pukebk6aWlrjbkWCK27cJOS0bM9OhUq0QE7-doKh1nVGqaB-SKHlnIF7W6dj,01X5UIHTZQIZFTT6B5TBEKBVANGCQ4IC7Z
sales,Presentations/Product Presentations/ABS/_to_delete/site/site/assets/javascripts/lunr/min,lunr.ro.min.js,js,0.01,2022-04-16,2021-12-22,Vijender Yadav,Deck; Sales,Deck,,,,active,no,not a document,https://propalmsnetwork.sharepoint.com/sites/Company/Shared%20Documents/Sales/Sales%20Collateral/Presentations/Product%20Presentations/ABS/_to_delete/site/site/assets/javascripts/lunr/min/lunr.ro.min.js,b!MW22Pukebk6aWlrjbkWCK27cJOS0bM9OhUq0QE7-doKh1nVGqaB-SKHlnIF7W6dj,01X5UIHTYOD5QUTIFT6VF33U33JZZEPYDD
sales,Presentations/Product Presentations/ABS/_to_delete/site/site/assets/javascripts/lunr/min,lunr.ru.min.js,js,0.01,2022-04-16,2021-12-22,Vijender Yadav,Deck; Sales,Deck,,,,active,no,not a document,https://propalmsnetwork.sharepoint.com/sites/Company/Shared%20Documents/Sales/Sales%20Collateral/Presentations/Product%20Presentations/ABS/_to_delete/site/site/assets/javascripts/lunr/min/lunr.ru.min.js,b!MW22Pukebk6aWlrjbkWCK27cJOS0bM9OhUq0QE7-doKh1nVGqaB-SKHlnIF7W6dj,01X5UIHT6M2JBTAGVZ55FZFPFE3ARBNKUZ
sales,Presentations/Product Presentations/ABS/_to_delete/site/site/assets/javascripts/lunr/min,lunr.stemmer.support.min.js,js,0.0,2022-04-16,2021-12-22,Vijender Yadav,Deck; Sales,Deck,,,,active,no,not a document,https://propalmsnetwork.sharepoint.com/sites/Company/Shared%20Documents/Sales/Sales%20Collateral/Presentations/Product%20Presentations/ABS/_to_delete/site/site/assets/javascripts/lunr/min/lunr.stemmer.support.min.js,b!MW22Pukebk6aWlrjbkWCK27cJOS0bM9OhUq0QE7-doKh1nVGqaB-SKHlnIF7W6dj,01X5UIHTZZVX5I7XG34NE3MFGWNT32AVCZ
sales,Presentations/Product Presentations/ABS/_to_delete/site/site/assets/javascripts/lunr/min,lunr.sv.min.js,js,0.0,2022-04-16,2021-12-22,Vijender Yadav,Deck; Sales,Deck,,,,active,no,not a document,https://propalmsnetwork.sharepoint.com/sites/Company/Shared%20Documents/Sales/Sales%20Collateral/Presentations/Product%20Presentations/ABS/_to_delete/site/site/assets/javascripts/lunr/min/lunr.sv.min.js,b!MW22Pukebk6aWlrjbkWCK27cJOS0bM9OhUq0QE7-doKh1nVGqaB-SKHlnIF7W6dj,01X5UIHT6BIRS57HNMVJGJKVLMXLK3UQRH
sales,Presentations/Product Presentations/ABS/_to_delete/site/site/assets/javascripts/lunr/min,lunr.th.min.js,js,0.0,2022-04-16,2021-12-22,Vijender Yadav,Deck; Sales,Deck,,,,active,no,not a document,https://propalmsnetwork.sharepoint.com/sites/Company/Shared%20Documents/Sales/Sales%20Collateral/Presentations/Product%20Presentations/ABS/_to_delete/site/site/assets/javascripts/lunr/min/lunr.th.min.js,b!MW22Pukebk6aWlrjbkWCK27cJOS0bM9OhUq0QE7-doKh1nVGqaB-SKHlnIF7W6dj,01X5UIHT6GNB4NV23WA5H3M6RIOAS7CRDA
sales,Presentations/Product Presentations/ABS/_to_delete/site/site/assets/javascripts/lunr/min,lunr.tr.min.js,js,0.01,2022-04-16,2021-12-22,Vijender Yadav,Deck; Sales,Deck,,,,active,no,not a document,https://propalmsnetwork.sharepoint.com/sites/Company/Shared%20Documents/Sales/Sales%20Collateral/Presentations/Product%20Presentations/ABS/_to_delete/site/site/assets/javascripts/lunr/min/lunr.tr.min.js,b!MW22Pukebk6aWlrjbkWCK27cJOS0bM9OhUq0QE7-doKh1nVGqaB-SKHlnIF7W6dj,01X5UIHT6W2LG3GTDUOBHZGJVBE57NMSY6
sales,Presentations/Product Presentations/ABS/_to_delete/site/site/assets/javascripts/lunr/min,lunr.vi.min.js,js,0.0,2022-04-16,2021-12-22,Vijender Yadav,Deck; Sales,Deck,,,,active,no,not a document,https://propalmsnetwork.sharepoint.com/sites/Company/Shared%20Documents/Sales/Sales%20Collateral/Presentations/Product%20Presentations/ABS/_to_delete/site/site/assets/javascripts/lunr/min/lunr.vi.min.js,b!MW22Pukebk6aWlrjbkWCK27cJOS0bM9OhUq0QE7-doKh1nVGqaB-SKHlnIF7W6dj,01X5UIHT6PPZHT2CRUVBC2UA24XZA4YPAU
sales,Presentations/Product Presentations/ABS/_to_delete/site/site/assets/javascripts/lunr/min,lunr.zh.min.js,js,0.0,2022-04-16,2021-12-22,Vijender Yadav,Deck; Sales,Deck,,,,active,no,not a document,https://propalmsnetwork.sharepoint.com/sites/Company/Shared%20Documents/Sales/Sales%20Collateral/Presentations/Product%20Presentations/ABS/_to_delete/site/site/assets/javascripts/lunr/min/lunr.zh.min.js,b!MW22Pukebk6aWlrjbkWCK27cJOS0bM9OhUq0QE7-doKh1nVGqaB-SKHlnIF7W6dj,01X5UIHT3HOY6DRSFRNBG2SB2GAJ4EPF6S
sales,Presentations/Product Presentations/ABS/_to_delete/site/site/assets/javascripts/workers,search.53c85856.min.js,js,0.03,2022-04-16,2021-12-22,Vijender Yadav,Deck; Sales,Deck,,,,active,no,not a document,https://propalmsnetwork.sharepoint.com/sites/Company/Shared%20Documents/Sales/Sales%20Collateral/Presentations/Product%20Presentations/ABS/_to_delete/site/site/assets/javascripts/workers/search.53c85856.min.js,b!MW22Pukebk6aWlrjbkWCK27cJOS0bM9OhUq0QE7-doKh1nVGqaB-SKHlnIF7W6dj,01X5UIHT6BBUFI4FBLRBFKOHFCPJ7VL645
sales,Presentations/Product Presentations/ABS/_to_delete/site/site/assets/javascripts/workers,search.53c85856.min.js.map,map,0.16,2022-04-16,2021-12-22,Vijender Yadav,Deck; Sales,Deck,,,,active,no,not a document,https://propalmsnetwork.sharepoint.com/sites/Company/Shared%20Documents/Sales/Sales%20Collateral/Presentations/Product%20Presentations/ABS/_to_delete/site/site/assets/javascripts/workers/search.53c85856.min.js.map,b!MW22Pukebk6aWlrjbkWCK27cJOS0bM9OhUq0QE7-doKh1nVGqaB-SKHlnIF7W6dj,01X5UIHT53K3QICBSALZAKDQW2V6LKJSUM
sales,Presentations/Product Presentations/ABS/_to_delete/site/site/assets/stylesheets,main.1118c9be.min.css,css,0.09,2022-04-16,2021-12-22,Vijender Yadav,Deck; Sales,Deck,,,,active,no,not a document,https://propalmsnetwork.sharepoint.com/sites/Company/Shared%20Documents/Sales/Sales%20Collateral/Presentations/Product%20Presentations/ABS/_to_delete/site/site/assets/stylesheets/main.1118c9be.min.css,b!MW22Pukebk6aWlrjbkWCK27cJOS0bM9OhUq0QE7-doKh1nVGqaB-SKHlnIF7W6dj,01X5UIHT5UVNXL7QWQQJEYND3TJYGFKHWZ
sales,Presentations/Product Presentations/ABS/_to_delete/site/site/assets/stylesheets,main.1118c9be.min.css.map,map,0.31,2022-04-16,2021-12-22,Vijender Yadav,Deck; Sales,Deck,,,,active,no,not a document,https://propalmsnetwork.sharepoint.com/sites/Company/Shared%20Documents/Sales/Sales%20Collateral/Presentations/Product%20Presentations/ABS/_to_delete/site/site/assets/stylesheets/main.1118c9be.min.css.map,b!MW22Pukebk6aWlrjbkWCK27cJOS0bM9OhUq0QE7-doKh1nVGqaB-SKHlnIF7W6dj,01X5UIHT6L4BPWAMC4JFBZAKS4EPTJWZAN
sales,Presentations/Product Presentations/ABS/_to_delete/site/site/assets/stylesheets,palette.ba0d045b.min.css,css,0.01,2022-04-16,2021-12-22,Vijender Yadav,Deck; Sales,Deck,,,,active,no,not a document,https://propalmsnetwork.sharepoint.com/sites/Company/Shared%20Documents/Sales/Sales%20Collateral/Presentations/Product%20Presentations/ABS/_to_delete/site/site/assets/stylesheets/palette.ba0d045b.min.css,b!MW22Pukebk6aWlrjbkWCK27cJOS0bM9OhUq0QE7-doKh1nVGqaB-SKHlnIF7W6dj,01X5UIHTZCMWIH7JMD4JGZNDTMEIM5ZLFR
sales,Presentations/Product Presentations/ABS/_to_delete/site/site/assets/stylesheets,palette.ba0d045b.min.css.map,map,0.04,2022-04-16,2021-12-22,Vijender Yadav,Deck; Sales,Deck,,,,active,no,not a document,https://propalmsnetwork.sharepoint.com/sites/Company/Shared%20Documents/Sales/Sales%20Collateral/Presentations/Product%20Presentations/ABS/_to_delete/site/site/assets/stylesheets/palette.ba0d045b.min.css.map,b!MW22Pukebk6aWlrjbkWCK27cJOS0bM9OhUq0QE7-doKh1nVGqaB-SKHlnIF7W6dj,01X5UIHTYU2F52TQ4RONF2LP5BJ4QSGHWF
sales,Presentations/Product Presentations/ABS/_to_delete/site/site/content/admin/approval-policies,index.html,html,0.03,2022-04-16,2021-12-22,Vijender Yadav,Deck; Sales,Deck,,,,active,no,not a document,https://propalmsnetwork.sharepoint.com/sites/Company/Shared%20Documents/Sales/Sales%20Collateral/Presentations/Product%20Presentations/ABS/_to_delete/site/site/content/admin/approval-policies/index.html,b!MW22Pukebk6aWlrjbkWCK27cJOS0bM9OhUq0QE7-doKh1nVGqaB-SKHlnIF7W6dj,01X5UIHTYGMJQ3Z3WFLFDZIFEWY2GVS76Q
sales,Presentations/Product Presentations/ABS/_to_delete/site/site/content/admin/audit-logs,index.html,html,0.02,2022-04-16,2021-12-22,Vijender Yadav,Deck; Sales,Deck,,,,active,no,not a document,https://propalmsnetwork.sharepoint.com/sites/Company/Shared%20Documents/Sales/Sales%20Collateral/Presentations/Product%20Presentations/ABS/_to_delete/site/site/content/admin/audit-logs/index.html,b!MW22Pukebk6aWlrjbkWCK27cJOS0bM9OhUq0QE7-doKh1nVGqaB-SKHlnIF7W6dj,01X5UIHTZ3GXGY47KHORH3DKW2AKQRIJ2B
sales,Presentations/Product Presentations/ABS/_to_delete/site/site/content/admin/capture-policies,index.html,html,0.03,2022-04-16,2021-12-22,Vijender Yadav,Deck; Sales,Deck,,,,active,no,not a document,https://propalmsnetwork.sharepoint.com/sites/Company/Shared%20Documents/Sales/Sales%20Collateral/Presentations/Product%20Presentations/ABS/_to_delete/site/site/content/admin/capture-policies/index.html,b!MW22Pukebk6aWlrjbkWCK27cJOS0bM9OhUq0QE7-doKh1nVGqaB-SKHlnIF7W6dj,01X5UIHT45ABC4NXCDD5EYA7QUG4CHKCZR
sales,Presentations/Product Presentations/ABS/_to_delete/site/site/content/admin/configurations,index.html,html,0.03,2022-04-16,2021-12-22,Vijender Yadav,Deck; Sales,Deck,,,,active,no,not a document,https://propalmsnetwork.sharepoint.com/sites/Company/Shared%20Documents/Sales/Sales%20Collateral/Presentations/Product%20Presentations/ABS/_to_delete/site/site/content/admin/configurations/index.html,b!MW22Pukebk6aWlrjbkWCK27cJOS0bM9OhUq0QE7-doKh1nVGqaB-SKHlnIF7W6dj,01X5UIHT44IEZI2VZEKFHYQPLAWTYOYEEY
sales,Presentations/Product Presentations/ABS/_to_delete/site/site/content/admin/dashboard,index.html,html,0.03,2022-04-16,2021-12-22,Vijender Yadav,Deck; Sales,Deck,,,,active,no,not a document,https://propalmsnetwork.sharepoint.com/sites/Company/Shared%20Documents/Sales/Sales%20Collateral/Presentations/Product%20Presentations/ABS/_to_delete/site/site/content/admin/dashboard/index.html,b!MW22Pukebk6aWlrjbkWCK27cJOS0bM9OhUq0QE7-doKh1nVGqaB-SKHlnIF7W6dj,01X5UIHT2CJCCVCLNPMZEJ53TDTHYCDD2B
sales,Presentations/Product Presentations/ABS/_to_delete/site/site/content/admin/interface,index.html,html,0.03,2022-04-16,2021-12-22,Vijender Yadav,Deck; Sales,Deck,,,,active,no,not a document,https://propalmsnetwork.sharepoint.com/sites/Company/Shared%20Documents/Sales/Sales%20Collateral/Presentations/Product%20Presentations/ABS/_to_delete/site/site/content/admin/interface/index.html,b!MW22Pukebk6aWlrjbkWCK27cJOS0bM9OhUq0QE7-doKh1nVGqaB-SKHlnIF7W6dj,01X5UIHT43S4V2F5KLJ5AYF42AZVNVY4PK
sales,Presentations/Product Presentations/ABS/_to_delete/site/site/content/admin/login,index.html,html,0.03,2022-04-16,2021-12-22,Vijender Yadav,Deck; Sales,Deck,,,,active,no,not a document,https://propalmsnetwork.sharepoint.com/sites/Company/Shared%20Documents/Sales/Sales%20Collateral/Presentations/Product%20Presentations/ABS/_to_delete/site/site/content/admin/login/index.html,b!MW22Pukebk6aWlrjbkWCK27cJOS0bM9OhUq0QE7-doKh1nVGqaB-SKHlnIF7W6dj,01X5UIHT2LBU7GEXZJERCYHURTTBVY4YGB
sales,Presentations/Product Presentations/ABS/_to_delete/site/site/content/admin/profile,index.html,html,0.02,2022-04-16,2021-12-22,Vijender Yadav,Deck; Sales,Deck,,,,active,no,not a document,https://propalmsnetwork.sharepoint.com/sites/Company/Shared%20Documents/Sales/Sales%20Collateral/Presentations/Product%20Presentations/ABS/_to_delete/site/site/content/admin/profile/index.html,b!MW22Pukebk6aWlrjbkWCK27cJOS0bM9OhUq0QE7-doKh1nVGqaB-SKHlnIF7W6dj,01X5UIHTZ3RFZCIGBEWJHLC5FAV66PNFKV
sales,Presentations/Product Presentations/ABS/_to_delete/site/site/content/admin/troubleshooting,index.html,html,0.03,2022-04-16,2021-12-22,Vijender Yadav,Deck; Sales,Deck,,,,active,no,not a document,https://propalmsnetwork.sharepoint.com/sites/Company/Shared%20Documents/Sales/Sales%20Collateral/Presentations/Product%20Presentations/ABS/_to_delete/site/site/content/admin/troubleshooting/index.html,b!MW22Pukebk6aWlrjbkWCK27cJOS0bM9OhUq0QE7-doKh1nVGqaB-SKHlnIF7W6dj,01X5UIHT235N7FZIXUFNH2RDWBAVNEFS2N
sales,Presentations/Product Presentations/ABS/_to_delete/site/site/content/admin/users,index.html,html,0.04,2022-04-16,2021-12-22,Vijender Yadav,Deck; Sales,Deck,,,,active,no,not a document,https://propalmsnetwork.sharepoint.com/sites/Company/Shared%20Documents/Sales/Sales%20Collateral/Presentations/Product%20Presentations/ABS/_to_delete/site/site/content/admin/users/index.html,b!MW22Pukebk6aWlrjbkWCK27cJOS0bM9OhUq0QE7-doKh1nVGqaB-SKHlnIF7W6dj,01X5UIHT7JDYA6H5UPTRHYUYMCEUSSRHPF
sales,Presentations/Product Presentations/ABS/_to_delete/site/site/content/faqs/faqs,index.html,html,0.03,2022-04-16,2021-12-22,Vijender Yadav,Deck; Sales,Deck,,,,active,no,not a document,https://propalmsnetwork.sharepoint.com/sites/Company/Shared%20Documents/Sales/Sales%20Collateral/Presentations/Product%20Presentations/ABS/_to_delete/site/site/content/faqs/faqs/index.html,b!MW22Pukebk6aWlrjbkWCK27cJOS0bM9OhUq0QE7-doKh1nVGqaB-SKHlnIF7W6dj,01X5UIHT5V5SBQEI7FQJGKL6J5GEA6MYRC
sales,Presentations/Product Presentations/ABS/_to_delete/site/site/content/how_tos/hysecure_saml_integration,index.html,html,0.02,2022-04-16,2021-12-22,Vijender Yadav,Deck; HySecure; Sales,Deck,,HySecure,,active,no,not a document,https://propalmsnetwork.sharepoint.com/sites/Company/Shared%20Documents/Sales/Sales%20Collateral/Presentations/Product%20Presentations/ABS/_to_delete/site/site/content/how_tos/hysecure_saml_integration/index.html,b!MW22Pukebk6aWlrjbkWCK27cJOS0bM9OhUq0QE7-doKh1nVGqaB-SKHlnIF7W6dj,01X5UIHT4XUXGBRJQ3NRCJB4DMHHLBQYZ7
sales,Presentations/Product Presentations/ABS/_to_delete/site/site/content/installation/aws,index.html,html,0.02,2022-04-16,2021-12-22,Vijender Yadav,Deck; Sales,Deck,,,,active,no,not a document,https://propalmsnetwork.sharepoint.com/sites/Company/Shared%20Documents/Sales/Sales%20Collateral/Presentations/Product%20Presentations/ABS/_to_delete/site/site/content/installation/aws/index.html,b!MW22Pukebk6aWlrjbkWCK27cJOS0bM9OhUq0QE7-doKh1nVGqaB-SKHlnIF7W6dj,01X5UIHT5WWT5HLEXSVRFYDMU7ZUBLSMA4
sales,Presentations/Product Presentations/ABS/_to_delete/site/site/content/installation/azure,index.html,html,0.02,2022-04-16,2021-12-22,Vijender Yadav,Deck; Sales,Deck,,,,active,no,not a document,https://propalmsnetwork.sharepoint.com/sites/Company/Shared%20Documents/Sales/Sales%20Collateral/Presentations/Product%20Presentations/ABS/_to_delete/site/site/content/installation/azure/index.html,b!MW22Pukebk6aWlrjbkWCK27cJOS0bM9OhUq0QE7-doKh1nVGqaB-SKHlnIF7W6dj,01X5UIHT2ITYYS4KXEF5H2A3AYNM4WLZQE
sales,Presentations/Product Presentations/ABS/_to_delete/site/site/content/installation/neurotech,index.html,html,0.03,2022-04-16,2021-12-22,Vijender Yadav,Deck; Sales,Deck,,,,active,no,not a document,https://propalmsnetwork.sharepoint.com/sites/Company/Shared%20Documents/Sales/Sales%20Collateral/Presentations/Product%20Presentations/ABS/_to_delete/site/site/content/installation/neurotech/index.html,b!MW22Pukebk6aWlrjbkWCK27cJOS0bM9OhUq0QE7-doKh1nVGqaB-SKHlnIF7W6dj,01X5UIHT4ITYW3WZ6ZDVHZ57TQAV37UUPA
sales,Presentations/Product Presentations/ABS/_to_delete/site/site/content/installation/prerequisites,index.html,html,0.03,2022-04-16,2021-12-22,Vijender Yadav,Deck; IT / ITeS; Sales,Deck,IT / ITeS,,,active,no,not a document,https://propalmsnetwork.sharepoint.com/sites/Company/Shared%20Documents/Sales/Sales%20Collateral/Presentations/Product%20Presentations/ABS/_to_delete/site/site/content/installation/prerequisites/index.html,b!MW22Pukebk6aWlrjbkWCK27cJOS0bM9OhUq0QE7-doKh1nVGqaB-SKHlnIF7W6dj,01X5UIHT66CUZDQ2ZGPBALFEEGK7EZJZRI
sales,Presentations/Product Presentations/ABS/_to_delete/site/site/content/installation/steps,index.html,html,0.04,2022-04-16,2021-12-22,Vijender Yadav,Deck; Sales,Deck,,,,active,no,not a document,https://propalmsnetwork.sharepoint.com/sites/Company/Shared%20Documents/Sales/Sales%20Collateral/Presentations/Product%20Presentations/ABS/_to_delete/site/site/content/installation/steps/index.html,b!MW22Pukebk6aWlrjbkWCK27cJOS0bM9OhUq0QE7-doKh1nVGqaB-SKHlnIF7W6dj,01X5UIHT4GIMIGXUEGIRH3CNUCBPGKODAK
sales,Presentations/Product Presentations/ABS/_to_delete/site/site/content/installation/upgrade,index.html,html,0.02,2022-04-16,2021-12-22,Vijender Yadav,Deck; Sales,Deck,,,,active,no,not a document,https://propalmsnetwork.sharepoint.com/sites/Company/Shared%20Documents/Sales/Sales%20Collateral/Presentations/Product%20Presentations/ABS/_to_delete/site/site/content/installation/upgrade/index.html,b!MW22Pukebk6aWlrjbkWCK27cJOS0bM9OhUq0QE7-doKh1nVGqaB-SKHlnIF7W6dj,01X5UIHT5V7JN4G7LGBNE2X6LFC4VM4AWM
sales,Presentations/Product Presentations/ABS/_to_delete/site/site/content/quickstart/product/about,index.html,html,0.02,2022-04-16,2021-12-22,Vijender Yadav,Deck; Sales,Deck,,,,active,no,not a document,https://propalmsnetwork.sharepoint.com/sites/Company/Shared%20Documents/Sales/Sales%20Collateral/Presentations/Product%20Presentations/ABS/_to_delete/site/site/content/quickstart/product/about/index.html,b!MW22Pukebk6aWlrjbkWCK27cJOS0bM9OhUq0QE7-doKh1nVGqaB-SKHlnIF7W6dj,01X5UIHTZLSROQONGWEJGZJXVTCQCE7UGX
sales,Presentations/Product Presentations/ABS/_to_delete/site/site/content/quickstart/product/components,index.html,html,0.03,2022-04-16,2021-12-22,Vijender Yadav,Deck; Sales,Deck,,,,active,no,not a document,https://propalmsnetwork.sharepoint.com/sites/Company/Shared%20Documents/Sales/Sales%20Collateral/Presentations/Product%20Presentations/ABS/_to_delete/site/site/content/quickstart/product/components/index.html,b!MW22Pukebk6aWlrjbkWCK27cJOS0bM9OhUq0QE7-doKh1nVGqaB-SKHlnIF7W6dj,01X5UIHT4P4SMN466BVNHIBBXMDXF34YH4
sales,Presentations/Product Presentations/ABS/_to_delete/site/site/content/quickstart/sizing,index.html,html,0.02,2022-04-16,2021-12-22,Vijender Yadav,Deck; Sales,Deck,,,,active,no,not a document,https://propalmsnetwork.sharepoint.com/sites/Company/Shared%20Documents/Sales/Sales%20Collateral/Presentations/Product%20Presentations/ABS/_to_delete/site/site/content/quickstart/sizing/index.html,b!MW22Pukebk6aWlrjbkWCK27cJOS0bM9OhUq0QE7-doKh1nVGqaB-SKHlnIF7W6dj,01X5UIHTY4HXY5UQCPSVE36ZS7FGK4V6PA
sales,Presentations/Product Presentations/ABS/_to_delete/site/site/content/quickstart/workflow,index.html,html,0.03,2022-04-16,2021-12-22,Vijender Yadav,Deck; Sales,Deck,,,,active,no,not a document,https://propalmsnetwork.sharepoint.com/sites/Company/Shared%20Documents/Sales/Sales%20Collateral/Presentations/Product%20Presentations/ABS/_to_delete/site/site/content/quickstart/workflow/index.html,b!MW22Pukebk6aWlrjbkWCK27cJOS0bM9OhUq0QE7-doKh1nVGqaB-SKHlnIF7W6dj,01X5UIHTYLQIFYVDY3ZFA3SW2FZZ46TZHN
sales,Presentations/Product Presentations/ABS/_to_delete/site/site/content/release_notes/1.0.10.0/bug_fixes,index.html,html,0.02,2022-04-16,2021-12-22,Vijender Yadav,Deck; Sales,Deck,,,,active,no,not a document,https://propalmsnetwork.sharepoint.com/sites/Company/Shared%20Documents/Sales/Sales%20Collateral/Presentations/Product%20Presentations/ABS/_to_delete/site/site/content/release_notes/1.0.10.0/bug_fixes/index.html,b!MW22Pukebk6aWlrjbkWCK27cJOS0bM9OhUq0QE7-doKh1nVGqaB-SKHlnIF7W6dj,01X5UIHT6N6AVAMBD3LFCZ6TNBLFHGYX5X
sales,Presentations/Product Presentations/ABS/_to_delete/site/site/content/release_notes/1.0.10.0/features_n_enhancements,index.html,html,0.02,2022-04-16,2021-12-22,Vijender Yadav,Deck; Sales,Deck,,,,active,no,not a document,https://propalmsnetwork.sharepoint.com/sites/Company/Shared%20Documents/Sales/Sales%20Collateral/Presentations/Product%20Presentations/ABS/_to_delete/site/site/content/release_notes/1.0.10.0/features_n_enhancements/index.html,b!MW22Pukebk6aWlrjbkWCK27cJOS0bM9OhUq0QE7-doKh1nVGqaB-SKHlnIF7W6dj,01X5UIHT7SZDDSWUFMQJAI6SELOUESQGVV
sales,Presentations/Product Presentations/ABS/_to_delete/site/site/content/release_notes/1.0.10.0/known_issues,index.html,html,0.02,2022-04-16,2021-12-22,Vijender Yadav,Deck; Sales,Deck,,,,active,no,not a document,https://propalmsnetwork.sharepoint.com/sites/Company/Shared%20Documents/Sales/Sales%20Collateral/Presentations/Product%20Presentations/ABS/_to_delete/site/site/content/release_notes/1.0.10.0/known_issues/index.html,b!MW22Pukebk6aWlrjbkWCK27cJOS0bM9OhUq0QE7-doKh1nVGqaB-SKHlnIF7W6dj,01X5UIHTZSUBLARKCM4BG25VGIBZPVO4EV
sales,Presentations/Product Presentations/ABS/_to_delete/site/site/content/release_notes/1.0.11.0/bug_fixes,index.html,html,0.02,2022-04-16,2021-12-22,Vijender Yadav,Deck; Sales,Deck,,,,active,no,not a document,https://propalmsnetwork.sharepoint.com/sites/Company/Shared%20Documents/Sales/Sales%20Collateral/Presentations/Product%20Presentations/ABS/_to_delete/site/site/content/release_notes/1.0.11.0/bug_fixes/index.html,b!MW22Pukebk6aWlrjbkWCK27cJOS0bM9OhUq0QE7-doKh1nVGqaB-SKHlnIF7W6dj,01X5UIHT7ZROO6RFEUMBB37I5Z5C767TWI
sales,Presentations/Product Presentations/ABS/_to_delete/site/site/content/release_notes/1.0.11.0/features_n_enhancements,index.html,html,0.02,2022-04-16,2021-12-22,Vijender Yadav,Deck; Sales,Deck,,,,active,no,not a document,https://propalmsnetwork.sharepoint.com/sites/Company/Shared%20Documents/Sales/Sales%20Collateral/Presentations/Product%20Presentations/ABS/_to_delete/site/site/content/release_notes/1.0.11.0/features_n_enhancements/index.html,b!MW22Pukebk6aWlrjbkWCK27cJOS0bM9OhUq0QE7-doKh1nVGqaB-SKHlnIF7W6dj,01X5UIHT3YK65LMITHGVEKEZIMQVMKIZ2P
sales,Presentations/Product Presentations/ABS/_to_delete/site/site/content/release_notes/1.0.11.0/known_issues,index.html,html,0.02,2022-04-16,2021-12-22,Vijender Yadav,Deck; Sales,Deck,,,,active,no,not a document,https://propalmsnetwork.sharepoint.com/sites/Company/Shared%20Documents/Sales/Sales%20Collateral/Presentations/Product%20Presentations/ABS/_to_delete/site/site/content/release_notes/1.0.11.0/known_issues/index.html,b!MW22Pukebk6aWlrjbkWCK27cJOS0bM9OhUq0QE7-doKh1nVGqaB-SKHlnIF7W6dj,01X5UIHT5JJG4UGORP2BCYDXQUKQDL3XKL
sales,Presentations/Product Presentations/ABS/_to_delete/site/site/content/release_notes/1.0.12.0/bug_fixes,index.html,html,0.02,2022-04-16,2021-12-22,Vijender Yadav,Deck; Sales,Deck,,,,active,no,not a document,https://propalmsnetwork.sharepoint.com/sites/Company/Shared%20Documents/Sales/Sales%20Collateral/Presentations/Product%20Presentations/ABS/_to_delete/site/site/content/release_notes/1.0.12.0/bug_fixes/index.html,b!MW22Pukebk6aWlrjbkWCK27cJOS0bM9OhUq0QE7-doKh1nVGqaB-SKHlnIF7W6dj,01X5UIHTZ6U2FOWUFSRFC2RQIFO5VHYJWJ
sales,Presentations/Product Presentations/ABS/_to_delete/site/site/content/release_notes/1.0.12.0/features_n_enhancements,index.html,html,0.02,2022-04-16,2021-12-22,Vijender Yadav,Deck; Sales,Deck,,,,active,no,not a document,https://propalmsnetwork.sharepoint.com/sites/Company/Shared%20Documents/Sales/Sales%20Collateral/Presentations/Product%20Presentations/ABS/_to_delete/site/site/content/release_notes/1.0.12.0/features_n_enhancements/index.html,b!MW22Pukebk6aWlrjbkWCK27cJOS0bM9OhUq0QE7-doKh1nVGqaB-SKHlnIF7W6dj,01X5UIHT5SJOJYBXCXY5EZIK4WNCH5GUSI
sales,Presentations/Product Presentations/ABS/_to_delete/site/site/content/release_notes/1.0.12.0/known_issues,index.html,html,0.02,2022-04-16,2021-12-22,Vijender Yadav,Deck; Sales,Deck,,,,active,no,not a document,https://propalmsnetwork.sharepoint.com/sites/Company/Shared%20Documents/Sales/Sales%20Collateral/Presentations/Product%20Presentations/ABS/_to_delete/site/site/content/release_notes/1.0.12.0/known_issues/index.html,b!MW22Pukebk6aWlrjbkWCK27cJOS0bM9OhUq0QE7-doKh1nVGqaB-SKHlnIF7W6dj,01X5UIHT4PY4NEETPXVBH2OB3SU52QILLD
sales,Presentations/Product Presentations/ABS/_to_delete/site/site/content/release_notes/1.0.9.0/bug_fixes,index.html,html,0.02,2022-04-16,2021-12-22,Vijender Yadav,Deck; Sales,Deck,,,,active,no,not a document,https://propalmsnetwork.sharepoint.com/sites/Company/Shared%20Documents/Sales/Sales%20Collateral/Presentations/Product%20Presentations/ABS/_to_delete/site/site/content/release_notes/1.0.9.0/bug_fixes/index.html,b!MW22Pukebk6aWlrjbkWCK27cJOS0bM9OhUq0QE7-doKh1nVGqaB-SKHlnIF7W6dj,01X5UIHT2SZFYGLO73VJEYYMGAVDVLBOEM
sales,Presentations/Product Presentations/ABS/_to_delete/site/site/content/release_notes/1.0.9.0/features_n_enhancements,index.html,html,0.02,2022-04-16,2021-12-22,Vijender Yadav,Deck; Sales,Deck,,,,active,no,not a document,https://propalmsnetwork.sharepoint.com/sites/Company/Shared%20Documents/Sales/Sales%20Collateral/Presentations/Product%20Presentations/ABS/_to_delete/site/site/content/release_notes/1.0.9.0/features_n_enhancements/index.html,b!MW22Pukebk6aWlrjbkWCK27cJOS0bM9OhUq0QE7-doKh1nVGqaB-SKHlnIF7W6dj,01X5UIHT7H2EL32K2T5VHY2KH5E6I4NSRC
sales,Presentations/Product Presentations/ABS/_to_delete/site/site/content/release_notes/1.0.9.0/known_issues,index.html,html,0.02,2022-04-16,2021-12-22,Vijender Yadav,Deck; Sales,Deck,,,,active,no,not a document,https://propalmsnetwork.sharepoint.com/sites/Company/Shared%20Documents/Sales/Sales%20Collateral/Presentations/Product%20Presentations/ABS/_to_delete/site/site/content/release_notes/1.0.9.0/known_issues/index.html,b!MW22Pukebk6aWlrjbkWCK27cJOS0bM9OhUq0QE7-doKh1nVGqaB-SKHlnIF7W6dj,01X5UIHT2X4B2FDQM2DFHI2X3GZDTAQQFK
sales,Presentations/Product Presentations/ABS/_to_delete/site/site/images,401.png,png,0.05,2022-04-16,2021-12-22,Vijender Yadav,Deck; Sales,Deck,,,,active,no,not a document,https://propalmsnetwork.sharepoint.com/sites/Company/Shared%20Documents/Sales/Sales%20Collateral/Presentations/Product%20Presentations/ABS/_to_delete/site/site/images/401.png,b!MW22Pukebk6aWlrjbkWCK27cJOS0bM9OhUq0QE7-doKh1nVGqaB-SKHlnIF7W6dj,01X5UIHT3KNCEIO5IWZVA3JKPXJPAHE3F4
sales,Presentations/Product Presentations/ABS/_to_delete/site/site/images,accops-trayagent.png,png,0.04,2022-04-16,2021-12-22,Vijender Yadav,Deck; Sales,Deck,,,,active,no,not a document,https://propalmsnetwork.sharepoint.com/sites/Company/Shared%20Documents/Sales/Sales%20Collateral/Presentations/Product%20Presentations/ABS/_to_delete/site/site/images/accops-trayagent.png,b!MW22Pukebk6aWlrjbkWCK27cJOS0bM9OhUq0QE7-doKh1nVGqaB-SKHlnIF7W6dj,01X5UIHT5PIP4SZOFDZBAKVE4FUQBXZGUI
sales,Presentations/Product Presentations/ABS/_to_delete/site/site/images,architecture-diagram.png,png,0.06,2022-04-16,2021-12-22,Vijender Yadav,Deck; Sales,Deck,,,,active,no,not a document,https://propalmsnetwork.sharepoint.com/sites/Company/Shared%20Documents/Sales/Sales%20Collateral/Presentations/Product%20Presentations/ABS/_to_delete/site/site/images/architecture-diagram.png,b!MW22Pukebk6aWlrjbkWCK27cJOS0bM9OhUq0QE7-doKh1nVGqaB-SKHlnIF7W6dj,01X5UIHT7WORG7JEJD4FFK533UG73COXM2
sales,Presentations/Product Presentations/ABS/_to_delete/site/site/images,favicon.svg,svg,0.0,2022-04-16,2021-12-22,Vijender Yadav,Deck; Sales,Deck,,,,active,no,not a document,https://propalmsnetwork.sharepoint.com/sites/Company/Shared%20Documents/Sales/Sales%20Collateral/Presentations/Product%20Presentations/ABS/_to_delete/site/site/images/favicon.svg,b!MW22Pukebk6aWlrjbkWCK27cJOS0bM9OhUq0QE7-doKh1nVGqaB-SKHlnIF7W6dj,01X5UIHT6UPXGA5FU3PFFZDBZVT2AJYSDZ
sales,Presentations/Product Presentations/ABS/_to_delete/site/site/images,fingerprint-validation-failed.png,png,0.03,2022-04-16,2021-12-22,Vijender Yadav,Deck; Sales,Deck,,,,active,no,not a document,https://propalmsnetwork.sharepoint.com/sites/Company/Shared%20Documents/Sales/Sales%20Collateral/Presentations/Product%20Presentations/ABS/_to_delete/site/site/images/fingerprint-validation-failed.png,b!MW22Pukebk6aWlrjbkWCK27cJOS0bM9OhUq0QE7-doKh1nVGqaB-SKHlnIF7W6dj,01X5UIHT3BKZPYLKBV4VCLQZPUDGRDXRSJ
sales,Presentations/Product Presentations/ABS/_to_delete/site/site/images,hygate-service.png,png,0.07,2022-04-16,2021-12-22,Vijender Yadav,Deck; Sales,Deck,,,,active,no,not a document,https://propalmsnetwork.sharepoint.com/sites/Company/Shared%20Documents/Sales/Sales%20Collateral/Presentations/Product%20Presentations/ABS/_to_delete/site/site/images/hygate-service.png,b!MW22Pukebk6aWlrjbkWCK27cJOS0bM9OhUq0QE7-doKh1nVGqaB-SKHlnIF7W6dj,01X5UIHTYBPJGZTWC4M5CJTLYHIMXFRMQI
sales,Presentations/Product Presentations/ABS/_to_delete/site/site/images,icon-white.svg,svg,0.0,2022-04-16,2021-12-22,Vijender Yadav,Deck; Sales,Deck,,,,active,no,not a document,https://propalmsnetwork.sharepoint.com/sites/Company/Shared%20Documents/Sales/Sales%20Collateral/Presentations/Product%20Presentations/ABS/_to_delete/site/site/images/icon-white.svg,b!MW22Pukebk6aWlrjbkWCK27cJOS0bM9OhUq0QE7-doKh1nVGqaB-SKHlnIF7W6dj,01X5UIHT5ISF5PX6B32JE3TKPQC6ZLMPER
sales,Presentations/Product Presentations/ABS/_to_delete/site/site/images,image1.png,png,0.02,2022-04-16,2021-12-22,Vijender Yadav,Deck; Sales,Deck,,,,active,no,not a document,https://propalmsnetwork.sharepoint.com/sites/Company/Shared%20Documents/Sales/Sales%20Collateral/Presentations/Product%20Presentations/ABS/_to_delete/site/site/images/image1.png,b!MW22Pukebk6aWlrjbkWCK27cJOS0bM9OhUq0QE7-doKh1nVGqaB-SKHlnIF7W6dj,01X5UIHT7JCDNI4SOUTNBJL3UYTW5T6NBH
sales,Presentations/Product Presentations/ABS/_to_delete/site/site/images,image2.png,png,0.01,2022-04-16,2021-12-22,Vijender Yadav,Deck; Sales,Deck,,,,active,no,not a document,https://propalmsnetwork.sharepoint.com/sites/Company/Shared%20Documents/Sales/Sales%20Collateral/Presentations/Product%20Presentations/ABS/_to_delete/site/site/images/image2.png,b!MW22Pukebk6aWlrjbkWCK27cJOS0bM9OhUq0QE7-doKh1nVGqaB-SKHlnIF7W6dj,01X5UIHT6EWILPTEQZCJCIMMW2TBV753AP
sales,Presentations/Product Presentations/ABS/_to_delete/site/site/images,logo.png,png,0.0,2022-04-16,2021-12-22,Vijender Yadav,Deck; Sales,Deck,,,,active,no,not a document,https://propalmsnetwork.sharepoint.com/sites/Company/Shared%20Documents/Sales/Sales%20Collateral/Presentations/Product%20Presentations/ABS/_to_delete/site/site/images/logo.png,b!MW22Pukebk6aWlrjbkWCK27cJOS0bM9OhUq0QE7-doKh1nVGqaB-SKHlnIF7W6dj,01X5UIHT3WIERVF4BEPZB2PG6SUEUNN55X
sales,Presentations/Product Presentations/ABS/_to_delete/site/site/images,logo.svg,svg,0.01,2022-04-16,2021-12-22,Vijender Yadav,Deck; Sales,Deck,,,,active,no,not a document,https://propalmsnetwork.sharepoint.com/sites/Company/Shared%20Documents/Sales/Sales%20Collateral/Presentations/Product%20Presentations/ABS/_to_delete/site/site/images/logo.svg,b!MW22Pukebk6aWlrjbkWCK27cJOS0bM9OhUq0QE7-doKh1nVGqaB-SKHlnIF7W6dj,01X5UIHT4NKD5XD7NVEJDKTBJGIYYQSWMR
sales,Presentations/Product Presentations/ABS/_to_delete/site/site/images/admin,approval-policies.png,png,0.05,2022-04-16,2021-12-22,Vijender Yadav,Deck; Sales,Deck,,,,active,no,not a document,https://propalmsnetwork.sharepoint.com/sites/Company/Shared%20Documents/Sales/Sales%20Collateral/Presentations/Product%20Presentations/ABS/_to_delete/site/site/images/admin/approval-policies.png,b!MW22Pukebk6aWlrjbkWCK27cJOS0bM9OhUq0QE7-doKh1nVGqaB-SKHlnIF7W6dj,01X5UIHT5IZPJ2HR42IZB2KVBL6Q7NANGW
sales,Presentations/Product Presentations/ABS/_to_delete/site/site/images/admin,approval-policy-add-admin-approve.png,png,0.07,2022-04-16,2021-12-22,Vijender Yadav,Deck; Sales,Deck,,,,active,no,not a document,https://propalmsnetwork.sharepoint.com/sites/Company/Shared%20Documents/Sales/Sales%20Collateral/Presentations/Product%20Presentations/ABS/_to_delete/site/site/images/admin/approval-policy-add-admin-approve.png,b!MW22Pukebk6aWlrjbkWCK27cJOS0bM9OhUq0QE7-doKh1nVGqaB-SKHlnIF7W6dj,01X5UIHT326HMTOH25C5F3P7T2EKCMD6JR
sales,Presentations/Product Presentations/ABS/_to_delete/site/site/images/admin,approval-policy-add-auto-approve.png,png,0.05,2022-04-16,2021-12-22,Vijender Yadav,Deck; Sales,Deck,,,,active,no,not a document,https://propalmsnetwork.sharepoint.com/sites/Company/Shared%20Documents/Sales/Sales%20Collateral/Presentations/Product%20Presentations/ABS/_to_delete/site/site/images/admin/approval-policy-add-auto-approve.png,b!MW22Pukebk6aWlrjbkWCK27cJOS0bM9OhUq0QE7-doKh1nVGqaB-SKHlnIF7W6dj,01X5UIHTZPA7BEYCRSTNGKBTLF2KT2NAAC
sales,Presentations/Product Presentations/ABS/_to_delete/site/site/images/admin,approval-policy-delete-confirm.png,png,0.06,2022-04-16,2021-12-22,Vijender Yadav,Deck; Sales,Deck,,,,active,no,not a document,https://propalmsnetwork.sharepoint.com/sites/Company/Shared%20Documents/Sales/Sales%20Collateral/Presentations/Product%20Presentations/ABS/_to_delete/site/site/images/admin/approval-policy-delete-confirm.png,b!MW22Pukebk6aWlrjbkWCK27cJOS0bM9OhUq0QE7-doKh1nVGqaB-SKHlnIF7W6dj,01X5UIHT5HMJ7CLV7EENGIOTSRDW42T3JN
sales,Presentations/Product Presentations/ABS/_to_delete/site/site/images/admin,approval-policy-edit.png,png,0.07,2022-04-16,2021-12-22,Vijender Yadav,Deck; Sales,Deck,,,,active,no,not a document,https://propalmsnetwork.sharepoint.com/sites/Company/Shared%20Documents/Sales/Sales%20Collateral/Presentations/Product%20Presentations/ABS/_to_delete/site/site/images/admin/approval-policy-edit.png,b!MW22Pukebk6aWlrjbkWCK27cJOS0bM9OhUq0QE7-doKh1nVGqaB-SKHlnIF7W6dj,01X5UIHTZK5NKFRG22BZHJZDYT7U45NDEY
sales,Presentations/Product Presentations/ABS/_to_delete/site/site/images/admin,audit-logs-date-range-default.png,png,0.09,2022-04-16,2021-12-22,Vijender Yadav,Deck; Sales,Deck,,,,active,no,not a document,https://propalmsnetwork.sharepoint.com/sites/Company/Shared%20Documents/Sales/Sales%20Collateral/Presentations/Product%20Presentations/ABS/_to_delete/site/site/images/admin/audit-logs-date-range-default.png,b!MW22Pukebk6aWlrjbkWCK27cJOS0bM9OhUq0QE7-doKh1nVGqaB-SKHlnIF7W6dj,01X5UIHT6BZBIJQ64AORC34OUFRNL5ZIM3
sales,Presentations/Product Presentations/ABS/_to_delete/site/site/images/admin,audit-logs-date-range-selection.png,png,0.12,2022-04-16,2021-12-22,Vijender Yadav,Deck; Sales,Deck,,,,active,no,not a document,https://propalmsnetwork.sharepoint.com/sites/Company/Shared%20Documents/Sales/Sales%20Collateral/Presentations/Product%20Presentations/ABS/_to_delete/site/site/images/admin/audit-logs-date-range-selection.png,b!MW22Pukebk6aWlrjbkWCK27cJOS0bM9OhUq0QE7-doKh1nVGqaB-SKHlnIF7W6dj,01X5UIHT7S4DMNNTHGYRF3MK6UJH7GYKKN
sales,Presentations/Product Presentations/ABS/_to_delete/site/site/images/admin,audit-logs-exported-csv.png,png,0.14,2022-04-16,2021-12-22,Vijender Yadav,Deck; Event; Sales,Deck; Event,,,,active,no,not a document,https://propalmsnetwork.sharepoint.com/sites/Company/Shared%20Documents/Sales/Sales%20Collateral/Presentations/Product%20Presentations/ABS/_to_delete/site/site/images/admin/audit-logs-exported-csv.png,b!MW22Pukebk6aWlrjbkWCK27cJOS0bM9OhUq0QE7-doKh1nVGqaB-SKHlnIF7W6dj,01X5UIHT33EAOGLJBAOJB2IJURD4Z4OUUL
sales,Presentations/Product Presentations/ABS/_to_delete/site/site/images/admin,audit-logs-exported-zip.png,png,0.09,2022-04-16,2021-12-22,Vijender Yadav,Deck; Event; Sales,Deck; Event,,,,active,no,not a document,https://propalmsnetwork.sharepoint.com/sites/Company/Shared%20Documents/Sales/Sales%20Collateral/Presentations/Product%20Presentations/ABS/_to_delete/site/site/images/admin/audit-logs-exported-zip.png,b!MW22Pukebk6aWlrjbkWCK27cJOS0bM9OhUq0QE7-doKh1nVGqaB-SKHlnIF7W6dj,01X5UIHT3U33YOJE66QZF32V7ZPPRHETAG
sales,Presentations/Product Presentations/ABS/_to_delete/site/site/images/admin,audit-logs.png,png,0.09,2022-04-16,2021-12-22,Vijender Yadav,Deck; Sales,Deck,,,,active,no,not a document,https://propalmsnetwork.sharepoint.com/sites/Company/Shared%20Documents/Sales/Sales%20Collateral/Presentations/Product%20Presentations/ABS/_to_delete/site/site/images/admin/audit-logs.png,b!MW22Pukebk6aWlrjbkWCK27cJOS0bM9OhUq0QE7-doKh1nVGqaB-SKHlnIF7W6dj,01X5UIHT2ZKQYXBHEULZF3CASWAUFV42FA
sales,Presentations/Product Presentations/ABS/_to_delete/site/site/images/admin,biometric-capture-face.png,png,0.47,2022-04-16,2021-12-22,Vijender Yadav,Deck; BioAuth; Sales,Deck,,BioAuth,,active,no,not a document,https://propalmsnetwork.sharepoint.com/sites/Company/Shared%20Documents/Sales/Sales%20Collateral/Presentations/Product%20Presentations/ABS/_to_delete/site/site/images/admin/biometric-capture-face.png,b!MW22Pukebk6aWlrjbkWCK27cJOS0bM9OhUq0QE7-doKh1nVGqaB-SKHlnIF7W6dj,01X5UIHT6V7NRZS6SSWBBY6VT2MWVW6VDG
sales,Presentations/Product Presentations/ABS/_to_delete/site/site/images/admin,biometric-capture-fingerprint-missing-hyid.png,png,0.09,2022-04-16,2021-12-22,Vijender Yadav,Deck; HyID; BioAuth; Sales,Deck,,HyID; BioAuth,,active,no,not a document,https://propalmsnetwork.sharepoint.com/sites/Company/Shared%20Documents/Sales/Sales%20Collateral/Presentations/Product%20Presentations/ABS/_to_delete/site/site/images/admin/biometric-capture-fingerprint-missing-hyid.png,b!MW22Pukebk6aWlrjbkWCK27cJOS0bM9OhUq0QE7-doKh1nVGqaB-SKHlnIF7W6dj,01X5UIHT32WX2ZLZMVGJCYGZ5O5TUG4PCG
sales,Presentations/Product Presentations/ABS/_to_delete/site/site/images/admin,biometric-capture-fingerprint.png,png,0.09,2022-04-16,2021-12-22,Vijender Yadav,Deck; BioAuth; Sales,Deck,,BioAuth,,active,no,not a document,https://propalmsnetwork.sharepoint.com/sites/Company/Shared%20Documents/Sales/Sales%20Collateral/Presentations/Product%20Presentations/ABS/_to_delete/site/site/images/admin/biometric-capture-fingerprint.png,b!MW22Pukebk6aWlrjbkWCK27cJOS0bM9OhUq0QE7-doKh1nVGqaB-SKHlnIF7W6dj,01X5UIHTYA6ZM35D2OBVHZKIFJSNDV4JN2
sales,Presentations/Product Presentations/ABS/_to_delete/site/site/images/admin,biometric-captured-face.png,png,0.46,2022-04-16,2021-12-22,Vijender Yadav,Deck; BioAuth; Sales,Deck,,BioAuth,,active,no,not a document,https://propalmsnetwork.sharepoint.com/sites/Company/Shared%20Documents/Sales/Sales%20Collateral/Presentations/Product%20Presentations/ABS/_to_delete/site/site/images/admin/biometric-captured-face.png,b!MW22Pukebk6aWlrjbkWCK27cJOS0bM9OhUq0QE7-doKh1nVGqaB-SKHlnIF7W6dj,01X5UIHT5Y6T7VDD3DGZH2IEYVPMQN3IOV
sales,Presentations/Product Presentations/ABS/_to_delete/site/site/images/admin,capture-policies.png,png,0.05,2022-04-16,2021-12-22,Vijender Yadav,Deck; Sales,Deck,,,,active,no,not a document,https://propalmsnetwork.sharepoint.com/sites/Company/Shared%20Documents/Sales/Sales%20Collateral/Presentations/Product%20Presentations/ABS/_to_delete/site/site/images/admin/capture-policies.png,b!MW22Pukebk6aWlrjbkWCK27cJOS0bM9OhUq0QE7-doKh1nVGqaB-SKHlnIF7W6dj,01X5UIHT4JIP7LNIUUVFHILLKPZHPXLMKQ
sales,Presentations/Product Presentations/ABS/_to_delete/site/site/images/admin,capture-policy-add-admin.png,png,0.07,2022-04-16,2021-12-22,Vijender Yadav,Deck; Sales,Deck,,,,active,no,not a document,https://propalmsnetwork.sharepoint.com/sites/Company/Shared%20Documents/Sales/Sales%20Collateral/Presentations/Product%20Presentations/ABS/_to_delete/site/site/images/admin/capture-policy-add-admin.png,b!MW22Pukebk6aWlrjbkWCK27cJOS0bM9OhUq0QE7-doKh1nVGqaB-SKHlnIF7W6dj,01X5UIHT6HMB45PRX4VRE2Q5GDTQOBRWYO
sales,Presentations/Product Presentations/ABS/_to_delete/site/site/images/admin,capture-policy-add-self.png,png,0.05,2022-04-16,2021-12-22,Vijender Yadav,Deck; Sales,Deck,,,,active,no,not a document,https://propalmsnetwork.sharepoint.com/sites/Company/Shared%20Documents/Sales/Sales%20Collateral/Presentations/Product%20Presentations/ABS/_to_delete/site/site/images/admin/capture-policy-add-self.png,b!MW22Pukebk6aWlrjbkWCK27cJOS0bM9OhUq0QE7-doKh1nVGqaB-SKHlnIF7W6dj,01X5UIHT5LJ7D2OJGV65AIX7GGXAYRRNFE
sales,Presentations/Product Presentations/ABS/_to_delete/site/site/images/admin,capture-policy-delete-confirm.png,png,0.06,2022-04-16,2021-12-22,Vijender Yadav,Deck; Sales,Deck,,,,active,no,not a document,https://propalmsnetwork.sharepoint.com/sites/Company/Shared%20Documents/Sales/Sales%20Collateral/Presentations/Product%20Presentations/ABS/_to_delete/site/site/images/admin/capture-policy-delete-confirm.png,b!MW22Pukebk6aWlrjbkWCK27cJOS0bM9OhUq0QE7-doKh1nVGqaB-SKHlnIF7W6dj,01X5UIHT7UPR2FVAG4END2EZEF5SKNXRLJ
sales,Presentations/Product Presentations/ABS/_to_delete/site/site/images/admin,capture-policy-edit.png,png,0.07,2022-04-16,2021-12-22,Vijender Yadav,Deck; Sales,Deck,,,,active,no,not a document,https://propalmsnetwork.sharepoint.com/sites/Company/Shared%20Documents/Sales/Sales%20Collateral/Presentations/Product%20Presentations/ABS/_to_delete/site/site/images/admin/capture-policy-edit.png,b!MW22Pukebk6aWlrjbkWCK27cJOS0bM9OhUq0QE7-doKh1nVGqaB-SKHlnIF7W6dj,01X5UIHTYKRZBEQ6563ZHKMFZB3WE42RP4
sales,Presentations/Product Presentations/ABS/_to_delete/site/site/images/admin,dashboard-personal.png,png,0.13,2022-04-16,2021-12-22,Vijender Yadav,Deck; Sales,Deck,,,,active,no,not a document,https://propalmsnetwork.sharepoint.com/sites/Company/Shared%20Documents/Sales/Sales%20Collateral/Presentations/Product%20Presentations/ABS/_to_delete/site/site/images/admin/dashboard-personal.png,b!MW22Pukebk6aWlrjbkWCK27cJOS0bM9OhUq0QE7-doKh1nVGqaB-SKHlnIF7W6dj,01X5UIHT5WWVFFLGDHENELSO7FQ2BB4PN4
sales,Presentations/Product Presentations/ABS/_to_delete/site/site/images/admin,dashboard-stats.png,png,0.09,2022-04-16,2021-12-22,Vijender Yadav,Deck; Sales,Deck,,,,active,no,not a document,https://propalmsnetwork.sharepoint.com/sites/Company/Shared%20Documents/Sales/Sales%20Collateral/Presentations/Product%20Presentations/ABS/_to_delete/site/site/images/admin/dashboard-stats.png,b!MW22Pukebk6aWlrjbkWCK27cJOS0bM9OhUq0QE7-doKh1nVGqaB-SKHlnIF7W6dj,01X5UIHT33F4262GPL3JE27BXZL6XAJG23
sales,Presentations/Product Presentations/ABS/_to_delete/site/site/images/admin,dashboard-system.png,png,0.11,2022-04-16,2021-12-22,Vijender Yadav,Deck; Sales,Deck,,,,active,no,not a document,https://propalmsnetwork.sharepoint.com/sites/Company/Shared%20Documents/Sales/Sales%20Collateral/Presentations/Product%20Presentations/ABS/_to_delete/site/site/images/admin/dashboard-system.png,b!MW22Pukebk6aWlrjbkWCK27cJOS0bM9OhUq0QE7-doKh1nVGqaB-SKHlnIF7W6dj,01X5UIHT2AHADIAE4SSJDZQOP6ILI53LS3
sales,Presentations/Product Presentations/ABS/_to_delete/site/site/images/admin,enroller-verification-failed.png,png,0.11,2022-04-16,2021-12-22,Vijender Yadav,Deck; Sales,Deck,,,,active,no,not a document,https://propalmsnetwork.sharepoint.com/sites/Company/Shared%20Documents/Sales/Sales%20Collateral/Presentations/Product%20Presentations/ABS/_to_delete/site/site/images/admin/enroller-verification-failed.png,b!MW22Pukebk6aWlrjbkWCK27cJOS0bM9OhUq0QE7-doKh1nVGqaB-SKHlnIF7W6dj,01X5UIHT7Z6KZMWOOI4ZDJAW3T3LN4LZW7
sales,Presentations/Product Presentations/ABS/_to_delete/site/site/images/admin,enroller-verification-match-failed.png,png,0.11,2022-04-16,2021-12-22,Vijender Yadav,Deck; Sales,Deck,,,,active,no,not a document,https://propalmsnetwork.sharepoint.com/sites/Company/Shared%20Documents/Sales/Sales%20Collateral/Presentations/Product%20Presentations/ABS/_to_delete/site/site/images/admin/enroller-verification-match-failed.png,b!MW22Pukebk6aWlrjbkWCK27cJOS0bM9OhUq0QE7-doKh1nVGqaB-SKHlnIF7W6dj,01X5UIHT6YLV62MAULQ5AZQPXFQB3G7S2B
sales,Presentations/Product Presentations/ABS/_to_delete/site/site/images/admin,enroller-verification-success.png,png,0.1,2022-04-16,2021-12-22,Vijender Yadav,Deck; Sales,Deck,,,,active,no,not a document,https://propalmsnetwork.sharepoint.com/sites/Company/Shared%20Documents/Sales/Sales%20Collateral/Presentations/Product%20Presentations/ABS/_to_delete/site/site/images/admin/enroller-verification-success.png,b!MW22Pukebk6aWlrjbkWCK27cJOS0bM9OhUq0QE7-doKh1nVGqaB-SKHlnIF7W6dj,01X5UIHTZYDTKQLXXZANC3GKZTFOMDRNWF
sales,Presentations/Product Presentations/ABS/_to_delete/site/site/images/admin,enroller-verification.png,png,0.05,2022-04-16,2021-12-22,Vijender Yadav,Deck; Sales,Deck,,,,active,no,not a document,https://propalmsnetwork.sharepoint.com/sites/Company/Shared%20Documents/Sales/Sales%20Collateral/Presentations/Product%20Presentations/ABS/_to_delete/site/site/images/admin/enroller-verification.png,b!MW22Pukebk6aWlrjbkWCK27cJOS0bM9OhUq0QE7-doKh1nVGqaB-SKHlnIF7W6dj,01X5UIHT4FUJ4HNATLOZBYZPHK6VYC62Y2
sales,Presentations/Product Presentations/ABS/_to_delete/site/site/images/admin,fingerprint-captured-user.png,png,0.09,2022-04-16,2021-12-22,Vijender Yadav,Deck; Sales,Deck,,,,active,no,not a document,https://propalmsnetwork.sharepoint.com/sites/Company/Shared%20Documents/Sales/Sales%20Collateral/Presentations/Product%20Presentations/ABS/_to_delete/site/site/images/admin/fingerprint-captured-user.png,b!MW22Pukebk6aWlrjbkWCK27cJOS0bM9OhUq0QE7-doKh1nVGqaB-SKHlnIF7W6dj,01X5UIHT6D4NPPJS3JB5CJIFK7HGSMG7VC
sales,Presentations/Product Presentations/ABS/_to_delete/site/site/images/admin,fingerprint-captured.png,png,0.09,2022-04-16,2021-12-22,Vijender Yadav,Deck; Sales,Deck,,,,active,no,not a document,https://propalmsnetwork.sharepoint.com/sites/Company/Shared%20Documents/Sales/Sales%20Collateral/Presentations/Product%20Presentations/ABS/_to_delete/site/site/images/admin/fingerprint-captured.png,b!MW22Pukebk6aWlrjbkWCK27cJOS0bM9OhUq0QE7-doKh1nVGqaB-SKHlnIF7W6dj,01X5UIHT5ZKJMCMH2UK5GIHJMFEUEFYGBQ
sales,Presentations/Product Presentations/ABS/_to_delete/site/site/images/admin,fingerprint-capturing-user.png,png,0.1,2022-04-16,2021-12-22,Vijender Yadav,Deck; Sales,Deck,,,,active,no,not a document,https://propalmsnetwork.sharepoint.com/sites/Company/Shared%20Documents/Sales/Sales%20Collateral/Presentations/Product%20Presentations/ABS/_to_delete/site/site/images/admin/fingerprint-capturing-user.png,b!MW22Pukebk6aWlrjbkWCK27cJOS0bM9OhUq0QE7-doKh1nVGqaB-SKHlnIF7W6dj,01X5UIHT6L57ILHBKUB5GJYOAWV3BE72PR
sales,Presentations/Product Presentations/ABS/_to_delete/site/site/images/admin,fingerprint-capturing.png,png,0.1,2022-04-16,2021-12-22,Vijender Yadav,Deck; Sales,Deck,,,,active,no,not a document,https://propalmsnetwork.sharepoint.com/sites/Company/Shared%20Documents/Sales/Sales%20Collateral/Presentations/Product%20Presentations/ABS/_to_delete/site/site/images/admin/fingerprint-capturing.png,b!MW22Pukebk6aWlrjbkWCK27cJOS0bM9OhUq0QE7-doKh1nVGqaB-SKHlnIF7W6dj,01X5UIHT3I27BXKRM2XRBYURIXBU5NDIZ3
sales,Presentations/Product Presentations/ABS/_to_delete/site/site/images/admin,maker-checker-config.png,png,0.06,2022-04-16,2021-12-22,Vijender Yadav,Deck; Sales,Deck,,,,active,no,not a document,https://propalmsnetwork.sharepoint.com/sites/Company/Shared%20Documents/Sales/Sales%20Collateral/Presentations/Product%20Presentations/ABS/_to_delete/site/site/images/admin/maker-checker-config.png,b!MW22Pukebk6aWlrjbkWCK27cJOS0bM9OhUq0QE7-doKh1nVGqaB-SKHlnIF7W6dj,01X5UIHT3G4PAWJBKPYFELMZ7OQXVU6YF3
sales,Presentations/Product Presentations/ABS/_to_delete/site/site/images/admin,maker-checker-review-disabled.png,png,0.06,2022-04-16,2021-12-22,Vijender Yadav,Deck; Sales,Deck,,,,active,no,not a document,https://propalmsnetwork.sharepoint.com/sites/Company/Shared%20Documents/Sales/Sales%20Collateral/Presentations/Product%20Presentations/ABS/_to_delete/site/site/images/admin/maker-checker-review-disabled.png,b!MW22Pukebk6aWlrjbkWCK27cJOS0bM9OhUq0QE7-doKh1nVGqaB-SKHlnIF7W6dj,01X5UIHT3CNKEMOVY57RHYKPX7I6IET4ZL
sales,Presentations/Product Presentations/ABS/_to_delete/site/site/images/admin,maker-checker-review-enabled.png,png,0.06,2022-04-16,2021-12-22,Vijender Yadav,Deck; Sales,Deck,,,,active,no,not a document,https://propalmsnetwork.sharepoint.com/sites/Company/Shared%20Documents/Sales/Sales%20Collateral/Presentations/Product%20Presentations/ABS/_to_delete/site/site/images/admin/maker-checker-review-enabled.png,b!MW22Pukebk6aWlrjbkWCK27cJOS0bM9OhUq0QE7-doKh1nVGqaB-SKHlnIF7W6dj,01X5UIHT4ZFQ5XUMB2F5HL7N64APWUCJY3
sales,Presentations/Product Presentations/ABS/_to_delete/site/site/images/admin,profile.png,png,0.05,2022-04-16,2021-12-22,Vijender Yadav,Deck; Sales,Deck,,,,active,no,not a document,https://propalmsnetwork.sharepoint.com/sites/Company/Shared%20Documents/Sales/Sales%20Collateral/Presentations/Product%20Presentations/ABS/_to_delete/site/site/images/admin/profile.png,b!MW22Pukebk6aWlrjbkWCK27cJOS0bM9OhUq0QE7-doKh1nVGqaB-SKHlnIF7W6dj,01X5UIHT3MQ5X37JFEIZAL26JHHNUSCWZH
sales,Presentations/Product Presentations/ABS/_to_delete/site/site/images/admin,test-ldap-query.png,png,0.09,2022-04-16,2021-12-22,Vijender Yadav,Deck; Sales,Deck,,,,active,no,not a document,https://propalmsnetwork.sharepoint.com/sites/Company/Shared%20Documents/Sales/Sales%20Collateral/Presentations/Product%20Presentations/ABS/_to_delete/site/site/images/admin/test-ldap-query.png,b!MW22Pukebk6aWlrjbkWCK27cJOS0bM9OhUq0QE7-doKh1nVGqaB-SKHlnIF7W6dj,01X5UIHT7HEMFZOEF6GFFJ4AQN7ICQSMK3
sales,Presentations/Product Presentations/ABS/_to_delete/site/site/images/admin,user-approver-verification.png,png,0.06,2022-04-16,2021-12-22,Vijender Yadav,Deck; Sales,Deck,,,,active,no,not a document,https://propalmsnetwork.sharepoint.com/sites/Company/Shared%20Documents/Sales/Sales%20Collateral/Presentations/Product%20Presentations/ABS/_to_delete/site/site/images/admin/user-approver-verification.png,b!MW22Pukebk6aWlrjbkWCK27cJOS0bM9OhUq0QE7-doKh1nVGqaB-SKHlnIF7W6dj,01X5UIHT3L75O7JG6B5JBKDE2PHXGC6IEX
sales,Presentations/Product Presentations/ABS/_to_delete/site/site/images/admin,user-bulk-unenroll-audit-logs.png,png,0.09,2022-04-16,2021-12-22,Vijender Yadav,Deck; Sales,Deck,,,,active,no,not a document,https://propalmsnetwork.sharepoint.com/sites/Company/Shared%20Documents/Sales/Sales%20Collateral/Presentations/Product%20Presentations/ABS/_to_delete/site/site/images/admin/user-bulk-unenroll-audit-logs.png,b!MW22Pukebk6aWlrjbkWCK27cJOS0bM9OhUq0QE7-doKh1nVGqaB-SKHlnIF7W6dj,01X5UIHT2VSEXL7TCAKBHZ3J3INTL3GZWV
sales,Presentations/Product Presentations/ABS/_to_delete/site/site/images/admin,user-bulk-unenroll-button.png,png,0.05,2022-04-16,2021-12-22,Vijender Yadav,Deck; Sales,Deck,,,,active,no,not a document,https://propalmsnetwork.sharepoint.com/sites/Company/Shared%20Documents/Sales/Sales%20Collateral/Presentations/Product%20Presentations/ABS/_to_delete/site/site/images/admin/user-bulk-unenroll-button.png,b!MW22Pukebk6aWlrjbkWCK27cJOS0bM9OhUq0QE7-doKh1nVGqaB-SKHlnIF7W6dj,01X5UIHT5NJFOPHVC7IFA2QD5AJMVWD4UT
sales,Presentations/Product Presentations/ABS/_to_delete/site/site/images/admin,user-bulk-unenroll-input.png,png,0.05,2022-04-16,2021-12-22,Vijender Yadav,Deck; Sales,Deck,,,,active,no,not a document,https://propalmsnetwork.sharepoint.com/sites/Company/Shared%20Documents/Sales/Sales%20Collateral/Presentations/Product%20Presentations/ABS/_to_delete/site/site/images/admin/user-bulk-unenroll-input.png,b!MW22Pukebk6aWlrjbkWCK27cJOS0bM9OhUq0QE7-doKh1nVGqaB-SKHlnIF7W6dj,01X5UIHT25NJL5QNUONNGY2JMMSFJFJJFS
sales,Presentations/Product Presentations/ABS/_to_delete/site/site/images/admin,user-bulk-unenroll-result.png,png,0.05,2022-04-16,2021-12-22,Vijender Yadav,Deck; Sales,Deck,,,,active,no,not a document,https://propalmsnetwork.sharepoint.com/sites/Company/Shared%20Documents/Sales/Sales%20Collateral/Presentations/Product%20Presentations/ABS/_to_delete/site/site/images/admin/user-bulk-unenroll-result.png,b!MW22Pukebk6aWlrjbkWCK27cJOS0bM9OhUq0QE7-doKh1nVGqaB-SKHlnIF7W6dj,01X5UIHTYWTKWE7MIY5VGZHNCO2XSQDYAQ
sales,Presentations/Product Presentations/ABS/_to_delete/site/site/images/admin,user-disable-confirm.png,png,0.05,2022-04-16,2021-12-22,Vijender Yadav,Deck; Sales,Deck,,,,active,no,not a document,https://propalmsnetwork.sharepoint.com/sites/Company/Shared%20Documents/Sales/Sales%20Collateral/Presentations/Product%20Presentations/ABS/_to_delete/site/site/images/admin/user-disable-confirm.png,b!MW22Pukebk6aWlrjbkWCK27cJOS0bM9OhUq0QE7-doKh1nVGqaB-SKHlnIF7W6dj,01X5UIHT3PLZFJAUMVXJEZUCZXD5FMQ347
sales,Presentations/Product Presentations/ABS/_to_delete/site/site/images/admin,user-enrolled.png,png,0.05,2022-04-16,2021-12-22,Vijender Yadav,Deck; Sales,Deck,,,,active,no,not a document,https://propalmsnetwork.sharepoint.com/sites/Company/Shared%20Documents/Sales/Sales%20Collateral/Presentations/Product%20Presentations/ABS/_to_delete/site/site/images/admin/user-enrolled.png,b!MW22Pukebk6aWlrjbkWCK27cJOS0bM9OhUq0QE7-doKh1nVGqaB-SKHlnIF7W6dj,01X5UIHT5L2D3ZDNFKWBE2MYH3NRLPW5O6
sales,Presentations/Product Presentations/ABS/_to_delete/site/site/images/admin,user-review.png,png,0.15,2022-04-16,2021-12-22,Vijender Yadav,Deck; Sales,Deck,,,,active,no,not a document,https://propalmsnetwork.sharepoint.com/sites/Company/Shared%20Documents/Sales/Sales%20Collateral/Presentations/Product%20Presentations/ABS/_to_delete/site/site/images/admin/user-review.png,b!MW22Pukebk6aWlrjbkWCK27cJOS0bM9OhUq0QE7-doKh1nVGqaB-SKHlnIF7W6dj,01X5UIHT24H24IVK3LHBGYWTL5KK4JFF7G
sales,Presentations/Product Presentations/ABS/_to_delete/site/site/images/admin,user-search.png,png,0.08,2022-04-16,2021-12-22,Vijender Yadav,Deck; Sales,Deck,,,,active,no,not a document,https://propalmsnetwork.sharepoint.com/sites/Company/Shared%20Documents/Sales/Sales%20Collateral/Presentations/Product%20Presentations/ABS/_to_delete/site/site/images/admin/user-search.png,b!MW22Pukebk6aWlrjbkWCK27cJOS0bM9OhUq0QE7-doKh1nVGqaB-SKHlnIF7W6dj,01X5UIHTY4MSKJU3XW4BFJJ5TCHLIKZXLG
sales,Presentations/Product Presentations/ABS/_to_delete/site/site/images/admin,user-unenroll-confirm.png,png,0.05,2022-04-16,2021-12-22,Vijender Yadav,Deck; Sales,Deck,,,,active,no,not a document,https://propalmsnetwork.sharepoint.com/sites/Company/Shared%20Documents/Sales/Sales%20Collateral/Presentations/Product%20Presentations/ABS/_to_delete/site/site/images/admin/user-unenroll-confirm.png,b!MW22Pukebk6aWlrjbkWCK27cJOS0bM9OhUq0QE7-doKh1nVGqaB-SKHlnIF7W6dj,01X5UIHT4K4CPXAET5BJFZ4HXVJSRQLEUM
sales,Presentations/Product Presentations/ABS/_to_delete/site/site/images/admin,users-approved.png,png,0.05,2022-04-16,2021-12-22,Vijender Yadav,Deck; Sales,Deck,,,,active,no,not a document,https://propalmsnetwork.sharepoint.com/sites/Company/Shared%20Documents/Sales/Sales%20Collateral/Presentations/Product%20Presentations/ABS/_to_delete/site/site/images/admin/users-approved.png,b!MW22Pukebk6aWlrjbkWCK27cJOS0bM9OhUq0QE7-doKh1nVGqaB-SKHlnIF7W6dj,01X5UIHT2VS7ADLVDQHVBLTXFUGI4AU3DY
sales,Presentations/Product Presentations/ABS/_to_delete/site/site/images/admin,users-check-policies-default.png,png,0.07,2022-04-16,2021-12-22,Vijender Yadav,Deck; Sales,Deck,,,,active,no,not a document,https://propalmsnetwork.sharepoint.com/sites/Company/Shared%20Documents/Sales/Sales%20Collateral/Presentations/Product%20Presentations/ABS/_to_delete/site/site/images/admin/users-check-policies-default.png,b!MW22Pukebk6aWlrjbkWCK27cJOS0bM9OhUq0QE7-doKh1nVGqaB-SKHlnIF7W6dj,01X5UIHT3SWY7QOJBBPVA3E2YX4G3FROIE
sales,Presentations/Product Presentations/ABS/_to_delete/site/site/images/admin,users-check-policies-enroller.png,png,0.07,2022-04-16,2021-12-22,Vijender Yadav,Deck; Sales,Deck,,,,active,no,not a document,https://propalmsnetwork.sharepoint.com/sites/Company/Shared%20Documents/Sales/Sales%20Collateral/Presentations/Product%20Presentations/ABS/_to_delete/site/site/images/admin/users-check-policies-enroller.png,b!MW22Pukebk6aWlrjbkWCK27cJOS0bM9OhUq0QE7-doKh1nVGqaB-SKHlnIF7W6dj,01X5UIHT2XM6BBSC3YPVD3QVXWGSA4GHME
sales,Presentations/Product Presentations/ABS/_to_delete/site/site/images/admin,users-check-policies.png,png,0.1,2022-04-16,2021-12-22,Vijender Yadav,Deck; Sales,Deck,,,,active,no,not a document,https://propalmsnetwork.sharepoint.com/sites/Company/Shared%20Documents/Sales/Sales%20Collateral/Presentations/Product%20Presentations/ABS/_to_delete/site/site/images/admin/users-check-policies.png,b!MW22Pukebk6aWlrjbkWCK27cJOS0bM9OhUq0QE7-doKh1nVGqaB-SKHlnIF7W6dj,01X5UIHT2G4GI7XAVBP5FZ2VY6GRJTP6TU
sales,Presentations/Product Presentations/ABS/_to_delete/site/site/images/admin,users-pending-approval.png,png,0.04,2022-04-16,2021-12-22,Vijender Yadav,Deck; Sales,Deck,,,,active,no,not a document,https://propalmsnetwork.sharepoint.com/sites/Company/Shared%20Documents/Sales/Sales%20Collateral/Presentations/Product%20Presentations/ABS/_to_delete/site/site/images/admin/users-pending-approval.png,b!MW22Pukebk6aWlrjbkWCK27cJOS0bM9OhUq0QE7-doKh1nVGqaB-SKHlnIF7W6dj,01X5UIHTYHBXYSN5UV6ZEKNPB3LKM2LCFP
sales,Presentations/Product Presentations/ABS/_to_delete/site/site/images/admin,users.png,png,0.05,2022-04-16,2021-12-22,Vijender Yadav,Deck; Sales,Deck,,,,active,no,not a document,https://propalmsnetwork.sharepoint.com/sites/Company/Shared%20Documents/Sales/Sales%20Collateral/Presentations/Product%20Presentations/ABS/_to_delete/site/site/images/admin/users.png,b!MW22Pukebk6aWlrjbkWCK27cJOS0bM9OhUq0QE7-doKh1nVGqaB-SKHlnIF7W6dj,01X5UIHT5VMIB72SENRZHIBVC5KCQSYXMS
sales,Presentations/Product Presentations/ABS/_to_delete/site/site/images/admin,workflow-config.png,png,0.05,2022-04-16,2021-12-22,Vijender Yadav,Deck; Sales,Deck,,,,active,no,not a document,https://propalmsnetwork.sharepoint.com/sites/Company/Shared%20Documents/Sales/Sales%20Collateral/Presentations/Product%20Presentations/ABS/_to_delete/site/site/images/admin/workflow-config.png,b!MW22Pukebk6aWlrjbkWCK27cJOS0bM9OhUq0QE7-doKh1nVGqaB-SKHlnIF7W6dj,01X5UIHTYEPYYIJNCQMREI3WNOHDCNLH4O
sales,Presentations/Product Presentations/ABS/_to_delete/site/site/images/aws,1.png,png,0.23,2022-04-16,2021-12-22,Vijender Yadav,Deck; Sales,Deck,,,,active,no,not a document,https://propalmsnetwork.sharepoint.com/sites/Company/Shared%20Documents/Sales/Sales%20Collateral/Presentations/Product%20Presentations/ABS/_to_delete/site/site/images/aws/1.png,b!MW22Pukebk6aWlrjbkWCK27cJOS0bM9OhUq0QE7-doKh1nVGqaB-SKHlnIF7W6dj,01X5UIHT3FUDISPCZBVBAZMFVSMYQTBDCY
sales,Presentations/Product Presentations/ABS/_to_delete/site/site/images/aws,2.png,png,0.19,2022-04-16,2021-12-22,Vijender Yadav,Deck; Sales,Deck,,,,active,no,not a document,https://propalmsnetwork.sharepoint.com/sites/Company/Shared%20Documents/Sales/Sales%20Collateral/Presentations/Product%20Presentations/ABS/_to_delete/site/site/images/aws/2.png,b!MW22Pukebk6aWlrjbkWCK27cJOS0bM9OhUq0QE7-doKh1nVGqaB-SKHlnIF7W6dj,01X5UIHT42LZ3CFVWF55CK7773CYO74RYK
sales,Presentations/Product Presentations/ABS/_to_delete/site/site/images/aws,3.png,png,0.09,2022-04-16,2021-12-22,Vijender Yadav,Deck; Sales,Deck,,,,active,no,not a document,https://propalmsnetwork.sharepoint.com/sites/Company/Shared%20Documents/Sales/Sales%20Collateral/Presentations/Product%20Presentations/ABS/_to_delete/site/site/images/aws/3.png,b!MW22Pukebk6aWlrjbkWCK27cJOS0bM9OhUq0QE7-doKh1nVGqaB-SKHlnIF7W6dj,01X5UIHT3PHI4E6ZT2CFBIR67DVODCD7IO
sales,Presentations/Product Presentations/ABS/_to_delete/site/site/images/aws,4.png,png,0.09,2022-04-16,2021-12-22,Vijender Yadav,Deck; Sales,Deck,,,,active,no,not a document,https://propalmsnetwork.sharepoint.com/sites/Company/Shared%20Documents/Sales/Sales%20Collateral/Presentations/Product%20Presentations/ABS/_to_delete/site/site/images/aws/4.png,b!MW22Pukebk6aWlrjbkWCK27cJOS0bM9OhUq0QE7-doKh1nVGqaB-SKHlnIF7W6dj,01X5UIHTYNLHIFGYAJRNAKDQB5KKOFSMQC
sales,Presentations/Product Presentations/ABS/_to_delete/site/site/images/aws,5.png,png,0.1,2022-04-16,2021-12-22,Vijender Yadav,Deck; Sales,Deck,,,,active,no,not a document,https://propalmsnetwork.sharepoint.com/sites/Company/Shared%20Documents/Sales/Sales%20Collateral/Presentations/Product%20Presentations/ABS/_to_delete/site/site/images/aws/5.png,b!MW22Pukebk6aWlrjbkWCK27cJOS0bM9OhUq0QE7-doKh1nVGqaB-SKHlnIF7W6dj,01X5UIHTYLGRI36B5KVZA3EWONPMAKVFSQ
sales,Presentations/Product Presentations/ABS/_to_delete/site/site/images/aws,6.png,png,0.09,2022-04-16,2021-12-22,Vijender Yadav,Deck; Sales,Deck,,,,active,no,not a document,https://propalmsnetwork.sharepoint.com/sites/Company/Shared%20Documents/Sales/Sales%20Collateral/Presentations/Product%20Presentations/ABS/_to_delete/site/site/images/aws/6.png,b!MW22Pukebk6aWlrjbkWCK27cJOS0bM9OhUq0QE7-doKh1nVGqaB-SKHlnIF7W6dj,01X5UIHTZMBS5SSI74QZFIRN2VOSLMJXBG
sales,Presentations/Product Presentations/ABS/_to_delete/site/site/images/aws,7.png,png,0.08,2022-04-16,2021-12-22,Vijender Yadav,Deck; Sales,Deck,,,,active,no,not a document,https://propalmsnetwork.sharepoint.com/sites/Company/Shared%20Documents/Sales/Sales%20Collateral/Presentations/Product%20Presentations/ABS/_to_delete/site/site/images/aws/7.png,b!MW22Pukebk6aWlrjbkWCK27cJOS0bM9OhUq0QE7-doKh1nVGqaB-SKHlnIF7W6dj,01X5UIHTZGDRSWZ6RAGJGIFZ35OKHW3CCD
sales,Presentations/Product Presentations/ABS/_to_delete/site/site/images/aws,8.png,png,0.09,2022-04-16,2021-12-22,Vijender Yadav,Deck; Sales,Deck,,,,active,no,not a document,https://propalmsnetwork.sharepoint.com/sites/Company/Shared%20Documents/Sales/Sales%20Collateral/Presentations/Product%20Presentations/ABS/_to_delete/site/site/images/aws/8.png,b!MW22Pukebk6aWlrjbkWCK27cJOS0bM9OhUq0QE7-doKh1nVGqaB-SKHlnIF7W6dj,01X5UIHT3ICBQ22A2K65DZ5TXWNIONIU2E
sales,Presentations/Product Presentations/ABS/_to_delete/site/site/images/aws,9.png,png,0.1,2022-04-16,2021-12-22,Vijender Yadav,Deck; Sales,Deck,,,,active,no,not a document,https://propalmsnetwork.sharepoint.com/sites/Company/Shared%20Documents/Sales/Sales%20Collateral/Presentations/Product%20Presentations/ABS/_to_delete/site/site/images/aws/9.png,b!MW22Pukebk6aWlrjbkWCK27cJOS0bM9OhUq0QE7-doKh1nVGqaB-SKHlnIF7W6dj,01X5UIHTZMGI3IZ4X6VRCLGB2LWUGUVNIY
sales,Presentations/Product Presentations/ABS/_to_delete/site/site/images/azure,1.png,png,0.16,2022-04-16,2021-12-22,Vijender Yadav,Deck; Sales,Deck,,,,active,no,not a document,https://propalmsnetwork.sharepoint.com/sites/Company/Shared%20Documents/Sales/Sales%20Collateral/Presentations/Product%20Presentations/ABS/_to_delete/site/site/images/azure/1.png,b!MW22Pukebk6aWlrjbkWCK27cJOS0bM9OhUq0QE7-doKh1nVGqaB-SKHlnIF7W6dj,01X5UIHT53AVICWYZ3S5A3TVB2UIMKOJUT
sales,Presentations/Product Presentations/ABS/_to_delete/site/site/images/azure,10.png,png,0.17,2022-04-16,2021-12-22,Vijender Yadav,Deck; Sales,Deck,,,,active,no,not a document,https://propalmsnetwork.sharepoint.com/sites/Company/Shared%20Documents/Sales/Sales%20Collateral/Presentations/Product%20Presentations/ABS/_to_delete/site/site/images/azure/10.png,b!MW22Pukebk6aWlrjbkWCK27cJOS0bM9OhUq0QE7-doKh1nVGqaB-SKHlnIF7W6dj,01X5UIHT4BMDBLNSQW4JEIDVWY7BFHYEKL
sales,Presentations/Product Presentations/ABS/_to_delete/site/site/images/azure,2.png,png,0.14,2022-04-16,2021-12-22,Vijender Yadav,Deck; Sales,Deck,,,,active,no,not a document,https://propalmsnetwork.sharepoint.com/sites/Company/Shared%20Documents/Sales/Sales%20Collateral/Presentations/Product%20Presentations/ABS/_to_delete/site/site/images/azure/2.png,b!MW22Pukebk6aWlrjbkWCK27cJOS0bM9OhUq0QE7-doKh1nVGqaB-SKHlnIF7W6dj,01X5UIHT33KB6VIEGXTRDJDLYDMHPFTM7B
sales,Presentations/Product Presentations/ABS/_to_delete/site/site/images/azure,3.png,png,0.21,2022-04-16,2021-12-22,Vijender Yadav,Deck; Sales,Deck,,,,active,no,not a document,https://propalmsnetwork.sharepoint.com/sites/Company/Shared%20Documents/Sales/Sales%20Collateral/Presentations/Product%20Presentations/ABS/_to_delete/site/site/images/azure/3.png,b!MW22Pukebk6aWlrjbkWCK27cJOS0bM9OhUq0QE7-doKh1nVGqaB-SKHlnIF7W6dj,01X5UIHT7CWWEV4XLDBNBYU33EAGHSMHCO
sales,Presentations/Product Presentations/ABS/_to_delete/site/site/images/azure,4.png,png,0.18,2022-04-16,2021-12-22,Vijender Yadav,Deck; Sales,Deck,,,,active,no,not a document,https://propalmsnetwork.sharepoint.com/sites/Company/Shared%20Documents/Sales/Sales%20Collateral/Presentations/Product%20Presentations/ABS/_to_delete/site/site/images/azure/4.png,b!MW22Pukebk6aWlrjbkWCK27cJOS0bM9OhUq0QE7-doKh1nVGqaB-SKHlnIF7W6dj,01X5UIHT5OXFPTX2HV3VHIOQWG5XSH6VOK
sales,Presentations/Product Presentations/ABS/_to_delete/site/site/images/azure,5.png,png,0.14,2022-04-16,2021-12-22,Vijender Yadav,Deck; Sales,Deck,,,,active,no,not a document,https://propalmsnetwork.sharepoint.com/sites/Company/Shared%20Documents/Sales/Sales%20Collateral/Presentations/Product%20Presentations/ABS/_to_delete/site/site/images/azure/5.png,b!MW22Pukebk6aWlrjbkWCK27cJOS0bM9OhUq0QE7-doKh1nVGqaB-SKHlnIF7W6dj,01X5UIHT23C2EYWIMF2ZBZEOUEZK2KFIHC
sales,Presentations/Product Presentations/ABS/_to_delete/site/site/images/azure,6.png,png,0.12,2022-04-16,2021-12-22,Vijender Yadav,Deck; Sales,Deck,,,,active,no,not a document,https://propalmsnetwork.sharepoint.com/sites/Company/Shared%20Documents/Sales/Sales%20Collateral/Presentations/Product%20Presentations/ABS/_to_delete/site/site/images/azure/6.png,b!MW22Pukebk6aWlrjbkWCK27cJOS0bM9OhUq0QE7-doKh1nVGqaB-SKHlnIF7W6dj,01X5UIHT3UOKSJFZ7XDVE2NLZZQRPSV5DQ
sales,Presentations/Product Presentations/ABS/_to_delete/site/site/images/azure,7.png,png,0.14,2022-04-16,2021-12-22,Vijender Yadav,Deck; Sales,Deck,,,,active,no,not a document,https://propalmsnetwork.sharepoint.com/sites/Company/Shared%20Documents/Sales/Sales%20Collateral/Presentations/Product%20Presentations/ABS/_to_delete/site/site/images/azure/7.png,b!MW22Pukebk6aWlrjbkWCK27cJOS0bM9OhUq0QE7-doKh1nVGqaB-SKHlnIF7W6dj,01X5UIHT7ZXES4MADVYJHKJLZY23CDDGML
sales,Presentations/Product Presentations/ABS/_to_delete/site/site/images/azure,8.png,png,0.18,2022-04-16,2021-12-22,Vijender Yadav,Deck; Sales,Deck,,,,active,no,not a document,https://propalmsnetwork.sharepoint.com/sites/Company/Shared%20Documents/Sales/Sales%20Collateral/Presentations/Product%20Presentations/ABS/_to_delete/site/site/images/azure/8.png,b!MW22Pukebk6aWlrjbkWCK27cJOS0bM9OhUq0QE7-doKh1nVGqaB-SKHlnIF7W6dj,01X5UIHT2FEL5IXL6GNNFKQ7QTY4REUTLU
sales,Presentations/Product Presentations/ABS/_to_delete/site/site/images/azure,9.png,png,0.19,2022-04-16,2021-12-22,Vijender Yadav,Deck; Sales,Deck,,,,active,no,not a document,https://propalmsnetwork.sharepoint.com/sites/Company/Shared%20Documents/Sales/Sales%20Collateral/Presentations/Product%20Presentations/ABS/_to_delete/site/site/images/azure/9.png,b!MW22Pukebk6aWlrjbkWCK27cJOS0bM9OhUq0QE7-doKh1nVGqaB-SKHlnIF7W6dj,01X5UIHT43PZID54AXTBBZD47WPPCX5QUS
sales,Presentations/Product Presentations/ABS/_to_delete/site/site/images/faq,process-failure-post-installation.png,png,0.07,2022-04-16,2021-12-22,Vijender Yadav,Deck; Sales,Deck,,,,active,no,not a document,https://propalmsnetwork.sharepoint.com/sites/Company/Shared%20Documents/Sales/Sales%20Collateral/Presentations/Product%20Presentations/ABS/_to_delete/site/site/images/faq/process-failure-post-installation.png,b!MW22Pukebk6aWlrjbkWCK27cJOS0bM9OhUq0QE7-doKh1nVGqaB-SKHlnIF7W6dj,01X5UIHT2GKIRW3DOR6ZHYYM4PSKV66C3T
sales,Presentations/Product Presentations/ABS/_to_delete/site/site/images/how_tos,hysecure_app1.png,png,0.06,2022-04-16,2021-12-22,Vijender Yadav,Deck; HySecure; Sales,Deck,,HySecure,,active,no,not a document,https://propalmsnetwork.sharepoint.com/sites/Company/Shared%20Documents/Sales/Sales%20Collateral/Presentations/Product%20Presentations/ABS/_to_delete/site/site/images/how_tos/hysecure_app1.png,b!MW22Pukebk6aWlrjbkWCK27cJOS0bM9OhUq0QE7-doKh1nVGqaB-SKHlnIF7W6dj,01X5UIHT2HUMXMHP474RALBAFJ7J75WIHY
sales,Presentations/Product Presentations/ABS/_to_delete/site/site/images/how_tos,hysecure_app2.png,png,0.07,2022-04-16,2021-12-22,Vijender Yadav,Deck; HySecure; Sales,Deck,,HySecure,,active,no,not a document,https://propalmsnetwork.sharepoint.com/sites/Company/Shared%20Documents/Sales/Sales%20Collateral/Presentations/Product%20Presentations/ABS/_to_delete/site/site/images/how_tos/hysecure_app2.png,b!MW22Pukebk6aWlrjbkWCK27cJOS0bM9OhUq0QE7-doKh1nVGqaB-SKHlnIF7W6dj,01X5UIHT3KBCJAR3YNORAINBY2UYMPCRLV
sales,Presentations/Product Presentations/ABS/_to_delete/site/site/images/installation,1.welcome.png,png,0.03,2022-04-16,2021-12-22,Vijender Yadav,Deck; Sales,Deck,,,,active,no,not a document,https://propalmsnetwork.sharepoint.com/sites/Company/Shared%20Documents/Sales/Sales%20Collateral/Presentations/Product%20Presentations/ABS/_to_delete/site/site/images/installation/1.welcome.png,b!MW22Pukebk6aWlrjbkWCK27cJOS0bM9OhUq0QE7-doKh1nVGqaB-SKHlnIF7W6dj,01X5UIHT6OA4A6Q5AAGVELKVLZT5YX6GZI
sales,Presentations/Product Presentations/ABS/_to_delete/site/site/images/installation,10.webapp-website.png,png,0.03,2022-04-16,2021-12-22,Vijender Yadav,Deck; Sales,Deck,,,,active,no,not a document,https://propalmsnetwork.sharepoint.com/sites/Company/Shared%20Documents/Sales/Sales%20Collateral/Presentations/Product%20Presentations/ABS/_to_delete/site/site/images/installation/10.webapp-website.png,b!MW22Pukebk6aWlrjbkWCK27cJOS0bM9OhUq0QE7-doKh1nVGqaB-SKHlnIF7W6dj,01X5UIHTZBAMYHNIBULREKDKITCACABMDD
sales,Presentations/Product Presentations/ABS/_to_delete/site/site/images/installation,11-idp-config.png,png,0.02,2022-04-16,2021-12-22,Vijender Yadav,Deck; Sales,Deck,,,,active,no,not a document,https://propalmsnetwork.sharepoint.com/sites/Company/Shared%20Documents/Sales/Sales%20Collateral/Presentations/Product%20Presentations/ABS/_to_delete/site/site/images/installation/11-idp-config.png,b!MW22Pukebk6aWlrjbkWCK27cJOS0bM9OhUq0QE7-doKh1nVGqaB-SKHlnIF7W6dj,01X5UIHT67WUT3IKUBU5G24LMKO2ZA6JG3
sales,Presentations/Product Presentations/ABS/_to_delete/site/site/images/installation,12.authorizer-config-sans-adapter.png,png,0.01,2022-04-16,2021-12-22,Vijender Yadav,Deck; Sales,Deck,,,,active,no,not a document,https://propalmsnetwork.sharepoint.com/sites/Company/Shared%20Documents/Sales/Sales%20Collateral/Presentations/Product%20Presentations/ABS/_to_delete/site/site/images/installation/12.authorizer-config-sans-adapter.png,b!MW22Pukebk6aWlrjbkWCK27cJOS0bM9OhUq0QE7-doKh1nVGqaB-SKHlnIF7W6dj,01X5UIHT2P2CEM3OCBMNCJ2VB5IOF74KDQ
sales,Presentations/Product Presentations/ABS/_to_delete/site/site/images/installation,12.authorizer-config-sans-api.png,png,0.01,2022-04-16,2021-12-22,Vijender Yadav,Deck; Sales,Deck,,,,active,no,not a document,https://propalmsnetwork.sharepoint.com/sites/Company/Shared%20Documents/Sales/Sales%20Collateral/Presentations/Product%20Presentations/ABS/_to_delete/site/site/images/installation/12.authorizer-config-sans-api.png,b!MW22Pukebk6aWlrjbkWCK27cJOS0bM9OhUq0QE7-doKh1nVGqaB-SKHlnIF7W6dj,01X5UIHT4QB5POTPETBZAYHZVZM7HCT7PQ
sales,Presentations/Product Presentations/ABS/_to_delete/site/site/images/installation,12.authorizer-config.png,png,0.01,2022-04-16,2021-12-22,Vijender Yadav,Deck; Sales,Deck,,,,active,no,not a document,https://propalmsnetwork.sharepoint.com/sites/Company/Shared%20Documents/Sales/Sales%20Collateral/Presentations/Product%20Presentations/ABS/_to_delete/site/site/images/installation/12.authorizer-config.png,b!MW22Pukebk6aWlrjbkWCK27cJOS0bM9OhUq0QE7-doKh1nVGqaB-SKHlnIF7W6dj,01X5UIHT4WE2EEAF234FBJVB456DADREVX
sales,Presentations/Product Presentations/ABS/_to_delete/site/site/images/installation,13.ars-config.png,png,0.01,2022-04-16,2021-12-22,Vijender Yadav,Deck; Sales,Deck,,,,active,no,not a document,https://propalmsnetwork.sharepoint.com/sites/Company/Shared%20Documents/Sales/Sales%20Collateral/Presentations/Product%20Presentations/ABS/_to_delete/site/site/images/installation/13.ars-config.png,b!MW22Pukebk6aWlrjbkWCK27cJOS0bM9OhUq0QE7-doKh1nVGqaB-SKHlnIF7W6dj,01X5UIHTYSDR5FKUPEEJFJTVQYF7LXGHEK
sales,Presentations/Product Presentations/ABS/_to_delete/site/site/images/installation,14.proxy-settings.png,png,0.01,2022-04-16,2021-12-22,Vijender Yadav,Deck; Sales,Deck,,,,active,no,not a document,https://propalmsnetwork.sharepoint.com/sites/Company/Shared%20Documents/Sales/Sales%20Collateral/Presentations/Product%20Presentations/ABS/_to_delete/site/site/images/installation/14.proxy-settings.png,b!MW22Pukebk6aWlrjbkWCK27cJOS0bM9OhUq0QE7-doKh1nVGqaB-SKHlnIF7W6dj,01X5UIHT5NHUQIRP3LZJHYPVGCTLDQOWW3
sales,Presentations/Product Presentations/ABS/_to_delete/site/site/images/installation,15.syslog-settings.png,png,0.01,2022-04-16,2021-12-22,Vijender Yadav,Deck; Sales,Deck,,,,active,no,not a document,https://propalmsnetwork.sharepoint.com/sites/Company/Shared%20Documents/Sales/Sales%20Collateral/Presentations/Product%20Presentations/ABS/_to_delete/site/site/images/installation/15.syslog-settings.png,b!MW22Pukebk6aWlrjbkWCK27cJOS0bM9OhUq0QE7-doKh1nVGqaB-SKHlnIF7W6dj,01X5UIHT3UXJUV7LKS5JD22TDGHD6SCCV2
sales,Presentations/Product Presentations/ABS/_to_delete/site/site/images/installation,16.ldap-config-webapp.png,png,0.02,2022-04-16,2021-12-22,Vijender Yadav,Deck; Sales,Deck,,,,active,no,not a document,https://propalmsnetwork.sharepoint.com/sites/Company/Shared%20Documents/Sales/Sales%20Collateral/Presentations/Product%20Presentations/ABS/_to_delete/site/site/images/installation/16.ldap-config-webapp.png,b!MW22Pukebk6aWlrjbkWCK27cJOS0bM9OhUq0QE7-doKh1nVGqaB-SKHlnIF7W6dj,01X5UIHTY4FTNNL57DHBC2ZM56PEQDS7GQ
sales,Presentations/Product Presentations/ABS/_to_delete/site/site/images/installation,16.ldap-config.png,png,0.02,2022-04-16,2021-12-22,Vijender Yadav,Deck; Sales,Deck,,,,active,no,not a document,https://propalmsnetwork.sharepoint.com/sites/Company/Shared%20Documents/Sales/Sales%20Collateral/Presentations/Product%20Presentations/ABS/_to_delete/site/site/images/installation/16.ldap-config.png,b!MW22Pukebk6aWlrjbkWCK27cJOS0bM9OhUq0QE7-doKh1nVGqaB-SKHlnIF7W6dj,01X5UIHT7APL2U23XVMNDKSLAJH7BMUL3U
sales,Presentations/Product Presentations/ABS/_to_delete/site/site/images/installation,17.finalize.png,png,0.01,2022-04-16,2021-12-22,Vijender Yadav,Deck; Sales,Deck,,,,active,no,not a document,https://propalmsnetwork.sharepoint.com/sites/Company/Shared%20Documents/Sales/Sales%20Collateral/Presentations/Product%20Presentations/ABS/_to_delete/site/site/images/installation/17.finalize.png,b!MW22Pukebk6aWlrjbkWCK27cJOS0bM9OhUq0QE7-doKh1nVGqaB-SKHlnIF7W6dj,01X5UIHT26JXHANXJSOVG2NRPZP2PXZ5FE
sales,Presentations/Product Presentations/ABS/_to_delete/site/site/images/installation,18.finish.png,png,0.03,2022-04-16,2021-12-22,Vijender Yadav,Deck; Sales,Deck,,,,active,no,not a document,https://propalmsnetwork.sharepoint.com/sites/Company/Shared%20Documents/Sales/Sales%20Collateral/Presentations/Product%20Presentations/ABS/_to_delete/site/site/images/installation/18.finish.png,b!MW22Pukebk6aWlrjbkWCK27cJOS0bM9OhUq0QE7-doKh1nVGqaB-SKHlnIF7W6dj,01X5UIHTZ35ECXXDCY3BA2QKNVYFHV5KDX
sales,Presentations/Product Presentations/ABS/_to_delete/site/site/images/installation,2.license.png,png,0.03,2022-04-16,2021-12-22,Vijender Yadav,Deck; Sales,Deck,,,,active,no,not a document,https://propalmsnetwork.sharepoint.com/sites/Company/Shared%20Documents/Sales/Sales%20Collateral/Presentations/Product%20Presentations/ABS/_to_delete/site/site/images/installation/2.license.png,b!MW22Pukebk6aWlrjbkWCK27cJOS0bM9OhUq0QE7-doKh1nVGqaB-SKHlnIF7W6dj,01X5UIHT2Q3XXVIF72QJBJ42ZW3QRHEOBR
sales,Presentations/Product Presentations/ABS/_to_delete/site/site/images/installation,3.folder-selection.png,png,0.01,2022-04-16,2021-12-22,Vijender Yadav,Deck; Sales,Deck,,,,active,no,not a document,https://propalmsnetwork.sharepoint.com/sites/Company/Shared%20Documents/Sales/Sales%20Collateral/Presentations/Product%20Presentations/ABS/_to_delete/site/site/images/installation/3.folder-selection.png,b!MW22Pukebk6aWlrjbkWCK27cJOS0bM9OhUq0QE7-doKh1nVGqaB-SKHlnIF7W6dj,01X5UIHT5KGE5FEIHTAZF2PLSXKIOGUGLJ
sales,Presentations/Product Presentations/ABS/_to_delete/site/site/images/installation,4.feature-selection.png,png,0.02,2022-04-16,2021-12-22,Vijender Yadav,Deck; Sales,Deck,,,,active,no,not a document,https://propalmsnetwork.sharepoint.com/sites/Company/Shared%20Documents/Sales/Sales%20Collateral/Presentations/Product%20Presentations/ABS/_to_delete/site/site/images/installation/4.feature-selection.png,b!MW22Pukebk6aWlrjbkWCK27cJOS0bM9OhUq0QE7-doKh1nVGqaB-SKHlnIF7W6dj,01X5UIHT2C4O2NXN6LRNDZOAREA73TDQKR
sales,Presentations/Product Presentations/ABS/_to_delete/site/site/images/installation,5.biodb-azure.png,png,0.02,2022-04-16,2021-12-22,Vijender Yadav,Deck; Sales,Deck,,,,active,no,not a document,https://propalmsnetwork.sharepoint.com/sites/Company/Shared%20Documents/Sales/Sales%20Collateral/Presentations/Product%20Presentations/ABS/_to_delete/site/site/images/installation/5.biodb-azure.png,b!MW22Pukebk6aWlrjbkWCK27cJOS0bM9OhUq0QE7-doKh1nVGqaB-SKHlnIF7W6dj,01X5UIHT5YMWMEBZYQ2ZFJ6CEYNHQ4KWLA
sales,Presentations/Product Presentations/ABS/_to_delete/site/site/images/installation,5.biodb-neurotech.png,png,0.02,2022-04-16,2021-12-22,Vijender Yadav,Deck; Sales,Deck,,,,active,no,not a document,https://propalmsnetwork.sharepoint.com/sites/Company/Shared%20Documents/Sales/Sales%20Collateral/Presentations/Product%20Presentations/ABS/_to_delete/site/site/images/installation/5.biodb-neurotech.png,b!MW22Pukebk6aWlrjbkWCK27cJOS0bM9OhUq0QE7-doKh1nVGqaB-SKHlnIF7W6dj,01X5UIHT5ROY4KLJPYSNFLY5NLD6CYFTNC
sales,Presentations/Product Presentations/ABS/_to_delete/site/site/images/installation,6.configdb-sans-adapter.png,png,0.02,2022-04-16,2021-12-22,Vijender Yadav,Deck; Sales,Deck,,,,active,no,not a document,https://propalmsnetwork.sharepoint.com/sites/Company/Shared%20Documents/Sales/Sales%20Collateral/Presentations/Product%20Presentations/ABS/_to_delete/site/site/images/installation/6.configdb-sans-adapter.png,b!MW22Pukebk6aWlrjbkWCK27cJOS0bM9OhUq0QE7-doKh1nVGqaB-SKHlnIF7W6dj,01X5UIHT3BY3SKXZJXYJDJVXSOD2MBXCPF
sales,Presentations/Product Presentations/ABS/_to_delete/site/site/images/installation,6.configdb-with-adapter.png,png,0.02,2022-04-16,2021-12-22,Vijender Yadav,Deck; Sales,Deck,,,,active,no,not a document,https://propalmsnetwork.sharepoint.com/sites/Company/Shared%20Documents/Sales/Sales%20Collateral/Presentations/Product%20Presentations/ABS/_to_delete/site/site/images/installation/6.configdb-with-adapter.png,b!MW22Pukebk6aWlrjbkWCK27cJOS0bM9OhUq0QE7-doKh1nVGqaB-SKHlnIF7W6dj,01X5UIHT55BXWFHUQESBF2HYVP5UZFF32T
sales,Presentations/Product Presentations/ABS/_to_delete/site/site/images/installation,7.logdb.png,png,0.02,2022-04-16,2021-12-22,Vijender Yadav,Deck; Sales,Deck,,,,active,no,not a document,https://propalmsnetwork.sharepoint.com/sites/Company/Shared%20Documents/Sales/Sales%20Collateral/Presentations/Product%20Presentations/ABS/_to_delete/site/site/images/installation/7.logdb.png,b!MW22Pukebk6aWlrjbkWCK27cJOS0bM9OhUq0QE7-doKh1nVGqaB-SKHlnIF7W6dj,01X5UIHT6V5TBS242QXJHYOBLVQSOJYJAH
sales,Presentations/Product Presentations/ABS/_to_delete/site/site/images/installation,8.adapter-website-azure.png,png,0.03,2022-04-16,2021-12-22,Vijender Yadav,Deck; Sales,Deck,,,,active,no,not a document,https://propalmsnetwork.sharepoint.com/sites/Company/Shared%20Documents/Sales/Sales%20Collateral/Presentations/Product%20Presentations/ABS/_to_delete/site/site/images/installation/8.adapter-website-azure.png,b!MW22Pukebk6aWlrjbkWCK27cJOS0bM9OhUq0QE7-doKh1nVGqaB-SKHlnIF7W6dj,01X5UIHTYEW37A3NNZGVB3DMJWTSXVCRNS
sales,Presentations/Product Presentations/ABS/_to_delete/site/site/images/installation,8.adapter-website-cdac.png,png,0.03,2022-04-16,2021-12-22,Vijender Yadav,Deck; Sales,Deck,,,,active,no,not a document,https://propalmsnetwork.sharepoint.com/sites/Company/Shared%20Documents/Sales/Sales%20Collateral/Presentations/Product%20Presentations/ABS/_to_delete/site/site/images/installation/8.adapter-website-cdac.png,b!MW22Pukebk6aWlrjbkWCK27cJOS0bM9OhUq0QE7-doKh1nVGqaB-SKHlnIF7W6dj,01X5UIHT2W7GVTGF5KHFF2TVT52HNUYW2Q
sales,Presentations/Product Presentations/ABS/_to_delete/site/site/images/installation,8.adapter-website-neurotech.png,png,0.03,2022-04-16,2021-12-22,Vijender Yadav,Deck; Sales,Deck,,,,active,no,not a document,https://propalmsnetwork.sharepoint.com/sites/Company/Shared%20Documents/Sales/Sales%20Collateral/Presentations/Product%20Presentations/ABS/_to_delete/site/site/images/installation/8.adapter-website-neurotech.png,b!MW22Pukebk6aWlrjbkWCK27cJOS0bM9OhUq0QE7-doKh1nVGqaB-SKHlnIF7W6dj,01X5UIHT4XEVKCRBGTI5BZMIBMDTLDXB3E
sales,Presentations/Product Presentations/ABS/_to_delete/site/site/images/installation,9.api-website.png,png,0.03,2022-04-16,2021-12-22,Vijender Yadav,Deck; Sales,Deck,,,,active,no,not a document,https://propalmsnetwork.sharepoint.com/sites/Company/Shared%20Documents/Sales/Sales%20Collateral/Presentations/Product%20Presentations/ABS/_to_delete/site/site/images/installation/9.api-website.png,b!MW22Pukebk6aWlrjbkWCK27cJOS0bM9OhUq0QE7-doKh1nVGqaB-SKHlnIF7W6dj,01X5UIHT5UTDOAKFZAHBEK35V25NGPYYW7
sales,Presentations/Product Presentations/ABS/_to_delete/site/site/images/neurotech,1.png,png,0.02,2022-04-16,2021-12-22,Vijender Yadav,Deck; Sales,Deck,,,,active,no,not a document,https://propalmsnetwork.sharepoint.com/sites/Company/Shared%20Documents/Sales/Sales%20Collateral/Presentations/Product%20Presentations/ABS/_to_delete/site/site/images/neurotech/1.png,b!MW22Pukebk6aWlrjbkWCK27cJOS0bM9OhUq0QE7-doKh1nVGqaB-SKHlnIF7W6dj,01X5UIHT2IMQOHLWBUENCKQYX5G56HMR7U
sales,Presentations/Product Presentations/ABS/_to_delete/site/site/images/neurotech,2.png,png,0.02,2022-04-16,2021-12-22,Vijender Yadav,Deck; Sales,Deck,,,,active,no,not a document,https://propalmsnetwork.sharepoint.com/sites/Company/Shared%20Documents/Sales/Sales%20Collateral/Presentations/Product%20Presentations/ABS/_to_delete/site/site/images/neurotech/2.png,b!MW22Pukebk6aWlrjbkWCK27cJOS0bM9OhUq0QE7-doKh1nVGqaB-SKHlnIF7W6dj,01X5UIHT5KXP4PORTAFNAZF6L7Z43N5TNB
sales,Presentations/Product Presentations/ABS/_to_delete/site/site/images/neurotech,3.png,png,0.01,2022-04-16,2021-12-22,Vijender Yadav,Deck; Sales,Deck,,,,active,no,not a document,https://propalmsnetwork.sharepoint.com/sites/Company/Shared%20Documents/Sales/Sales%20Collateral/Presentations/Product%20Presentations/ABS/_to_delete/site/site/images/neurotech/3.png,b!MW22Pukebk6aWlrjbkWCK27cJOS0bM9OhUq0QE7-doKh1nVGqaB-SKHlnIF7W6dj,01X5UIHT7ATCGYZO3IQREJBP6K226VCLXN
sales,Presentations/Product Presentations/ABS/_to_delete/site/site/images/neurotech,4.png,png,0.02,2022-04-16,2021-12-22,Vijender Yadav,Deck; Sales,Deck,,,,active,no,not a document,https://propalmsnetwork.sharepoint.com/sites/Company/Shared%20Documents/Sales/Sales%20Collateral/Presentations/Product%20Presentations/ABS/_to_delete/site/site/images/neurotech/4.png,b!MW22Pukebk6aWlrjbkWCK27cJOS0bM9OhUq0QE7-doKh1nVGqaB-SKHlnIF7W6dj,01X5UIHT4HDYDDGV6H7BB24EI45L3DZQMC
sales,Presentations/Product Presentations/ABS/_to_delete/site/site/images/neurotech,5.png,png,0.02,2022-04-16,2021-12-22,Vijender Yadav,Deck; Sales,Deck,,,,active,no,not a document,https://propalmsnetwork.sharepoint.com/sites/Company/Shared%20Documents/Sales/Sales%20Collateral/Presentations/Product%20Presentations/ABS/_to_delete/site/site/images/neurotech/5.png,b!MW22Pukebk6aWlrjbkWCK27cJOS0bM9OhUq0QE7-doKh1nVGqaB-SKHlnIF7W6dj,01X5UIHT4GY333XSJOBJDJSZ2NHRKD22GY
sales,Presentations/Product Presentations/ABS/_to_delete/site/site/images/neurotech,6.png,png,0.01,2022-04-16,2021-12-22,Vijender Yadav,Deck; Sales,Deck,,,,active,no,not a document,https://propalmsnetwork.sharepoint.com/sites/Company/Shared%20Documents/Sales/Sales%20Collateral/Presentations/Product%20Presentations/ABS/_to_delete/site/site/images/neurotech/6.png,b!MW22Pukebk6aWlrjbkWCK27cJOS0bM9OhUq0QE7-doKh1nVGqaB-SKHlnIF7W6dj,01X5UIHT3X3SHTM46AZFAZ4ZSB6BXIYR2O
sales,Presentations/Product Presentations/ABS/_to_delete/site/site/search,search_index.json,json,0.12,2022-04-16,2021-12-22,Vijender Yadav,Deck; Sales,Deck,,,,active,no,not a document,https://propalmsnetwork.sharepoint.com/sites/Company/Shared%20Documents/Sales/Sales%20Collateral/Presentations/Product%20Presentations/ABS/_to_delete/site/site/search/search_index.json,b!MW22Pukebk6aWlrjbkWCK27cJOS0bM9OhUq0QE7-doKh1nVGqaB-SKHlnIF7W6dj,01X5UIHT3LRNVHURKHLRHJFWUEGEF4RCG6
sales,Presentations/Product Presentations/ABS/_to_delete/site/site/stylesheets,extra.css,css,0.0,2022-04-16,2021-12-22,Vijender Yadav,Deck; Sales,Deck,,,,active,no,not a document,https://propalmsnetwork.sharepoint.com/sites/Company/Shared%20Documents/Sales/Sales%20Collateral/Presentations/Product%20Presentations/ABS/_to_delete/site/site/stylesheets/extra.css,b!MW22Pukebk6aWlrjbkWCK27cJOS0bM9OhUq0QE7-doKh1nVGqaB-SKHlnIF7W6dj,01X5UIHT2XBCA5IK527NEKIG56EARERJYL
sales,Presentations/Product Presentations/ARS,Accops - Product Snapshots - ARS.pptx,pptx,1.09,2021-07-16,2021-07-16,BALABHARATHY,Deck; Sales,Deck,,,,active,yes,,https://propalmsnetwork.sharepoint.com/sites/Company/_layouts/15/Doc.aspx?sourcedoc=%7BE30303D7-A1F6-4E60-988A-921733849818%7D&file=Accops%20-%20Product%20Snapshots%20-%20ARS.pptx&action=edit&mobileredirect=true,b!MW22Pukebk6aWlrjbkWCK27cJOS0bM9OhUq0QE7-doKh1nVGqaB-SKHlnIF7W6dj,01X5UIHT6XAMB6H5VBMBHJRCUSC4ZYJGAY
sales,Presentations/Product Presentations/ARS,Accops Reporting Server - Dashboard and Graphs.docx,docx,3.75,2021-07-16,2024-02-29,SANDIP MALLIK,Deck; Analyst Report; Sales,Deck; Analyst Report,,,,active,yes,,https://propalmsnetwork.sharepoint.com/sites/Company/_layouts/15/Doc.aspx?sourcedoc=%7B85F6B23D-4361-477F-8C95-3491632372B3%7D&file=Accops%20Reporting%20Server%20-%20Dashboard%20and%20Graphs.docx&action=default&mobileredirect=true,b!MW22Pukebk6aWlrjbkWCK27cJOS0bM9OhUq0QE7-doKh1nVGqaB-SKHlnIF7W6dj,01X5UIHTZ5WL3IKYKDP5DYZFJUSFRSG4VT
sales,Presentations/Product Presentations/ARS,Accops Reporting Server - Dashboard and Graphs.pdf,pdf,2.88,2021-07-16,2021-07-16,BALABHARATHY,Deck; Analyst Report; Sales,Deck; Analyst Report,,,,active,yes,,https://propalmsnetwork.sharepoint.com/sites/Company/Shared%20Documents/Sales/Sales%20Collateral/Presentations/Product%20Presentations/ARS/Accops%20Reporting%20Server%20-%20Dashboard%20and%20Graphs.pdf,b!MW22Pukebk6aWlrjbkWCK27cJOS0bM9OhUq0QE7-doKh1nVGqaB-SKHlnIF7W6dj,01X5UIHTZWBOCJA26A2VFLHRJ4VGB6BCUU
sales,Presentations/Product Presentations/ARS/Report Examples,HyIDLog.csv,csv,0.03,2021-07-16,2021-07-16,BALABHARATHY,Deck; HyID; Sales,Deck,,HyID,,active,no,not a document,https://propalmsnetwork.sharepoint.com/sites/Company/_layouts/15/Doc.aspx?sourcedoc=%7B251EB6E0-956D-4137-A9C7-AC99037DAD44%7D&file=HyIDLog.csv&action=default&mobileredirect=true,b!MW22Pukebk6aWlrjbkWCK27cJOS0bM9OhUq0QE7-doKh1nVGqaB-SKHlnIF7W6dj,01X5UIHT7AWYPCK3MVG5A2TR5MTEBX3LKE
sales,Presentations/Product Presentations/ARS/Report Examples,HySecure Logs Mapping & Device ID Details.xlsx,xlsx,0.03,2021-07-16,2021-07-16,BALABHARATHY,Deck; HySecure; Sales,Deck,,HySecure,,active,yes,,https://propalmsnetwork.sharepoint.com/sites/Company/_layouts/15/Doc.aspx?sourcedoc=%7B0212E841-75BA-4455-BD08-1F01B2A0BF8F%7D&file=HySecure%20Logs%20Mapping%20%26%20Device%20ID%20Details.xlsx&action=default&mobileredirect=true,b!MW22Pukebk6aWlrjbkWCK27cJOS0bM9OhUq0QE7-doKh1nVGqaB-SKHlnIF7W6dj,01X5UIHT2B5AJAFOTVKVCL2CA7AGZKBP4P
sales,Presentations/Product Presentations/ARS/Report Examples,Impossible Travel Events.xlsx,xlsx,0.57,2021-07-16,2021-07-16,BALABHARATHY,Deck; Event; Sales,Deck; Event,,,,active,yes,,https://propalmsnetwork.sharepoint.com/sites/Company/_layouts/15/Doc.aspx?sourcedoc=%7B5BCE37A1-3279-43BF-A22E-DA789986DCBE%7D&file=Impossible%20Travel%20Events.xlsx&action=default&mobileredirect=true,b!MW22Pukebk6aWlrjbkWCK27cJOS0bM9OhUq0QE7-doKh1nVGqaB-SKHlnIF7W6dj,01X5UIHT5BG7HFW6JSX5B2ELW2PCMYNXF6
sales,Presentations/Product Presentations/ARS/Report Examples,RE__Accops_discussion_with_HMIL.zip,zip,0.47,2021-07-16,2021-07-16,BALABHARATHY,Deck; Sales,Deck,,,,active,no,not a document,https://propalmsnetwork.sharepoint.com/sites/Company/Shared%20Documents/Sales/Sales%20Collateral/Presentations/Product%20Presentations/ARS/Report%20Examples/RE__Accops_discussion_with_HMIL.zip,b!MW22Pukebk6aWlrjbkWCK27cJOS0bM9OhUq0QE7-doKh1nVGqaB-SKHlnIF7W6dj,01X5UIHTYDQ4Z4WBGYLZFZD5UMH22NY2QB
sales,Presentations/Product Presentations/ARS/Report Examples/RE__Accops_discussion_with_HMIL,Application Start Stop in VDI.csv,csv,4.65,2021-07-16,2021-07-16,BALABHARATHY,Deck; VDI; Sales,Deck,,VDI,,active,no,not a document,https://propalmsnetwork.sharepoint.com/sites/Company/_layouts/15/Doc.aspx?sourcedoc=%7B7A91041A-699C-48FE-ACFD-AE35C5BD48AB%7D&file=Application%20Start%20Stop%20in%20VDI.csv&action=default&mobileredirect=true,b!MW22Pukebk6aWlrjbkWCK27cJOS0bM9OhUq0QE7-doKh1nVGqaB-SKHlnIF7W6dj,01X5UIHTY2ASIXVHDJ7ZEKZ7NOGXC32SFL
sales,Presentations/Product Presentations/ARS/Report Examples/RE__Accops_discussion_with_HMIL,UserApplicationAccessReport-16-06-2020-12_09_02-app.pdf,pdf,0.0,2021-07-16,2021-07-16,BALABHARATHY,Deck; Analyst Report; Sales,Deck; Analyst Report,,,,active,yes,,https://propalmsnetwork.sharepoint.com/sites/Company/Shared%20Documents/Sales/Sales%20Collateral/Presentations/Product%20Presentations/ARS/Report%20Examples/RE__Accops_discussion_with_HMIL/UserApplicationAccessReport-16-06-2020-12_09_02-app.pdf,b!MW22Pukebk6aWlrjbkWCK27cJOS0bM9OhUq0QE7-doKh1nVGqaB-SKHlnIF7W6dj,01X5UIHT37PVCX4UUSWFGKSNKO336BW3A5
sales,Presentations/Product Presentations/ARS/Report Examples/RE__Accops_discussion_with_HMIL,UserSessionDetailReport-16-06-2020-12_08_02-user.pdf,pdf,0.0,2021-07-16,2021-07-16,BALABHARATHY,Deck; Analyst Report; Sales,Deck; Analyst Report,,,,active,yes,,https://propalmsnetwork.sharepoint.com/sites/Company/Shared%20Documents/Sales/Sales%20Collateral/Presentations/Product%20Presentations/ARS/Report%20Examples/RE__Accops_discussion_with_HMIL/UserSessionDetailReport-16-06-2020-12_08_02-user.pdf,b!MW22Pukebk6aWlrjbkWCK27cJOS0bM9OhUq0QE7-doKh1nVGqaB-SKHlnIF7W6dj,01X5UIHTZXRHFE2OW6MBB3YA54XANUBVFA
sales,Presentations/Product Presentations/ARS/Report Examples/RE__Accops_discussion_with_HMIL,UserSessionSummaryReport-16-06-2020-11_57_12.csv,csv,0.01,2021-07-16,2021-07-16,BALABHARATHY,Deck; Analyst Report; Sales,Deck; Analyst Report,,,,active,no,not a document,https://propalmsnetwork.sharepoint.com/sites/Company/_layouts/15/Doc.aspx?sourcedoc=%7B32691BDB-F026-444A-87DC-213D9DD405CF%7D&file=UserSessionSummaryReport-16-06-2020-11_57_12.csv&action=default&mobileredirect=true,b!MW22Pukebk6aWlrjbkWCK27cJOS0bM9OhUq0QE7-doKh1nVGqaB-SKHlnIF7W6dj,01X5UIHT63DNUTEJXQJJCIPXBBHWO5IBOP
sales,Presentations/Product Presentations/ARS/Report Examples/RE__Accops_discussion_with_HMIL,UserSessionSummaryReport-16-06-2020-12_02_07.pdf,pdf,0.02,2021-07-16,2021-07-16,BALABHARATHY,Deck; Analyst Report; Sales,Deck; Analyst Report,,,,active,yes,,https://propalmsnetwork.sharepoint.com/sites/Company/Shared%20Documents/Sales/Sales%20Collateral/Presentations/Product%20Presentations/ARS/Report%20Examples/RE__Accops_discussion_with_HMIL/UserSessionSummaryReport-16-06-2020-12_02_07.pdf,b!MW22Pukebk6aWlrjbkWCK27cJOS0bM9OhUq0QE7-doKh1nVGqaB-SKHlnIF7W6dj,01X5UIHTY4GA6OOHCUNJDIUW4MQ435JCNE
sales,Presentations/Product Presentations/AirBridge,Accops AirBridge Technical Datasheet.docx,docx,0.6,2025-05-01,2025-05-01,Vijender Yadav,Deck; Brochure; Sales,Deck; Brochure,,,,active,yes,,https://propalmsnetwork.sharepoint.com/sites/Company/_layouts/15/Doc.aspx?sourcedoc=%7B13233485-A5A0-4259-8214-D47F921E46AF%7D&file=Accops%20AirBridge%20Technical%20Datasheet.docx&action=default&mobileredirect=true,b!MW22Pukebk6aWlrjbkWCK27cJOS0bM9OhUq0QE7-doKh1nVGqaB-SKHlnIF7W6dj,01X5UIHT4FGQRRHIFFLFBIEFGUP6JB4RVP
sales,Presentations/Product Presentations/AirBridge,Accops AirBridge Technical Datasheet.pdf,pdf,0.49,2025-05-01,2025-05-01,Vijender Yadav,Deck; Brochure; Sales,Deck; Brochure,,,,active,yes,,https://propalmsnetwork.sharepoint.com/sites/Company/Shared%20Documents/Sales/Sales%20Collateral/Presentations/Product%20Presentations/AirBridge/Accops%20AirBridge%20Technical%20Datasheet.pdf,b!MW22Pukebk6aWlrjbkWCK27cJOS0bM9OhUq0QE7-doKh1nVGqaB-SKHlnIF7W6dj,01X5UIHTZU7LKEIPL5U5CIBVLWW3JKMJCW
sales,Presentations/Product Presentations/DaaS,Accops DaaS Calculator v-2.3.xlsx,xlsx,0.06,2021-07-16,2021-07-16,BALABHARATHY,Deck; DaaS; Sales,Deck,,DaaS,,active,yes,,https://propalmsnetwork.sharepoint.com/sites/Company/_layouts/15/Doc.aspx?sourcedoc=%7B062CADE6-DE23-4CF5-A88A-FA2A4E5855FF%7D&file=Accops%20DaaS%20Calculator%20v-2.3.xlsx&action=default&mobileredirect=true,b!MW22Pukebk6aWlrjbkWCK27cJOS0bM9OhUq0QE7-doKh1nVGqaB-SKHlnIF7W6dj,01X5UIHT7GVUWAMI666VGKRCX2FJHFQVP7
sales,Presentations/Product Presentations/DaaS,Accops DaaS questionnaire v-06.xlsx,xlsx,0.03,2021-07-16,2021-10-30,Vijender Yadav,Deck; DaaS; Sales,Deck,,DaaS,,active,yes,,https://propalmsnetwork.sharepoint.com/sites/Company/_layouts/15/Doc.aspx?sourcedoc=%7BB125B0E6-429D-4E07-AECB-7E9727D7572D%7D&file=Accops%20DaaS%20questionnaire%20v-06.xlsx&action=default&mobileredirect=true,b!MW22Pukebk6aWlrjbkWCK27cJOS0bM9OhUq0QE7-doKh1nVGqaB-SKHlnIF7W6dj,01X5UIHT7GWAS3DHKCA5HK5S36S4T5OVZN
sales,Presentations/Product Presentations/DaaS/old,Accops - Product Intro - DaaS.pptx,pptx,0.87,2021-07-16,2024-05-10,MUSADIQ BHAT,Deck; DaaS; Sales; Archived,Deck,,DaaS,,archived,no,archive/draft folder,https://propalmsnetwork.sharepoint.com/sites/Company/_layouts/15/Doc.aspx?sourcedoc=%7B20C90C68-1B96-44DF-AFB9-785993BD77B1%7D&file=Accops%20-%20Product%20Intro%20-%20DaaS.pptx&action=edit&mobileredirect=true,b!MW22Pukebk6aWlrjbkWCK27cJOS0bM9OhUq0QE7-doKh1nVGqaB-SKHlnIF7W6dj,01X5UIHT3IBTESBFQ335CK7OLYLGJ3255R
sales,Presentations/Product Presentations/DaaS/old,Accops - Product Intro - WaaS.pptx,pptx,8.12,2021-07-16,2021-07-16,Vijender Yadav,Deck; DaaS; Sales; Archived,Deck,,DaaS,,archived,no,archive/draft folder,https://propalmsnetwork.sharepoint.com/sites/Company/_layouts/15/Doc.aspx?sourcedoc=%7BAB6A78F1-BDA7-4A76-9A1D-D5FF3856C751%7D&file=Accops%20-%20Product%20Intro%20-%20WaaS.pptx&action=edit&mobileredirect=true,b!MW22Pukebk6aWlrjbkWCK27cJOS0bM9OhUq0QE7-doKh1nVGqaB-SKHlnIF7W6dj,01X5UIHT7RPBVKXJ55OZFJUHOV744FNR2R
sales,Presentations/Product Presentations/DaaS/old,Accops Virtual Office v-3.1.pptx,pptx,1.2,2021-07-16,2021-07-16,Vijender Yadav,Deck; DaaS; Sales; Archived,Deck,,DaaS,,archived,no,archive/draft folder,https://propalmsnetwork.sharepoint.com/sites/Company/_layouts/15/Doc.aspx?sourcedoc=%7BE17B14D2-D2E2-4AD6-A8A7-3E273EAF2AF0%7D&file=Accops%20Virtual%20Office%20v-3.1.pptx&action=edit&mobileredirect=true,b!MW22Pukebk6aWlrjbkWCK27cJOS0bM9OhUq0QE7-doKh1nVGqaB-SKHlnIF7W6dj,01X5UIHT6SCR56DYWS2ZFKRJZ6E47K6KXQ
sales,Presentations/Product Presentations/DaaS/old,Accops for Azure-v5a.pptx,pptx,5.31,2021-07-16,2021-07-16,Vijender Yadav,Deck; DaaS; Sales; Archived,Deck,,DaaS,,archived,no,archive/draft folder,https://propalmsnetwork.sharepoint.com/sites/Company/_layouts/15/Doc.aspx?sourcedoc=%7BE178BE71-9E60-46ED-B9D7-55DF82FD6BD2%7D&file=Accops%20for%20Azure-v5a.pptx&action=edit&mobileredirect=true,b!MW22Pukebk6aWlrjbkWCK27cJOS0bM9OhUq0QE7-doKh1nVGqaB-SKHlnIF7W6dj,01X5UIHT3RXZ4OCYE65VDLTV2V36BP226S
sales,Presentations/Product Presentations/Digital Workspace,Accops - Digital Workspace Gold.pptx,pptx,1.25,2021-07-16,2021-07-16,BALABHARATHY,Deck; Sales,Deck,,,,active,yes,,https://propalmsnetwork.sharepoint.com/sites/Company/_layouts/15/Doc.aspx?sourcedoc=%7B6874EB1F-D0A9-4BE0-A3A1-5243EE93CCB1%7D&file=Accops%20-%20Digital%20Workspace%20Gold.pptx&action=edit&mobileredirect=true,b!MW22Pukebk6aWlrjbkWCK27cJOS0bM9OhUq0QE7-doKh1nVGqaB-SKHlnIF7W6dj,01X5UIHTY75N2GRKOQ4BF2HIKSIPXJHTFR
sales,Presentations/Product Presentations/HyID,Accops-Product-Architecture-HyID-June2023.pptx,pptx,10.99,2021-08-18,2026-08-07,Vijender Yadav,Deck; HyID; Sales,Deck,,HyID,,active,yes,,https://propalmsnetwork.sharepoint.com/sites/Company/_layouts/15/Doc.aspx?sourcedoc=%7B601ADED3-7990-4EDE-AD7C-0005C423DC65%7D&file=Accops-Product-Architecture-HyID-June2023.pptx&action=edit&mobileredirect=true,b!MW22Pukebk6aWlrjbkWCK27cJOS0bM9OhUq0QE7-doKh1nVGqaB-SKHlnIF7W6dj,01X5UIHT6T3YNGBEDZ3ZHK27AAAXCCHXDF
sales,Presentations/Product Presentations/HyID,Outdated-Accops-Internal-Training-Product-Architecture-HyID.pptx,pptx,11.61,2022-01-20,2024-02-04,Vijender Yadav,Deck; HyID; Sales,Deck,,HyID,,active,yes,,https://propalmsnetwork.sharepoint.com/sites/Company/_layouts/15/Doc.aspx?sourcedoc=%7BF3536F8C-3E0B-4832-98CD-9D61098EC806%7D&file=Outdated-Accops-Internal-Training-Product-Architecture-HyID.pptx&action=edit&mobileredirect=true,b!MW22Pukebk6aWlrjbkWCK27cJOS0bM9OhUq0QE7-doKh1nVGqaB-SKHlnIF7W6dj,01X5UIHT4MN5J7GCZ6GJEJRTM5MEEY5SAG
sales,Presentations/Product Presentations/HyID/Proposals,Accops Commercial for MFA-V6-SoW.pptx,pptx,3.42,2023-01-10,2023-01-10,Vijender Yadav,Deck; HyID; MFA; Sales,Deck,,HyID; MFA,,active,yes,,https://propalmsnetwork.sharepoint.com/sites/Company/_layouts/15/Doc.aspx?sourcedoc=%7B658F329E-9DE7-4FF7-A105-DFEC0E0533B0%7D&file=Accops%20Commercial%20for%20MFA-V6-SoW.pptx&action=edit&mobileredirect=true,b!MW22Pukebk6aWlrjbkWCK27cJOS0bM9OhUq0QE7-doKh1nVGqaB-SKHlnIF7W6dj,01X5UIHT46GKHWLZ4565H2CBO75QHAKM5Q
sales,Presentations/Product Presentations/HyID/Proposals,Accops- ZTNA Proposal for LIC.pptx,pptx,2.64,2023-01-10,2022-08-09,Vijender Yadav,Deck; Proposal; HyID; ZTNA; Sales,Deck; Proposal,,HyID; ZTNA,,active,yes,,https://propalmsnetwork.sharepoint.com/sites/Company/_layouts/15/Doc.aspx?sourcedoc=%7B7AF5BCEA-853E-4403-96B0-8C6B27D072FD%7D&file=Accops-%20ZTNA%20Proposal%20for%20LIC.pptx&action=edit&mobileredirect=true,b!MW22Pukebk6aWlrjbkWCK27cJOS0bM9OhUq0QE7-doKh1nVGqaB-SKHlnIF7W6dj,01X5UIHT7KXT2XUPUFANCJNMEMNMT5A4X5
sales,Presentations/Product Presentations/HyID/Proposals,Accops-LIC-MFA.pptx,pptx,4.58,2023-01-10,2022-01-02,Vijender Yadav,Deck; HyID; MFA; Sales,Deck,,HyID; MFA,,active,yes,,https://propalmsnetwork.sharepoint.com/sites/Company/_layouts/15/Doc.aspx?sourcedoc=%7B07B91023-929D-428E-8D58-65E533DEBB79%7D&file=Accops-LIC-MFA.pptx&action=edit&mobileredirect=true,b!MW22Pukebk6aWlrjbkWCK27cJOS0bM9OhUq0QE7-doKh1nVGqaB-SKHlnIF7W6dj,01X5UIHTZDCC4QPHMSRZBI2WDF4UZ55O3Z
sales,Presentations/Product Presentations/HyID/_old,Accops - Product Intro - HyID - Platinum-v5.pptx,pptx,9.33,2021-07-16,2021-07-16,Vijender Yadav,Deck; HyID; Sales; Archived,Deck,,HyID,,archived,no,archive/draft folder,https://propalmsnetwork.sharepoint.com/sites/Company/_layouts/15/Doc.aspx?sourcedoc=%7BAB19A22C-9667-499C-AF3B-2C73E6BA3F42%7D&file=Accops%20-%20Product%20Intro%20-%20HyID%20-%20Platinum-v5.pptx&action=edit&mobileredirect=true,b!MW22Pukebk6aWlrjbkWCK27cJOS0bM9OhUq0QE7-doKh1nVGqaB-SKHlnIF7W6dj,01X5UIHTZMUIM2WZ4WTRE26OZMOPTLUP2C
sales,Presentations/Product Presentations/HyID/_old,Accops - Product Snapshots - HyID.pptx,pptx,3.36,2021-07-16,2021-07-16,BALABHARATHY,Deck; HyID; Sales; Archived,Deck,,HyID,,archived,no,archive/draft folder,https://propalmsnetwork.sharepoint.com/sites/Company/_layouts/15/Doc.aspx?sourcedoc=%7B7C0D49D5-8AC0-4A6C-9BC5-2A46FC32B542%7D&file=Accops%20-%20Product%20Snapshots%20-%20HyID.pptx&action=edit&mobileredirect=true,b!MW22Pukebk6aWlrjbkWCK27cJOS0bM9OhUq0QE7-doKh1nVGqaB-SKHlnIF7W6dj,01X5UIHT6VJEGXZQEKNRFJXRJKI36DFNKC
sales,Presentations/Product Presentations/HyID/_old,Accops - Product Snapshots - ZeroTrust.pptx,pptx,1.99,2021-07-16,2021-07-16,BALABHARATHY,Deck; HyID; Sales; Archived,Deck,,HyID,,archived,no,archive/draft folder,https://propalmsnetwork.sharepoint.com/sites/Company/_layouts/15/Doc.aspx?sourcedoc=%7B121DAE27-C4F3-4A4B-9440-2E8173C288EA%7D&file=Accops%20-%20Product%20Snapshots%20-%20ZeroTrust.pptx&action=edit&mobileredirect=true,b!MW22Pukebk6aWlrjbkWCK27cJOS0bM9OhUq0QE7-doKh1nVGqaB-SKHlnIF7W6dj,01X5UIHTZHVYORF46EJNFJIQBOQFZ4FCHK
sales,Presentations/Product Presentations/HyID/_old,Accops-Product-Architecture-HyID - Copy.pptx,pptx,8.19,2022-01-21,2021-12-08,Vijender Yadav,Deck; HyID; Sales; Archived,Deck,,HyID,,archived,no,archive/draft folder,https://propalmsnetwork.sharepoint.com/sites/Company/_layouts/15/Doc.aspx?sourcedoc=%7BF20F9335-1457-46E9-A48D-C822EBDBBFED%7D&file=Accops-Product-Architecture-HyID%20-%20Copy.pptx&action=edit&mobileredirect=true,b!MW22Pukebk6aWlrjbkWCK27cJOS0bM9OhUq0QE7-doKh1nVGqaB-SKHlnIF7W6dj,01X5UIHTZVSMH7EVYU5FDKJDOIELV5XP7N
sales,Presentations/Product Presentations/HyID/_old,Accops-Product-Architecture-HyID [Autosaved].pptx,pptx,8.18,2022-01-02,2022-01-02,Vijender Yadav,Deck; HyID; Sales; Archived,Deck,,HyID,,archived,no,archive/draft folder,https://propalmsnetwork.sharepoint.com/sites/Company/_layouts/15/Doc.aspx?sourcedoc=%7B3CDFB508-E35D-4F44-B4D7-052023AA5514%7D&file=Accops-Product-Architecture-HyID%20[Autosaved].pptx&action=edit&mobileredirect=true,b!MW22Pukebk6aWlrjbkWCK27cJOS0bM9OhUq0QE7-doKh1nVGqaB-SKHlnIF7W6dj,01X5UIHTYIWXPTYXPDIRH3JVYFEAR2UVIU
sales,Presentations/Product Presentations/HyID/_old,Accops-Product-Architecture-HyID.pdf,pdf,1.87,2021-11-22,2021-11-22,Vijender Yadav,Deck; HyID; Sales; Archived,Deck,,HyID,,archived,no,archive/draft folder,https://propalmsnetwork.sharepoint.com/sites/Company/Shared%20Documents/Sales/Sales%20Collateral/Presentations/Product%20Presentations/HyID/_old/Accops-Product-Architecture-HyID.pdf,b!MW22Pukebk6aWlrjbkWCK27cJOS0bM9OhUq0QE7-doKh1nVGqaB-SKHlnIF7W6dj,01X5UIHT2NVEGNSDZFOZBL34FQHDWPOA2A
sales,Presentations/Product Presentations/HyID/_old,Accops-Product-Architecture-HyID.pptx,pptx,8.19,2021-11-22,2021-12-08,Vijender Yadav,Deck; HyID; Sales; Archived,Deck,,HyID,,archived,no,archive/draft folder,https://propalmsnetwork.sharepoint.com/sites/Company/_layouts/15/Doc.aspx?sourcedoc=%7BD0247629-FA4C-48EF-B20A-F7EEE96B8922%7D&file=Accops-Product-Architecture-HyID.pptx&action=edit&mobileredirect=true,b!MW22Pukebk6aWlrjbkWCK27cJOS0bM9OhUq0QE7-doKh1nVGqaB-SKHlnIF7W6dj,01X5UIHTZJOYSNATH255ELECXX53UWXCJC
sales,Presentations/Product Presentations/HyLabs,Accops - Product Snapshots - HyLabs.pptx,pptx,1.09,2021-07-16,2021-07-16,BALABHARATHY,Deck; HyLabs; Sales,Deck,,HyLabs,,active,yes,,https://propalmsnetwork.sharepoint.com/sites/Company/_layouts/15/Doc.aspx?sourcedoc=%7BC7E63DF9-D6AB-4DDA-8337-0E619BEA87EC%7D&file=Accops%20-%20Product%20Snapshots%20-%20HyLabs.pptx&action=edit&mobileredirect=true,b!MW22Pukebk6aWlrjbkWCK27cJOS0bM9OhUq0QE7-doKh1nVGqaB-SKHlnIF7W6dj,01X5UIHT7ZHXTMPK6W3JGYGNYOMGN6VB7M
sales,Presentations/Product Presentations/HyLabs,Accops HyLab PPT Jan 2025.pptx,pptx,16.93,2025-02-03,2025-06-24,Vijender Yadav,Deck; HyLabs; Sales,Deck,,HyLabs,,active,yes,,https://propalmsnetwork.sharepoint.com/sites/Company/_layouts/15/Doc.aspx?sourcedoc=%7B0A0242C5-0F30-46F7-80B6-DB52B85BC058%7D&file=Accops%20HyLab%20PPT%20Jan%202025.pptx&action=edit&mobileredirect=true,b!MW22Pukebk6aWlrjbkWCK27cJOS0bM9OhUq0QE7-doKh1nVGqaB-SKHlnIF7W6dj,01X5UIHT6FIIBAUMAP65DIBNW3KK4FXQCY
sales,Presentations/Product Presentations/HyLabs,Accops HyLabs PPT MCTE - V3.pptx,pptx,39.28,2026-07-22,2026-08-18,Vijay Kumar,Deck; HyLabs; Sales,Deck,,HyLabs,,active,yes,,https://propalmsnetwork.sharepoint.com/sites/Company/_layouts/15/Doc.aspx?sourcedoc=%7BB88F904A-405B-4A8F-BE70-1C42B82D47A3%7D&file=Accops%20HyLabs%20PPT%20MCTE%20-%20V3.pptx&action=edit&mobileredirect=true,b!MW22Pukebk6aWlrjbkWCK27cJOS0bM9OhUq0QE7-doKh1nVGqaB-SKHlnIF7W6dj,01X5UIHT2KSCH3QW2AR5FL44A4IK4C2R5D
sales,Presentations/Product Presentations/HyLabs/Older,Accops - Product Intro - HyLabs -v3.pptx,pptx,5.72,2021-07-16,2025-01-26,Vijender Yadav,Deck; HyLabs; Sales,Deck,,HyLabs,,active,yes,,https://propalmsnetwork.sharepoint.com/sites/Company/_layouts/15/Doc.aspx?sourcedoc=%7B0B178D85-A53C-4CD0-ACD5-99B330BFF8E2%7D&file=Accops%20-%20Product%20Intro%20-%20HyLabs%20-v3.pptx&action=edit&mobileredirect=true,b!MW22Pukebk6aWlrjbkWCK27cJOS0bM9OhUq0QE7-doKh1nVGqaB-SKHlnIF7W6dj,01X5UIHT4FRULQWPFF2BGKZVMZWMYL76HC
sales,Presentations/Product Presentations/HyLabs/Older,Accops - Product Intro - HyLabs -v4.pdf,pdf,2.82,2021-07-16,2021-07-16,BALABHARATHY,Deck; HyLabs; Sales,Deck,,HyLabs,,active,yes,,https://propalmsnetwork.sharepoint.com/sites/Company/Shared%20Documents/Sales/Sales%20Collateral/Presentations/Product%20Presentations/HyLabs/Older/Accops%20-%20Product%20Intro%20-%20HyLabs%20-v4.pdf,b!MW22Pukebk6aWlrjbkWCK27cJOS0bM9OhUq0QE7-doKh1nVGqaB-SKHlnIF7W6dj,01X5UIHT3RJXEUWO4NT5BKOLOVUFZDTN2T
sales,Presentations/Product Presentations/HyLabs/Older,Accops - RMS - Reservation Management Solution.pptx,pptx,3.67,2021-07-16,2021-07-16,BALABHARATHY,Deck; HyLabs; Sales,Deck,,HyLabs,,active,yes,,https://propalmsnetwork.sharepoint.com/sites/Company/_layouts/15/Doc.aspx?sourcedoc=%7BEDF49E77-84FD-4352-BC62-0005CD72D4F6%7D&file=Accops%20-%20RMS%20-%20Reservation%20Management%20Solution.pptx&action=edit&mobileredirect=true,b!MW22Pukebk6aWlrjbkWCK27cJOS0bM9OhUq0QE7-doKh1nVGqaB-SKHlnIF7W6dj,01X5UIHT3XT32O37MEKJB3YYQAAXGXFVHW
sales,Presentations/Product Presentations/HyMobile,Accops - Product Intro - HyMobile MDM.pdf,pdf,1.56,2021-07-16,2021-07-16,BALABHARATHY,Deck; Sales,Deck,,,,active,yes,,https://propalmsnetwork.sharepoint.com/sites/Company/Shared%20Documents/Sales/Sales%20Collateral/Presentations/Product%20Presentations/HyMobile/Accops%20-%20Product%20Intro%20-%20HyMobile%20MDM.pdf,b!MW22Pukebk6aWlrjbkWCK27cJOS0bM9OhUq0QE7-doKh1nVGqaB-SKHlnIF7W6dj,01X5UIHTYMSHPD6EANBZGLMLXUQBEXHJMD
sales,Presentations/Product Presentations/HyMobile,Accops - Product Intro - HyMobile MDM.pptx,pptx,10.05,2021-07-16,2021-07-16,BALABHARATHY,Deck; Sales,Deck,,,,active,yes,,https://propalmsnetwork.sharepoint.com/sites/Company/_layouts/15/Doc.aspx?sourcedoc=%7B4912402D-F097-4D74-8484-269A1FBF105F%7D&file=Accops%20-%20Product%20Intro%20-%20HyMobile%20MDM.pptx&action=edit&mobileredirect=true,b!MW22Pukebk6aWlrjbkWCK27cJOS0bM9OhUq0QE7-doKh1nVGqaB-SKHlnIF7W6dj,01X5UIHTZNIAJETF7QORGYJBBGTIP36EC7
sales,Presentations/Product Presentations/HyMobile,Accops HyMobile.V2 2026.pptx,pptx,17.38,2026-06-19,2026-06-19,Samhita TV,Deck; Sales,Deck,,,,active,yes,,https://propalmsnetwork.sharepoint.com/sites/Company/_layouts/15/Doc.aspx?sourcedoc=%7B1624107F-E537-4C48-8C02-627DBD406C04%7D&file=Accops%20HyMobile.V2%202026.pptx&action=edit&mobileredirect=true,b!MW22Pukebk6aWlrjbkWCK27cJOS0bM9OhUq0QE7-doKh1nVGqaB-SKHlnIF7W6dj,01X5UIHT37CASBMN7FJBGIYATCPW6UA3AE
sales,Presentations/Product Presentations/HyMobile,Accops-HyMobile-2022.pptx,pptx,6.33,2022-10-12,2022-10-15,Vijender Yadav,Deck; Sales,Deck,,,,active,yes,,https://propalmsnetwork.sharepoint.com/sites/Company/_layouts/15/Doc.aspx?sourcedoc=%7BFF7CBD89-9B87-4E46-B3C3-7FAB885E8522%7D&file=Accops-HyMobile-2022.pptx&action=edit&mobileredirect=true,b!MW22Pukebk6aWlrjbkWCK27cJOS0bM9OhUq0QE7-doKh1nVGqaB-SKHlnIF7W6dj,01X5UIHT4JXV6P7B43IZHLHQ37VOEF5BJC
sales,Presentations/Product Presentations/HySecure,Accops - HySecure - Product-v2 - Big.pdf,pdf,2.48,2022-04-26,2022-04-26,Vijender Yadav,Deck; HySecure; Sales,Deck,,HySecure,,active,yes,,https://propalmsnetwork.sharepoint.com/sites/Company/Shared%20Documents/Sales/Sales%20Collateral/Presentations/Product%20Presentations/HySecure/Accops%20-%20HySecure%20-%20Product-v2%20-%20Big.pdf,b!MW22Pukebk6aWlrjbkWCK27cJOS0bM9OhUq0QE7-doKh1nVGqaB-SKHlnIF7W6dj,01X5UIHTZ26TU36CCXFVE35LABKXLXOSUN
sales,Presentations/Product Presentations/HySecure,Accops - HySecure - Product-v2 - Big.pptx,pptx,3.01,2021-07-16,2024-02-01,Vijender Yadav,Deck; HySecure; Sales,Deck,,HySecure,,active,yes,,https://propalmsnetwork.sharepoint.com/sites/Company/_layouts/15/Doc.aspx?sourcedoc=%7B8D6B44A1-FBBD-4731-8DED-20209B98BD55%7D&file=Accops%20-%20HySecure%20-%20Product-v2%20-%20Big.pptx&action=edit&mobileredirect=true,b!MW22Pukebk6aWlrjbkWCK27cJOS0bM9OhUq0QE7-doKh1nVGqaB-SKHlnIF7W6dj,01X5UIHT5BIRVY3PP3GFDY33JAECNZRPKV
sales,Presentations/Product Presentations/HySecure,Accops - HySecure - Product-v2 - Small.pdf,pdf,1.46,2021-11-22,2021-11-22,Vijender Yadav,Deck; HySecure; Sales,Deck,,HySecure,,active,yes,,https://propalmsnetwork.sharepoint.com/sites/Company/Shared%20Documents/Sales/Sales%20Collateral/Presentations/Product%20Presentations/HySecure/Accops%20-%20HySecure%20-%20Product-v2%20-%20Small.pdf,b!MW22Pukebk6aWlrjbkWCK27cJOS0bM9OhUq0QE7-doKh1nVGqaB-SKHlnIF7W6dj,01X5UIHT37G3BW732OBBB25XKWXEH5HZHS
sales,Presentations/Product Presentations/HySecure,Accops - HySecure - Product-v2 - Small.pptx,pptx,1.64,2021-11-22,2021-11-22,Vijender Yadav,Deck; HySecure; Sales,Deck,,HySecure,,active,yes,,https://propalmsnetwork.sharepoint.com/sites/Company/_layouts/15/Doc.aspx?sourcedoc=%7B82A6DB15-7FEC-47AD-A65F-96A7A2A51EAD%7D&file=Accops%20-%20HySecure%20-%20Product-v2%20-%20Small.pptx&action=edit&mobileredirect=true,b!MW22Pukebk6aWlrjbkWCK27cJOS0bM9OhUq0QE7-doKh1nVGqaB-SKHlnIF7W6dj,01X5UIHTYV3OTIF3D7VVD2MX4WU6RKKHVN
sales,Presentations/Product Presentations/HySecure,Accops - HySecure - Product-v2.pdf,pdf,3.01,2021-07-16,2021-07-16,BALABHARATHY,Deck; HySecure; Sales,Deck,,HySecure,,active,yes,,https://propalmsnetwork.sharepoint.com/sites/Company/Shared%20Documents/Sales/Sales%20Collateral/Presentations/Product%20Presentations/HySecure/Accops%20-%20HySecure%20-%20Product-v2.pdf,b!MW22Pukebk6aWlrjbkWCK27cJOS0bM9OhUq0QE7-doKh1nVGqaB-SKHlnIF7W6dj,01X5UIHT2J443R5VGWZ5CZDDFIGX5UEUQY
sales,Presentations/Product Presentations/HySecure,Accops - HySecure Overview-v1.docx,docx,0.32,2021-07-16,2026-02-06,Vijender Yadav,Deck; HySecure; Sales,Deck,,HySecure,,active,yes,,https://propalmsnetwork.sharepoint.com/sites/Company/_layouts/15/Doc.aspx?sourcedoc=%7BB5BD65AF-8FAE-4104-85B5-0072A4534CE2%7D&file=Accops%20-%20HySecure%20Overview-v1.docx&action=default&mobileredirect=true,b!MW22Pukebk6aWlrjbkWCK27cJOS0bM9OhUq0QE7-doKh1nVGqaB-SKHlnIF7W6dj,01X5UIHT5PMW63LLUPARAYLNIAOKSFGTHC
sales,Presentations/Product Presentations/HySecure,Accops - HySecure Overview-v1.pdf,pdf,0.33,2021-07-16,2021-07-16,BALABHARATHY,Deck; HySecure; Sales,Deck,,HySecure,,active,yes,,https://propalmsnetwork.sharepoint.com/sites/Company/Shared%20Documents/Sales/Sales%20Collateral/Presentations/Product%20Presentations/HySecure/Accops%20-%20HySecure%20Overview-v1.pdf,b!MW22Pukebk6aWlrjbkWCK27cJOS0bM9OhUq0QE7-doKh1nVGqaB-SKHlnIF7W6dj,01X5UIHTYL4G7D6F47IBBJBHUCU73JR4J4
sales,Presentations/Product Presentations/HySecure,Accops - HySecure vs Other VPNs.pdf,pdf,1.44,2021-07-16,2021-07-16,BALABHARATHY,Deck; Competitive; HySecure; Sales,Deck; Competitive,,HySecure,,active,yes,,https://propalmsnetwork.sharepoint.com/sites/Company/Shared%20Documents/Sales/Sales%20Collateral/Presentations/Product%20Presentations/HySecure/Accops%20-%20HySecure%20vs%20Other%20VPNs.pdf,b!MW22Pukebk6aWlrjbkWCK27cJOS0bM9OhUq0QE7-doKh1nVGqaB-SKHlnIF7W6dj,01X5UIHT3SZWVTQ4SG4NH3FG3EVI23IG6F
sales,Presentations/Product Presentations/HySecure,Accops - HySecure vs Other VPNs.pptx,pptx,1.61,2021-07-16,2023-12-02,SANDIP MALLIK,Deck; Competitive; HySecure; Sales,Deck; Competitive,,HySecure,,active,yes,,https://propalmsnetwork.sharepoint.com/sites/Company/_layouts/15/Doc.aspx?sourcedoc=%7BE67838D3-3365-4E11-B2DB-7E732D45D21E%7D&file=Accops%20-%20HySecure%20vs%20Other%20VPNs.pptx&action=edit&mobileredirect=true,b!MW22Pukebk6aWlrjbkWCK27cJOS0bM9OhUq0QE7-doKh1nVGqaB-SKHlnIF7W6dj,01X5UIHT6THB4OMZJTCFHLFW36OMWULUQ6
sales,Presentations/Product Presentations/HySecure,Accops - Product Snapshots - HySecure.pptx,pptx,4.36,2021-07-16,2021-07-16,BALABHARATHY,Deck; HySecure; Sales,Deck,,HySecure,,active,yes,,https://propalmsnetwork.sharepoint.com/sites/Company/_layouts/15/Doc.aspx?sourcedoc=%7B3377D81C-859C-433C-9378-1BDD059334DD%7D&file=Accops%20-%20Product%20Snapshots%20-%20HySecure.pptx&action=edit&mobileredirect=true,b!MW22Pukebk6aWlrjbkWCK27cJOS0bM9OhUq0QE7-doKh1nVGqaB-SKHlnIF7W6dj,01X5UIHTY43B3THHEFHRBZG6A33UCZGNG5
sales,Presentations/Product Presentations/HySecure,Accops HySecure Gateway as a Service.pptx,pptx,0.98,2024-08-11,2024-08-11,Vijender Yadav,Deck; HySecure; Sales,Deck,,HySecure,,active,yes,,https://propalmsnetwork.sharepoint.com/sites/Company/_layouts/15/Doc.aspx?sourcedoc=%7BF78DBE4C-2203-4626-BA24-5C5F0E77451C%7D&file=Accops%20HySecure%20Gateway%20as%20a%20Service.pptx&action=edit&mobileredirect=true,b!MW22Pukebk6aWlrjbkWCK27cJOS0bM9OhUq0QE7-doKh1nVGqaB-SKHlnIF7W6dj,01X5UIHT2MX2G7OAZCEZDLUJC4L4HHORI4
sales,Presentations/Product Presentations/HySecure,Accops-ZTNA-Key-Features.pptx,pptx,1.0,2025-02-23,2025-02-23,Vijender Yadav,Deck; HySecure; ZTNA; Sales,Deck,,HySecure; ZTNA,,active,yes,,https://propalmsnetwork.sharepoint.com/sites/Company/_layouts/15/Doc.aspx?sourcedoc=%7BF6257E15-1569-417D-AD93-1129265C3CC8%7D&file=Accops-ZTNA-Key-Features.pptx&action=edit&mobileredirect=true,b!MW22Pukebk6aWlrjbkWCK27cJOS0bM9OhUq0QE7-doKh1nVGqaB-SKHlnIF7W6dj,01X5UIHTYVPYS7M2IVPVA23EYRFETFYPGI
sales,Presentations/Product Presentations/HySecure/Certifications,Accops HySecure 5.3 Pen Testing Certificate.pdf,pdf,0.26,2021-07-16,2021-07-16,BALABHARATHY,Deck; Certification; HySecure; Sales,Deck; Certification,,HySecure,,active,yes,,https://propalmsnetwork.sharepoint.com/sites/Company/Shared%20Documents/Sales/Sales%20Collateral/Presentations/Product%20Presentations/HySecure/Certifications/Accops%20HySecure%205.3%20Pen%20Testing%20Certificate.pdf,b!MW22Pukebk6aWlrjbkWCK27cJOS0bM9OhUq0QE7-doKh1nVGqaB-SKHlnIF7W6dj,01X5UIHTYGLCKWR2XJLVH3XCYZRCRLC4LG
sales,Presentations/Product Presentations/HySecure/Turbo,Accops - Turbo Architecture-v1.pdf,pdf,0.65,2021-07-16,2021-07-16,BALABHARATHY,Deck; HySecure; Sales,Deck,,HySecure,,active,yes,,https://propalmsnetwork.sharepoint.com/sites/Company/Shared%20Documents/Sales/Sales%20Collateral/Presentations/Product%20Presentations/HySecure/Turbo/Accops%20-%20Turbo%20Architecture-v1.pdf,b!MW22Pukebk6aWlrjbkWCK27cJOS0bM9OhUq0QE7-doKh1nVGqaB-SKHlnIF7W6dj,01X5UIHT6JDTHEJMNP5RAINHYNPEHCMNTW
sales,Presentations/Product Presentations/HySecure/Turbo,Accops - Turbo Architecture-v1.pptx,pptx,0.86,2021-07-16,2022-07-04,Vijender Yadav,Deck; HySecure; Sales,Deck,,HySecure,,active,yes,,https://propalmsnetwork.sharepoint.com/sites/Company/_layouts/15/Doc.aspx?sourcedoc=%7BFD550C27-BAC5-435C-BF5B-9E5F819DF16A%7D&file=Accops%20-%20Turbo%20Architecture-v1.pptx&action=edit&mobileredirect=true,b!MW22Pukebk6aWlrjbkWCK27cJOS0bM9OhUq0QE7-doKh1nVGqaB-SKHlnIF7W6dj,01X5UIHTZHBRK73RN2LRB36W46L6AZ34LK
sales,Presentations/Product Presentations/HySecure/Turbo,Accops - Turbo Architecture-v2.pdf,pdf,0.71,2022-12-24,2022-12-24,Vijender Yadav,Deck; HySecure; Sales,Deck,,HySecure,,active,yes,,https://propalmsnetwork.sharepoint.com/sites/Company/Shared%20Documents/Sales/Sales%20Collateral/Presentations/Product%20Presentations/HySecure/Turbo/Accops%20-%20Turbo%20Architecture-v2.pdf,b!MW22Pukebk6aWlrjbkWCK27cJOS0bM9OhUq0QE7-doKh1nVGqaB-SKHlnIF7W6dj,01X5UIHT2JRCMTLCFRABDICZ2ZZOO4RPO3
sales,Presentations/Product Presentations/HySecure/Turbo,Accops - Turbo Architecture-v2.pptx,pptx,0.86,2022-07-20,2022-07-19,Vijender Yadav,Deck; HySecure; Sales,Deck,,HySecure,,active,yes,,https://propalmsnetwork.sharepoint.com/sites/Company/_layouts/15/Doc.aspx?sourcedoc=%7BBC3B6101-FA8A-4154-966A-BA1682446ADE%7D&file=Accops%20-%20Turbo%20Architecture-v2.pptx&action=edit&mobileredirect=true,b!MW22Pukebk6aWlrjbkWCK27cJOS0bM9OhUq0QE7-doKh1nVGqaB-SKHlnIF7W6dj,01X5UIHTYBME53ZCX2KRAZM2V2C2BEI2W6
sales,Presentations/Product Presentations/HySecure/Turbo,Turbo performance comparison.pptx,pptx,0.16,2021-07-16,2021-07-16,BALABHARATHY,Deck; Competitive; HySecure; Sales,Deck; Competitive,,HySecure,,active,yes,,https://propalmsnetwork.sharepoint.com/sites/Company/_layouts/15/Doc.aspx?sourcedoc=%7B50E221C7-5351-4BFD-B668-77E10A03A3E1%7D&file=Turbo%20performance%20comparison.pptx&action=edit&mobileredirect=true,b!MW22Pukebk6aWlrjbkWCK27cJOS0bM9OhUq0QE7-doKh1nVGqaB-SKHlnIF7W6dj,01X5UIHT6HEHRFAUKT7VF3M2DX4EFAHI7B
sales,Presentations/Product Presentations/HySecure/Turbo,Wireguard Whitepaper.pdf,pdf,0.52,2021-07-16,2021-07-16,BALABHARATHY,Deck; Whitepaper; HySecure; Sales,Deck; Whitepaper,,HySecure,,active,yes,,https://propalmsnetwork.sharepoint.com/sites/Company/Shared%20Documents/Sales/Sales%20Collateral/Presentations/Product%20Presentations/HySecure/Turbo/Wireguard%20Whitepaper.pdf,b!MW22Pukebk6aWlrjbkWCK27cJOS0bM9OhUq0QE7-doKh1nVGqaB-SKHlnIF7W6dj,01X5UIHT6QP75ADVS6L5ALWSOWJA5L455X
sales,Presentations/Product Presentations/HySecure/Turbo,Wireguard formal verification.pdf,pdf,0.34,2021-07-16,2021-07-16,BALABHARATHY,Deck; HySecure; Sales,Deck,,HySecure,,active,yes,,https://propalmsnetwork.sharepoint.com/sites/Company/Shared%20Documents/Sales/Sales%20Collateral/Presentations/Product%20Presentations/HySecure/Turbo/Wireguard%20formal%20verification.pdf,b!MW22Pukebk6aWlrjbkWCK27cJOS0bM9OhUq0QE7-doKh1nVGqaB-SKHlnIF7W6dj,01X5UIHTYPOTXE3XRE6JDLFKZHPDGWVRAG
sales,Presentations/Product Presentations/HySecure/Turbo,Wireguard security review 3rd party-He-Xu-Xu.pdf,pdf,0.18,2021-07-16,2021-07-16,BALABHARATHY,Deck; HySecure; Sales,Deck,,HySecure,,active,yes,,https://propalmsnetwork.sharepoint.com/sites/Company/Shared%20Documents/Sales/Sales%20Collateral/Presentations/Product%20Presentations/HySecure/Turbo/Wireguard%20security%20review%203rd%20party-He-Xu-Xu.pdf,b!MW22Pukebk6aWlrjbkWCK27cJOS0bM9OhUq0QE7-doKh1nVGqaB-SKHlnIF7W6dj,01X5UIHT577SC3EZH7WVDK5URS7SBSVAY3
sales,Presentations/Product Presentations/HySecure/Turbo,Wireguard security testing.pdf,pdf,1.45,2021-07-16,2021-07-16,BALABHARATHY,Deck; HySecure; Sales,Deck,,HySecure,,active,yes,,https://propalmsnetwork.sharepoint.com/sites/Company/Shared%20Documents/Sales/Sales%20Collateral/Presentations/Product%20Presentations/HySecure/Turbo/Wireguard%20security%20testing.pdf,b!MW22Pukebk6aWlrjbkWCK27cJOS0bM9OhUq0QE7-doKh1nVGqaB-SKHlnIF7W6dj,01X5UIHT63MAOT7JPMSJDL6Z7RKMD7TBXF
sales,Presentations/Product Presentations/HyWorks,Accops - Product Intro - HyWorks-v2.pdf,pdf,1.45,2021-07-16,2021-07-16,BALABHARATHY,Deck; HyWorks; Sales,Deck,,HyWorks,,active,yes,,https://propalmsnetwork.sharepoint.com/sites/Company/Shared%20Documents/Sales/Sales%20Collateral/Presentations/Product%20Presentations/HyWorks/Accops%20-%20Product%20Intro%20-%20HyWorks-v2.pdf,b!MW22Pukebk6aWlrjbkWCK27cJOS0bM9OhUq0QE7-doKh1nVGqaB-SKHlnIF7W6dj,01X5UIHT6J5DDDEYLWOZBZ3XE5KULA2ECP
sales,Presentations/Product Presentations/HyWorks,Accops - Product Intro - HyWorks-v2.pptx,pptx,2.31,2021-07-16,2021-07-25,SUNIL TITTO,Deck; HyWorks; Sales,Deck,,HyWorks,,active,yes,,https://propalmsnetwork.sharepoint.com/sites/Company/_layouts/15/Doc.aspx?sourcedoc=%7B8BDA384E-85B1-4DE0-9A7B-4C78678E193B%7D&file=Accops%20-%20Product%20Intro%20-%20HyWorks-v2.pptx&action=edit&mobileredirect=true,b!MW22Pukebk6aWlrjbkWCK27cJOS0bM9OhUq0QE7-doKh1nVGqaB-SKHlnIF7W6dj,01X5UIHT2OHDNIXMMF4BGZU62MPBTY4GJ3
sales,Presentations/Product Presentations/HyWorks,Accops - Product Snapshots - HyWorks-Management.pptx,pptx,3.35,2021-07-16,2021-07-16,BALABHARATHY,Deck; HyWorks; Sales,Deck,,HyWorks,,active,yes,,https://propalmsnetwork.sharepoint.com/sites/Company/_layouts/15/Doc.aspx?sourcedoc=%7BA5CC1C84-3E1A-4588-AC2E-BC9A9C51BEC7%7D&file=Accops%20-%20Product%20Snapshots%20-%20HyWorks-Management.pptx&action=edit&mobileredirect=true,b!MW22Pukebk6aWlrjbkWCK27cJOS0bM9OhUq0QE7-doKh1nVGqaB-SKHlnIF7W6dj,01X5UIHT4EDTGKKGR6RBC2YLV4TKOFDPWH
sales,Presentations/Product Presentations/Nano,Accops - NanoOS - Tech Doc-v3.pdf,pdf,0.48,2021-07-16,2021-07-16,BALABHARATHY,Deck; Sales,Deck,,,,active,yes,,https://propalmsnetwork.sharepoint.com/sites/Company/Shared%20Documents/Sales/Sales%20Collateral/Presentations/Product%20Presentations/Nano/Accops%20-%20NanoOS%20-%20Tech%20Doc-v3.pdf,b!MW22Pukebk6aWlrjbkWCK27cJOS0bM9OhUq0QE7-doKh1nVGqaB-SKHlnIF7W6dj,01X5UIHT3PZS7QZHOBOBGJLHE433CPRBLG
sales,Presentations/Product Presentations/ProxMox,Accops-Proxmox V2.0.pptx,pptx,1.94,2024-12-21,2024-12-21,Vijender Yadav,Deck; Sales,Deck,,,,active,yes,,https://propalmsnetwork.sharepoint.com/sites/Company/_layouts/15/Doc.aspx?sourcedoc=%7BF379EC6D-AB04-42F6-949B-20564E618AEA%7D&file=Accops-Proxmox%20V2.0.pptx&action=edit&mobileredirect=true,b!MW22Pukebk6aWlrjbkWCK27cJOS0bM9OhUq0QE7-doKh1nVGqaB-SKHlnIF7W6dj,01X5UIHT3N5R47GBFL6ZBJJGZAKZHGDCXK
sales,Presentations/Technical Solutions Presentations,FA3518FD.tmp,tmp,1.83,2021-07-16,2021-07-16,BALABHARATHY,Deck; Sales,Deck,,,,active,no,not a document,https://propalmsnetwork.sharepoint.com/sites/Company/Shared%20Documents/Sales/Sales%20Collateral/Presentations/Technical%20Solutions%20Presentations/FA3518FD.tmp,b!MW22Pukebk6aWlrjbkWCK27cJOS0bM9OhUq0QE7-doKh1nVGqaB-SKHlnIF7W6dj,01X5UIHT2VSYSNJOZXKRDIRBS7IVUR4ULQ
sales,Presentations/Technical Solutions Presentations/BYOD,Accops - Technical Solution - BYOD.pptx,pptx,3.42,2021-07-16,2021-07-16,BALABHARATHY,Deck; Sales,Deck,,,,active,yes,,https://propalmsnetwork.sharepoint.com/sites/Company/_layouts/15/Doc.aspx?sourcedoc=%7B32F5E8E8-1F32-4E09-AEE3-B17A4CD5469E%7D&file=Accops%20-%20Technical%20Solution%20-%20BYOD.pptx&action=edit&mobileredirect=true,b!MW22Pukebk6aWlrjbkWCK27cJOS0bM9OhUq0QE7-doKh1nVGqaB-SKHlnIF7W6dj,01X5UIHT7I5D2TEMQ7BFHK5Y5RPJGNKRU6
sales,Presentations/Technical Solutions Presentations/Cisco,Cisco+accops_Joint Presentation_Customer_28May2020-v2.0.pptx,pptx,15.35,2021-07-16,2021-07-16,BALABHARATHY,Deck; Sales,Deck,,,,active,yes,,https://propalmsnetwork.sharepoint.com/sites/Company/_layouts/15/Doc.aspx?sourcedoc=%7B71D21B8B-C996-4A26-8986-783AF316EBFA%7D&file=Cisco%2Baccops_Joint%20Presentation_Customer_28May2020-v2.0.pptx&action=edit&mobileredirect=true,b!MW22Pukebk6aWlrjbkWCK27cJOS0bM9OhUq0QE7-doKh1nVGqaB-SKHlnIF7W6dj,01X5UIHT4LDPJHDFWJEZFITBTYHLZRN272
sales,Presentations/Technical Solutions Presentations/Cisco,VDI Solution - Hybrid Cloud Architecture.pptx,pptx,1.92,2021-07-16,2021-07-16,BALABHARATHY,Deck; VDI; Sales,Deck,,VDI,,active,yes,,https://propalmsnetwork.sharepoint.com/sites/Company/_layouts/15/Doc.aspx?sourcedoc=%7BEBDF88E5-E559-4A60-8B38-0EA23A29567A%7D&file=VDI%20Solution%20-%20Hybrid%20Cloud%20Architecture.pptx&action=edit&mobileredirect=true,b!MW22Pukebk6aWlrjbkWCK27cJOS0bM9OhUq0QE7-doKh1nVGqaB-SKHlnIF7W6dj,01X5UIHT7FRDP6WWPFMBFIWOAOUI5CSVT2
sales,Presentations/Technical Solutions Presentations/DaaS,Accops - Cloud vs On-premise -Cost Comparison.pptx,pptx,1.26,2021-07-16,2021-07-16,Vijender Yadav,Deck; Competitive; DaaS; Sales,Deck; Competitive,,DaaS,,active,yes,,https://propalmsnetwork.sharepoint.com/sites/Company/_layouts/15/Doc.aspx?sourcedoc=%7B2F564E60-06AD-4AA0-8273-2E0D5FFA37CA%7D&file=Accops%20-%20Cloud%20vs%20On-premise%20-Cost%20Comparison.pptx&action=edit&mobileredirect=true,b!MW22Pukebk6aWlrjbkWCK27cJOS0bM9OhUq0QE7-doKh1nVGqaB-SKHlnIF7W6dj,01X5UIHT3AJZLC7LIGUBFIE4ZOBVP7UN6K
sales,Presentations/Technical Solutions Presentations/DaaS,Accops DaaS - DIY and AMD v2.pptx,pptx,5.05,2021-10-29,2023-03-03,Vijender Yadav,Deck; DaaS; Sales,Deck,,DaaS,,active,yes,,https://propalmsnetwork.sharepoint.com/sites/Company/_layouts/15/Doc.aspx?sourcedoc=%7B4BDE8917-556C-4227-A4DB-552C74546D68%7D&file=Accops%20DaaS%20-%20DIY%20and%20AMD%20v2.pptx&action=edit&mobileredirect=true,b!MW22Pukebk6aWlrjbkWCK27cJOS0bM9OhUq0QE7-doKh1nVGqaB-SKHlnIF7W6dj,01X5UIHTYXRHPEW3CVE5BKJW2VFR2FI3LI
sales,Presentations/Technical Solutions Presentations/DaaS,Calculatore in sales tools.txt,txt,0.0,2021-10-30,2021-10-30,Vijender Yadav,Deck; DaaS; Sales,Deck,,DaaS,,active,yes,,https://propalmsnetwork.sharepoint.com/sites/Company/Shared%20Documents/Sales/Sales%20Collateral/Presentations/Technical%20Solutions%20Presentations/DaaS/Calculatore%20in%20sales%20tools.txt,b!MW22Pukebk6aWlrjbkWCK27cJOS0bM9OhUq0QE7-doKh1nVGqaB-SKHlnIF7W6dj,01X5UIHT3WQT22LNAA5RBIJIYQHJYYGHJD
sales,Presentations/Technical Solutions Presentations/DaaS,VDI-DaaS-Licensing-Breakup and Comparison.xlsx,xlsx,0.02,2023-03-03,2023-03-03,Vijender Yadav,Deck; Competitive; VDI; DaaS; Sales,Deck; Competitive,,VDI; DaaS,,active,yes,,https://propalmsnetwork.sharepoint.com/sites/Company/_layouts/15/Doc.aspx?sourcedoc=%7B6E8B667B-F69F-47AB-86D5-E432CA95F6D9%7D&file=VDI-DaaS-Licensing-Breakup%20and%20Comparison.xlsx&action=default&mobileredirect=true,b!MW22Pukebk6aWlrjbkWCK27cJOS0bM9OhUq0QE7-doKh1nVGqaB-SKHlnIF7W6dj,01X5UIHT33M2FW5H7WVNDYNVPEGLFJL5WZ
sales,Presentations/Technical Solutions Presentations/DaaS,Why DaaS-BattleCard.pptx,pptx,2.63,2022-03-11,2022-03-11,Vijender Yadav,Deck; Competitive; DaaS; Sales,Deck; Competitive,,DaaS,,active,yes,,https://propalmsnetwork.sharepoint.com/sites/Company/_layouts/15/Doc.aspx?sourcedoc=%7BA8457EE0-EDC0-43CA-8A84-16DD14D00A5E%7D&file=Why%20DaaS-BattleCard.pptx&action=edit&mobileredirect=true,b!MW22Pukebk6aWlrjbkWCK27cJOS0bM9OhUq0QE7-doKh1nVGqaB-SKHlnIF7W6dj,01X5UIHT7APZC2RQHNZJBYVBAW3UKNACS6
sales,Presentations/Technical Solutions Presentations/DaaS/old/BOM and Pricing,Accops - Cloud vs On-Premise - VDI.xlsx,xlsx,0.04,2021-07-16,2021-07-16,BALABHARATHY,Deck; Competitive; VDI; DaaS; Sales; Archived,Deck; Competitive,,VDI; DaaS,,archived,no,archive/draft folder,https://propalmsnetwork.sharepoint.com/sites/Company/_layouts/15/Doc.aspx?sourcedoc=%7B9AA387B8-2399-4286-A209-49B6C58FD55A%7D&file=Accops%20-%20Cloud%20vs%20On-Premise%20-%20VDI.xlsx&action=default&mobileredirect=true,b!MW22Pukebk6aWlrjbkWCK27cJOS0bM9OhUq0QE7-doKh1nVGqaB-SKHlnIF7W6dj,01X5UIHT5YQ6RZVGJDQZBKECKJW3CY7VK2
sales,Presentations/Technical Solutions Presentations/DaaS/old/BOM and Pricing,Accops - DaaS-v2.xlsx,xlsx,0.02,2021-07-16,2021-07-16,BALABHARATHY,Deck; DaaS; Sales; Archived,Deck,,DaaS,,archived,no,archive/draft folder,https://propalmsnetwork.sharepoint.com/sites/Company/_layouts/15/Doc.aspx?sourcedoc=%7BAB4E77C7-824C-4AEE-B34A-83B801482B9A%7D&file=Accops%20-%20DaaS-v2.xlsx&action=default&mobileredirect=true,b!MW22Pukebk6aWlrjbkWCK27cJOS0bM9OhUq0QE7-doKh1nVGqaB-SKHlnIF7W6dj,01X5UIHT6HO5HKWTEC5ZFLGSUDXAAUQK42
sales,Presentations/Technical Solutions Presentations/DaaS/old/BOM and Pricing,Accops - WVD Pricing-v3.xlsx,xlsx,0.08,2021-07-16,2021-07-16,BALABHARATHY,Deck; Pricing; DaaS; Sales; Archived,Deck; Pricing,,DaaS,,archived,no,archive/draft folder,https://propalmsnetwork.sharepoint.com/sites/Company/_layouts/15/Doc.aspx?sourcedoc=%7B8A59B1E9-CF6B-47D9-AD72-C6DD24CED695%7D&file=Accops%20-%20WVD%20Pricing-v3.xlsx&action=default&mobileredirect=true,b!MW22Pukebk6aWlrjbkWCK27cJOS0bM9OhUq0QE7-doKh1nVGqaB-SKHlnIF7W6dj,01X5UIHT7JWFMYU26P3FD224WG3USM5VUV
sales,Presentations/Technical Solutions Presentations/DaaS/old/BOM and Pricing,Accops - WVD sizing-v2.xlsx,xlsx,0.08,2021-07-16,2021-07-16,BALABHARATHY,Deck; DaaS; Sales; Archived,Deck,,DaaS,,archived,no,archive/draft folder,https://propalmsnetwork.sharepoint.com/sites/Company/_layouts/15/Doc.aspx?sourcedoc=%7BDA0BD720-8A07-4D5A-A1E9-7B549E0788C4%7D&file=Accops%20-%20WVD%20sizing-v2.xlsx&action=default&mobileredirect=true,b!MW22Pukebk6aWlrjbkWCK27cJOS0bM9OhUq0QE7-doKh1nVGqaB-SKHlnIF7W6dj,01X5UIHTZA24F5UB4KLJG2D2L3KSPAPCGE
sales,Presentations/Technical Solutions Presentations/DaaS/old/BOM and Pricing,Accops BOM - AVO DaaS and Azure BOM-v1.xlsx,xlsx,0.04,2021-07-16,2021-07-16,BALABHARATHY,Deck; DaaS; Sales; Archived,Deck,,DaaS,,archived,no,archive/draft folder,https://propalmsnetwork.sharepoint.com/sites/Company/_layouts/15/Doc.aspx?sourcedoc=%7BC06F735E-D97E-45CD-B41E-8F38C8D58567%7D&file=Accops%20BOM%20-%20AVO%20DaaS%20and%20Azure%20BOM-v1.xlsx&action=default&mobileredirect=true,b!MW22Pukebk6aWlrjbkWCK27cJOS0bM9OhUq0QE7-doKh1nVGqaB-SKHlnIF7W6dj,01X5UIHT26ONX4A7WZZVC3IHUPHDENLBLH
sales,Presentations/Technical Solutions Presentations/DaaS/old/BOM and Pricing,BOM-Comparison-Azure-vs-Onprem.xlsx,xlsx,0.03,2021-07-16,2021-07-16,BALABHARATHY,Deck; Competitive; DaaS; Sales; Archived,Deck; Competitive,,DaaS,,archived,no,archive/draft folder,https://propalmsnetwork.sharepoint.com/sites/Company/_layouts/15/Doc.aspx?sourcedoc=%7B2C733CC2-430D-482A-A90E-FBE8D8CE80D8%7D&file=BOM-Comparison-Azure-vs-Onprem.xlsx&action=default&mobileredirect=true,b!MW22Pukebk6aWlrjbkWCK27cJOS0bM9OhUq0QE7-doKh1nVGqaB-SKHlnIF7W6dj,01X5UIHT6CHRZSYDKDFJEKSDX35DMM5AGY
sales,Presentations/Technical Solutions Presentations/DaaS/old/BOM and Pricing,Microsoft-wvd-bom.png,png,1.21,2021-07-16,2021-07-16,BALABHARATHY,Deck; DaaS; Sales; Archived,Deck,,DaaS,,archived,no,archive/draft folder,https://propalmsnetwork.sharepoint.com/sites/Company/Shared%20Documents/Sales/Sales%20Collateral/Presentations/Technical%20Solutions%20Presentations/DaaS/old/BOM%20and%20Pricing/Microsoft-wvd-bom.png,b!MW22Pukebk6aWlrjbkWCK27cJOS0bM9OhUq0QE7-doKh1nVGqaB-SKHlnIF7W6dj,01X5UIHT7KSGMM6S7YYZELXKRQ3457RI4T
sales,Presentations/Technical Solutions Presentations/DaaS/old/BOM and Pricing,PAYG-B4MS-BYOL.xlsx,xlsx,0.09,2021-07-16,2021-07-16,BALABHARATHY,Deck; DaaS; Sales; Archived,Deck,,DaaS,,archived,no,archive/draft folder,https://propalmsnetwork.sharepoint.com/sites/Company/_layouts/15/Doc.aspx?sourcedoc=%7BA671463D-CA7B-4528-8687-430038631820%7D&file=PAYG-B4MS-BYOL.xlsx&action=default&mobileredirect=true,b!MW22Pukebk6aWlrjbkWCK27cJOS0bM9OhUq0QE7-doKh1nVGqaB-SKHlnIF7W6dj,01X5UIHTZ5IZY2M66KFBCYNB2DAA4GGGBA
sales,Presentations/Technical Solutions Presentations/DaaS/old/BOM and Pricing,PAYG-B4MS-OS-LICENSE-INCLUDED.xlsx,xlsx,0.09,2021-07-16,2021-07-16,BALABHARATHY,Deck; DaaS; Sales; Archived,Deck,,DaaS,,archived,no,archive/draft folder,https://propalmsnetwork.sharepoint.com/sites/Company/_layouts/15/Doc.aspx?sourcedoc=%7B0AF676C9-586A-4B8E-B0FF-C6EBEAB77EBD%7D&file=PAYG-B4MS-OS-LICENSE-INCLUDED.xlsx&action=default&mobileredirect=true,b!MW22Pukebk6aWlrjbkWCK27cJOS0bM9OhUq0QE7-doKh1nVGqaB-SKHlnIF7W6dj,01X5UIHT6JO33AU2SYRZF3B76G5PVLO7V5
sales,Presentations/Technical Solutions Presentations/DaaS/old/BOM and Pricing,PAYG-D4SV3-BYOL.xlsx,xlsx,0.09,2021-07-16,2021-07-16,BALABHARATHY,Deck; DaaS; Sales; Archived,Deck,,DaaS,,archived,no,archive/draft folder,https://propalmsnetwork.sharepoint.com/sites/Company/_layouts/15/Doc.aspx?sourcedoc=%7B63EF772B-127F-4C0A-831F-5D4B788EDF4C%7D&file=PAYG-D4SV3-BYOL.xlsx&action=default&mobileredirect=true,b!MW22Pukebk6aWlrjbkWCK27cJOS0bM9OhUq0QE7-doKh1nVGqaB-SKHlnIF7W6dj,01X5UIHTZLO7XWG7YSBJGIGH25JN4I5X2M
sales,Presentations/Technical Solutions Presentations/DaaS/old/BOM and Pricing,PAYG-D4SV3-OS-LICENSED-INCLUDED.xlsx,xlsx,0.09,2021-07-16,2021-07-16,BALABHARATHY,Deck; DaaS; Sales; Archived,Deck,,DaaS,,archived,no,archive/draft folder,https://propalmsnetwork.sharepoint.com/sites/Company/_layouts/15/Doc.aspx?sourcedoc=%7B6DA86846-D903-4E49-A6BB-088A7E5CFEAC%7D&file=PAYG-D4SV3-OS-LICENSED-INCLUDED.xlsx&action=default&mobileredirect=true,b!MW22Pukebk6aWlrjbkWCK27cJOS0bM9OhUq0QE7-doKh1nVGqaB-SKHlnIF7W6dj,01X5UIHT2GNCUG2A6ZJFHKNOYIRJ7FZ7VM
sales,Presentations/Technical Solutions Presentations/DaaS/old/BOM and Pricing,Windows Virtual Desktop Solution Configurator.xlsm,xlsm,0.51,2021-07-16,2021-07-16,BALABHARATHY,Deck; VDI; DaaS; Sales; Archived,Deck,,VDI; DaaS,,archived,no,archive/draft folder,https://propalmsnetwork.sharepoint.com/sites/Company/_layouts/15/Doc.aspx?sourcedoc=%7BF76653E7-6673-4BF4-819A-618AD94835F7%7D&file=Windows%20Virtual%20Desktop%20Solution%20Configurator.xlsm&action=default&mobileredirect=true,b!MW22Pukebk6aWlrjbkWCK27cJOS0bM9OhUq0QE7-doKh1nVGqaB-SKHlnIF7W6dj,01X5UIHT7HKNTPO43G6RFYDGTBRLMUQNPX
sales,Presentations/Technical Solutions Presentations/DaaS/old/Other docs,Accops Virtual Office v3.docx,docx,1.33,2021-07-16,2021-07-16,BALABHARATHY,Deck; DaaS; Sales; Archived,Deck,,DaaS,,archived,no,archive/draft folder,https://propalmsnetwork.sharepoint.com/sites/Company/_layouts/15/Doc.aspx?sourcedoc=%7B9B1CD28D-93CC-4F3B-9967-14FDB9D6890A%7D&file=Accops%20Virtual%20Office%20v3.docx&action=default&mobileredirect=true,b!MW22Pukebk6aWlrjbkWCK27cJOS0bM9OhUq0QE7-doKh1nVGqaB-SKHlnIF7W6dj,01X5UIHT4N2IOJXTETHNHZSZYU7W45NCIK
sales,Presentations/Technical Solutions Presentations/DaaS/old/Other docs,Accops WVD - Technical.pptx,pptx,0.46,2021-07-16,2021-07-16,Vijender Yadav,Deck; DaaS; Sales; Archived,Deck,,DaaS,,archived,no,archive/draft folder,https://propalmsnetwork.sharepoint.com/sites/Company/_layouts/15/Doc.aspx?sourcedoc=%7BD9F4891B-834A-4516-874B-8A9EA413E4FA%7D&file=Accops%20WVD%20-%20Technical.pptx&action=edit&mobileredirect=true,b!MW22Pukebk6aWlrjbkWCK27cJOS0bM9OhUq0QE7-doKh1nVGqaB-SKHlnIF7W6dj,01X5UIHTY3RH2NSSUDCZCYOS4KT2SBHZH2
sales,Presentations/Technical Solutions Presentations/DaaS/old/Other docs,Accops for Azure-v6.pptx,pptx,7.12,2021-07-16,2021-07-16,BALABHARATHY,Deck; DaaS; Sales; Archived,Deck,,DaaS,,archived,no,archive/draft folder,https://propalmsnetwork.sharepoint.com/sites/Company/_layouts/15/Doc.aspx?sourcedoc=%7B9338238E-21AE-4856-B61F-1316E61E219E%7D&file=Accops%20for%20Azure-v6.pptx&action=edit&mobileredirect=true,b!MW22Pukebk6aWlrjbkWCK27cJOS0bM9OhUq0QE7-doKh1nVGqaB-SKHlnIF7W6dj,01X5UIHT4OEM4JHLRBKZELMHYTC3TB4IM6
sales,Presentations/Technical Solutions Presentations/DaaS/old/Other docs,Accops for WVD- Intro - 1pager.pdf,pdf,0.13,2021-07-16,2021-07-16,Vijender Yadav,Deck; DaaS; Sales; Archived,Deck,,DaaS,,archived,no,archive/draft folder,https://propalmsnetwork.sharepoint.com/sites/Company/Shared%20Documents/Sales/Sales%20Collateral/Presentations/Technical%20Solutions%20Presentations/DaaS/old/Other%20docs/Accops%20for%20WVD-%20Intro%20-%201pager.pdf,b!MW22Pukebk6aWlrjbkWCK27cJOS0bM9OhUq0QE7-doKh1nVGqaB-SKHlnIF7W6dj,01X5UIHT6BJBIRQ65G7ZCI6GYNKLGK6JHN
sales,Presentations/Technical Solutions Presentations/DaaS/old/Other docs,Accops for WVD- Intro - 1pager.pptx,pptx,0.33,2021-07-16,2021-07-16,Vijender Yadav,Deck; DaaS; Sales; Archived,Deck,,DaaS,,archived,no,archive/draft folder,https://propalmsnetwork.sharepoint.com/sites/Company/_layouts/15/Doc.aspx?sourcedoc=%7BB084C3FA-5CA0-494B-BD35-EA1EB4720D17%7D&file=Accops%20for%20WVD-%20Intro%20-%201pager.pptx&action=edit&mobileredirect=true,b!MW22Pukebk6aWlrjbkWCK27cJOS0bM9OhUq0QE7-doKh1nVGqaB-SKHlnIF7W6dj,01X5UIHT72YOCLBIC4JNE32NPKD22HEDIX
sales,Presentations/Technical Solutions Presentations/DaaS/old/Other docs,Accops in Azure-3.0 - Tech Data.pptx,pptx,0.36,2021-07-16,2021-07-16,Vijender Yadav,Deck; DaaS; Sales; Archived,Deck,,DaaS,,archived,no,archive/draft folder,https://propalmsnetwork.sharepoint.com/sites/Company/_layouts/15/Doc.aspx?sourcedoc=%7B2B6442EC-8C17-4BB4-BC75-EC3F79993D25%7D&file=Accops%20in%20Azure-3.0%20-%20Tech%20Data.pptx&action=edit&mobileredirect=true,b!MW22Pukebk6aWlrjbkWCK27cJOS0bM9OhUq0QE7-doKh1nVGqaB-SKHlnIF7W6dj,01X5UIHT7MIJSCWF4MWRF3Y5PMH54ZSPJF
sales,Presentations/Technical Solutions Presentations/DaaS/old/Other docs,Accops with MS-WVD-Azure-3.docx,docx,0.26,2021-07-16,2021-09-28,SANDIP MALLIK,Deck; DaaS; Sales; Archived,Deck,,DaaS,,archived,no,archive/draft folder,https://propalmsnetwork.sharepoint.com/sites/Company/_layouts/15/Doc.aspx?sourcedoc=%7BD1EA39B6-905C-4FB5-84E2-A5B6F9F97C69%7D&file=Accops%20with%20MS-WVD-Azure-3.docx&action=default&mobileredirect=true,b!MW22Pukebk6aWlrjbkWCK27cJOS0bM9OhUq0QE7-doKh1nVGqaB-SKHlnIF7W6dj,01X5UIHT5WHHVNCXEQWVHYJYVFW347S7DJ
sales,Presentations/Technical Solutions Presentations/DaaS/old/Other docs,Accops with MS-WVD-Azure-3.pdf,pdf,0.39,2021-07-16,2021-07-16,Vijender Yadav,Deck; DaaS; Sales; Archived,Deck,,DaaS,,archived,no,archive/draft folder,https://propalmsnetwork.sharepoint.com/sites/Company/Shared%20Documents/Sales/Sales%20Collateral/Presentations/Technical%20Solutions%20Presentations/DaaS/old/Other%20docs/Accops%20with%20MS-WVD-Azure-3.pdf,b!MW22Pukebk6aWlrjbkWCK27cJOS0bM9OhUq0QE7-doKh1nVGqaB-SKHlnIF7W6dj,01X5UIHT6MA6KKUOK7G5HIJ7K4EJDERVTU
sales,Presentations/Technical Solutions Presentations/DaaS/old/Other docs,Microsoft Licensing for Cloud.pptx,pptx,0.33,2021-08-02,2021-07-30,Vijender Yadav,Deck; DaaS; Sales; Archived,Deck,,DaaS,,archived,no,archive/draft folder,https://propalmsnetwork.sharepoint.com/sites/Company/_layouts/15/Doc.aspx?sourcedoc=%7BCA69AB97-BEA6-4752-9809-BEE4A0C83F42%7D&file=Microsoft%20Licensing%20for%20Cloud.pptx&action=edit&mobileredirect=true,b!MW22Pukebk6aWlrjbkWCK27cJOS0bM9OhUq0QE7-doKh1nVGqaB-SKHlnIF7W6dj,01X5UIHT4XVNU4VJV6KJDZQCN64SQMQP2C
sales,Presentations/Technical Solutions Presentations/Data Compliance,Accops - Technical Solution - Data Compliance.pptx,pptx,3.44,2021-07-16,2021-07-16,BALABHARATHY,Deck; Sales,Deck,,,,active,yes,,https://propalmsnetwork.sharepoint.com/sites/Company/_layouts/15/Doc.aspx?sourcedoc=%7B1B73F55B-F9E2-4893-BBD6-B33F73C2421C%7D&file=Accops%20-%20Technical%20Solution%20-%20Data%20Compliance.pptx&action=edit&mobileredirect=true,b!MW22Pukebk6aWlrjbkWCK27cJOS0bM9OhUq0QE7-doKh1nVGqaB-SKHlnIF7W6dj,01X5UIHT236VZRXYXZSNELXVVTH5Z4EQQ4
sales,Presentations/Technical Solutions Presentations/Data Compliance,Accops-Solution for DataCompliance.pdf,pdf,2.16,2021-07-16,2021-07-16,BALABHARATHY,Deck; Sales,Deck,,,,active,yes,,https://propalmsnetwork.sharepoint.com/sites/Company/Shared%20Documents/Sales/Sales%20Collateral/Presentations/Technical%20Solutions%20Presentations/Data%20Compliance/Accops-Solution%20for%20DataCompliance.pdf,b!MW22Pukebk6aWlrjbkWCK27cJOS0bM9OhUq0QE7-doKh1nVGqaB-SKHlnIF7W6dj,01X5UIHT6LI6UQIFBDY5HJHTYBAYAF645O
sales,Presentations/Technical Solutions Presentations/Dynamics CRM,Accops - Technical Solution - for DynamicsCRM-v3.pptx,pptx,3.28,2021-07-16,2021-07-16,BALABHARATHY,Deck; Sales,Deck,,,,active,yes,,https://propalmsnetwork.sharepoint.com/sites/Company/_layouts/15/Doc.aspx?sourcedoc=%7B01153629-890D-4F6B-ADB7-31DDDC3C9DAC%7D&file=Accops%20-%20Technical%20Solution%20-%20for%20DynamicsCRM-v3.pptx&action=edit&mobileredirect=true,b!MW22Pukebk6aWlrjbkWCK27cJOS0bM9OhUq0QE7-doKh1nVGqaB-SKHlnIF7W6dj,01X5UIHTZJGYKQCDMJNNH23NZR3XODZHNM
sales,Presentations/Technical Solutions Presentations/Google Cloud - GCP,Accops - Technical Solution - GCP-v1.pptx,pptx,10.89,2021-07-16,2021-07-16,BALABHARATHY,Deck; Sales,Deck,,,,active,yes,,https://propalmsnetwork.sharepoint.com/sites/Company/_layouts/15/Doc.aspx?sourcedoc=%7B4DEB82A9-EFF9-4BB2-A381-94CA3BD9DE90%7D&file=Accops%20-%20Technical%20Solution%20-%20GCP-v1.pptx&action=edit&mobileredirect=true,b!MW22Pukebk6aWlrjbkWCK27cJOS0bM9OhUq0QE7-doKh1nVGqaB-SKHlnIF7W6dj,01X5UIHT5JQLVU36PPWJF2HAMUZI55TXUQ
sales,Presentations/Technical Solutions Presentations/Graphics,Accops - Remote Access to Graphics Workstation-v2.pdf,pdf,2.74,2021-07-16,2021-07-16,BALABHARATHY,Deck; Sales,Deck,,,,active,yes,,https://propalmsnetwork.sharepoint.com/sites/Company/Shared%20Documents/Sales/Sales%20Collateral/Presentations/Technical%20Solutions%20Presentations/Graphics/Accops%20-%20Remote%20Access%20to%20Graphics%20Workstation-v2.pdf,b!MW22Pukebk6aWlrjbkWCK27cJOS0bM9OhUq0QE7-doKh1nVGqaB-SKHlnIF7W6dj,01X5UIHT3VVPHJJYM7JRGZ5YCBOTY3UMCT
sales,Presentations/Technical Solutions Presentations/Graphics,Accops - Remote Access to Graphics Workstation-v2.pptx,pptx,4.9,2021-07-16,2021-07-16,BALABHARATHY,Deck; Sales,Deck,,,,active,yes,,https://propalmsnetwork.sharepoint.com/sites/Company/_layouts/15/Doc.aspx?sourcedoc=%7BEE494772-A5A9-4D3C-A085-9F520D697561%7D&file=Accops%20-%20Remote%20Access%20to%20Graphics%20Workstation-v2.pptx&action=edit&mobileredirect=true,b!MW22Pukebk6aWlrjbkWCK27cJOS0bM9OhUq0QE7-doKh1nVGqaB-SKHlnIF7W6dj,01X5UIHT3SI5E65KNFHRG2BBM7KIGWS5LB
sales,Presentations/Technical Solutions Presentations/Graphics,Accops VDI for Graphics Workstation-v3 -Internal-Training.pptx,pptx,4.92,2023-04-14,2023-04-14,Vijender Yadav,Deck; VDI; Sales,Deck,,VDI,,active,yes,,https://propalmsnetwork.sharepoint.com/sites/Company/_layouts/15/Doc.aspx?sourcedoc=%7B4B9195E6-7F80-4B06-89E0-792E86AA3457%7D&file=Accops%20VDI%20for%20Graphics%20Workstation-v3%20-Internal-Training.pptx&action=edit&mobileredirect=true,b!MW22Pukebk6aWlrjbkWCK27cJOS0bM9OhUq0QE7-doKh1nVGqaB-SKHlnIF7W6dj,01X5UIHT7GSWIUXAD7AZFYTYDZF2DKUNCX
sales,Presentations/Technical Solutions Presentations/Graphics,Accops VDI for Graphics Workstation-v3.pdf,pdf,2.73,2021-07-16,2021-07-16,BALABHARATHY,Deck; VDI; Sales,Deck,,VDI,,active,yes,,https://propalmsnetwork.sharepoint.com/sites/Company/Shared%20Documents/Sales/Sales%20Collateral/Presentations/Technical%20Solutions%20Presentations/Graphics/Accops%20VDI%20for%20Graphics%20Workstation-v3.pdf,b!MW22Pukebk6aWlrjbkWCK27cJOS0bM9OhUq0QE7-doKh1nVGqaB-SKHlnIF7W6dj,01X5UIHT74Y7BZASMB4BBIQM4AU6T646ME
sales,Presentations/Technical Solutions Presentations/Graphics,Accops VDI for Graphics Workstation-v3.pptx,pptx,4.92,2021-07-16,2023-04-14,Vijender Yadav,Deck; VDI; Sales,Deck,,VDI,,active,yes,,https://propalmsnetwork.sharepoint.com/sites/Company/_layouts/15/Doc.aspx?sourcedoc=%7BA89BD547-2427-406D-B451-3BF9C78B097C%7D&file=Accops%20VDI%20for%20Graphics%20Workstation-v3.pptx&action=edit&mobileredirect=true,b!MW22Pukebk6aWlrjbkWCK27cJOS0bM9OhUq0QE7-doKh1nVGqaB-SKHlnIF7W6dj,01X5UIHT2H2WN2QJZENVALIUJ37HDYWCL4
sales,Presentations/Technical Solutions Presentations/Internet Isolation (or) Secure Browser,Accops - SVB - Internet Isolation - POC Report.docx,docx,1.68,2021-07-16,2022-03-25,Vijender Yadav,Deck; Analyst Report; Sales,Deck; Analyst Report,,,,active,yes,,https://propalmsnetwork.sharepoint.com/sites/Company/_layouts/15/Doc.aspx?sourcedoc=%7BAEBCF54B-652A-46E2-A1AE-6F512AAE5D76%7D&file=Accops%20-%20SVB%20-%20Internet%20Isolation%20-%20POC%20Report.docx&action=default&mobileredirect=true,b!MW22Pukebk6aWlrjbkWCK27cJOS0bM9OhUq0QE7-doKh1nVGqaB-SKHlnIF7W6dj,01X5UIHT2L6W6K4KTF4JDKDLTPKEVK4XLW
sales,Presentations/Technical Solutions Presentations/Internet Isolation (or) Secure Browser,Accops - Solution for Secure Browser-2022-08.pdf,pdf,2.73,2023-08-11,2023-08-11,Vijender Yadav,Deck; Sales,Deck,,,,active,yes,,https://propalmsnetwork.sharepoint.com/sites/Company/Shared%20Documents/Sales/Sales%20Collateral/Presentations/Technical%20Solutions%20Presentations/Internet%20Isolation%20(or)%20Secure%20Browser/Accops%20-%20Solution%20for%20Secure%20Browser-2022-08.pdf,b!MW22Pukebk6aWlrjbkWCK27cJOS0bM9OhUq0QE7-doKh1nVGqaB-SKHlnIF7W6dj,01X5UIHT6KGL2HOQ5LSNFLOFAUCDL7I5AG
sales,Presentations/Technical Solutions Presentations/Internet Isolation (or) Secure Browser,Accops - Solution for Secure Browser-2022-08.pptx,pptx,7.1,2022-08-09,2023-11-23,Vijender Yadav,Deck; Sales,Deck,,,,active,yes,,https://propalmsnetwork.sharepoint.com/sites/Company/_layouts/15/Doc.aspx?sourcedoc=%7B4064D56E-43EE-498C-87EE-9FA4A5EC3D5A%7D&file=Accops%20-%20Solution%20for%20Secure%20Browser-2022-08.pptx&action=edit&mobileredirect=true,b!MW22Pukebk6aWlrjbkWCK27cJOS0bM9OhUq0QE7-doKh1nVGqaB-SKHlnIF7W6dj,01X5UIHT3O2VSEB3SDRREYP3U7USS6YPK2
sales,Presentations/Technical Solutions Presentations/Internet Isolation (or) Secure Browser,Accops Virtual Browser Solution for Internet Access.docx,docx,0.71,2025-08-10,2025-08-10,Vijender Yadav,Deck; Sales,Deck,,,,active,yes,,https://propalmsnetwork.sharepoint.com/sites/Company/_layouts/15/Doc.aspx?sourcedoc=%7B58938383-C9B7-4EA4-8261-72F055F618C0%7D&file=Accops%20Virtual%20Browser%20Solution%20for%20Internet%20Access.docx&action=default&mobileredirect=true,b!MW22Pukebk6aWlrjbkWCK27cJOS0bM9OhUq0QE7-doKh1nVGqaB-SKHlnIF7W6dj,01X5UIHT4DQOJVRN6JURHIEYLS6BK7MGGA
sales,Presentations/Technical Solutions Presentations/Internet Isolation (or) Secure Browser,Accops Whitepaper - Secure Internet Browsing v7.pdf,pdf,0.31,2025-08-10,2025-08-10,Vijender Yadav,Deck; Whitepaper; Sales,Deck; Whitepaper,,,,active,yes,,https://propalmsnetwork.sharepoint.com/sites/Company/Shared%20Documents/Sales/Sales%20Collateral/Presentations/Technical%20Solutions%20Presentations/Internet%20Isolation%20(or)%20Secure%20Browser/Accops%20Whitepaper%20-%20Secure%20Internet%20Browsing%20v7.pdf,b!MW22Pukebk6aWlrjbkWCK27cJOS0bM9OhUq0QE7-doKh1nVGqaB-SKHlnIF7W6dj,01X5UIHT3YLHPOHWWXANH2BMRYUMV2LNEM
sales,Presentations/Technical Solutions Presentations/Internet Isolation (or) Secure Browser,Webinar recording-23March2022.txt,txt,0.0,2022-03-25,2022-03-25,Vijender Yadav,Deck; Webinar; Sales,Deck; Webinar,,,,active,yes,,https://propalmsnetwork.sharepoint.com/sites/Company/Shared%20Documents/Sales/Sales%20Collateral/Presentations/Technical%20Solutions%20Presentations/Internet%20Isolation%20(or)%20Secure%20Browser/Webinar%20recording-23March2022.txt,b!MW22Pukebk6aWlrjbkWCK27cJOS0bM9OhUq0QE7-doKh1nVGqaB-SKHlnIF7W6dj,01X5UIHT7A5WYFQPLA6VAI22KEOIG4FFV7
sales,Presentations/Technical Solutions Presentations/Internet Isolation (or) Secure Browser/_old,Accops - Solution for Secure Browser-2021.pptx,pptx,7.23,2021-12-19,2022-05-13,Vijender Yadav,Deck; Sales; Archived,Deck,,,,archived,no,archive/draft folder,https://propalmsnetwork.sharepoint.com/sites/Company/_layouts/15/Doc.aspx?sourcedoc=%7BEF84A212-1427-4270-ADEF-E0EFAAB364DE%7D&file=Accops%20-%20Solution%20for%20Secure%20Browser-2021.pptx&action=edit&mobileredirect=true,b!MW22Pukebk6aWlrjbkWCK27cJOS0bM9OhUq0QE7-doKh1nVGqaB-SKHlnIF7W6dj,01X5UIHTYSUKCO6JYUOBBK337A56VLGZG6
sales,Presentations/Technical Solutions Presentations/Internet Isolation (or) Secure Browser/_old,Accops - Solution for Secure Browser-2022-08-TP-T470-V.pptx,pptx,6.98,2022-10-19,2022-08-09,Vijender Yadav,Deck; Sales; Archived,Deck,,,,archived,no,archive/draft folder,https://propalmsnetwork.sharepoint.com/sites/Company/_layouts/15/Doc.aspx?sourcedoc=%7BDEC291B5-58C6-4DAC-95B1-B57D2F9EABA3%7D&file=Accops%20-%20Solution%20for%20Secure%20Browser-2022-08-TP-T470-V.pptx&action=edit&mobileredirect=true,b!MW22Pukebk6aWlrjbkWCK27cJOS0bM9OhUq0QE7-doKh1nVGqaB-SKHlnIF7W6dj,01X5UIHT5VSHBN5RSYVRGZLMNVPUXZ5K5D
sales,Presentations/Technical Solutions Presentations/Internet Isolation (or) Secure Browser/_old,Accops - Technical Solution - Secure Browser.pdf,pdf,4.58,2021-07-16,2021-07-16,Vijender Yadav,Deck; Sales; Archived,Deck,,,,archived,no,archive/draft folder,https://propalmsnetwork.sharepoint.com/sites/Company/Shared%20Documents/Sales/Sales%20Collateral/Presentations/Technical%20Solutions%20Presentations/Internet%20Isolation%20(or)%20Secure%20Browser/_old/Accops%20-%20Technical%20Solution%20-%20Secure%20Browser.pdf,b!MW22Pukebk6aWlrjbkWCK27cJOS0bM9OhUq0QE7-doKh1nVGqaB-SKHlnIF7W6dj,01X5UIHT6HUJI5TZIRUVC2OBF77QSRMPQM
sales,Presentations/Technical Solutions Presentations/Internet Isolation (or) Secure Browser/_old,Accops - Technical Solution - Secure Browser.pptx,pptx,11.31,2021-07-16,2021-10-21,Vijender Yadav,Deck; Sales; Archived,Deck,,,,archived,no,archive/draft folder,https://propalmsnetwork.sharepoint.com/sites/Company/_layouts/15/Doc.aspx?sourcedoc=%7B85250D5C-F78F-4E0C-9B09-87FF58B95527%7D&file=Accops%20-%20Technical%20Solution%20-%20Secure%20Browser.pptx&action=edit&mobileredirect=true,b!MW22Pukebk6aWlrjbkWCK27cJOS0bM9OhUq0QE7-doKh1nVGqaB-SKHlnIF7W6dj,01X5UIHT24BUSYLD7XBRHJWCMH75MLSVJH
sales,Presentations/Technical Solutions Presentations/Linux Virtualization,VDI on Linux.pptx,pptx,0.29,2023-06-11,2023-06-11,Vijender Yadav,Deck; VDI; Sales,Deck,,VDI,,active,yes,,https://propalmsnetwork.sharepoint.com/sites/Company/_layouts/15/Doc.aspx?sourcedoc=%7BAEDC8DA5-74A1-4082-A585-AFDA4B113BBE%7D&file=VDI%20on%20Linux.pptx&action=edit&mobileredirect=true,b!MW22Pukebk6aWlrjbkWCK27cJOS0bM9OhUq0QE7-doKh1nVGqaB-SKHlnIF7W6dj,01X5UIHT5FRXOK5ILUQJAKLBNP3JFRCO56
sales,Presentations/Technical Solutions Presentations/MFA,Accops - Technical Solution - 2FA for any application.pptx,pptx,1.51,2021-07-16,2023-05-05,Vijender Yadav,Deck; MFA; Sales,Deck,,MFA,,active,yes,,https://propalmsnetwork.sharepoint.com/sites/Company/_layouts/15/Doc.aspx?sourcedoc=%7B41F3FDE3-987D-443E-A2E7-A2CE839BDAE2%7D&file=Accops%20-%20Technical%20Solution%20-%202FA%20for%20any%20application.pptx&action=edit&mobileredirect=true,b!MW22Pukebk6aWlrjbkWCK27cJOS0bM9OhUq0QE7-doKh1nVGqaB-SKHlnIF7W6dj,01X5UIHT7D7XZUC7MYHZCKFZ5CZ2BZXWXC
sales,Presentations/Technical Solutions Presentations/Nutanix,Accops Nutanix Customer Event.pdf,pdf,2.23,2023-07-11,2023-07-11,Vijender Yadav,Deck; Event; Nutanix; Sales,Deck; Event,,Nutanix,,active,yes,,https://propalmsnetwork.sharepoint.com/sites/Company/Shared%20Documents/Sales/Sales%20Collateral/Presentations/Technical%20Solutions%20Presentations/Nutanix/Accops%20Nutanix%20Customer%20Event.pdf,b!MW22Pukebk6aWlrjbkWCK27cJOS0bM9OhUq0QE7-doKh1nVGqaB-SKHlnIF7W6dj,01X5UIHT726RA3LMCZ5ZFIMCUGAK373ZRK
sales,Presentations/Technical Solutions Presentations/Nutanix,Accops Nutanix Customer Event.pptx,pptx,12.98,2023-06-30,2023-07-11,Vijender Yadav,Deck; Event; Nutanix; Sales,Deck; Event,,Nutanix,,active,yes,,https://propalmsnetwork.sharepoint.com/sites/Company/_layouts/15/Doc.aspx?sourcedoc=%7B3772E8CC-A30B-481C-B65A-D82E104A7320%7D&file=Accops%20Nutanix%20Customer%20Event.pptx&action=edit&mobileredirect=true,b!MW22Pukebk6aWlrjbkWCK27cJOS0bM9OhUq0QE7-doKh1nVGqaB-SKHlnIF7W6dj,01X5UIHT6M5BZDOC5DDRELMWWYFYIEU4ZA
sales,Presentations/Technical Solutions Presentations/Nutanix,Accops for Nutanix Internal Teams - mini.pptx,pptx,18.44,2024-02-13,2024-02-13,Vijender Yadav,Deck; Nutanix; Sales,Deck,,Nutanix,,active,yes,,https://propalmsnetwork.sharepoint.com/sites/Company/_layouts/15/Doc.aspx?sourcedoc=%7BFFAED7FA-7D53-4C12-B4D5-6AF6A4097A68%7D&file=Accops%20for%20Nutanix%20Internal%20Teams%20-%20mini.pptx&action=edit&mobileredirect=true,b!MW22Pukebk6aWlrjbkWCK27cJOS0bM9OhUq0QE7-doKh1nVGqaB-SKHlnIF7W6dj,01X5UIHT7226XP6U35CJGLJVLK62SAS6TI
sales,Presentations/Technical Solutions Presentations/Nutanix,Accops for Nutanix Internal Teams.pptx,pptx,20.96,2023-06-30,2023-06-30,Vijender Yadav,Deck; Nutanix; Sales,Deck,,Nutanix,,active,yes,,https://propalmsnetwork.sharepoint.com/sites/Company/_layouts/15/Doc.aspx?sourcedoc=%7BB5F1833E-0067-493C-9E66-CA757A54BDFA%7D&file=Accops%20for%20Nutanix%20Internal%20Teams.pptx&action=edit&mobileredirect=true,b!MW22Pukebk6aWlrjbkWCK27cJOS0bM9OhUq0QE7-doKh1nVGqaB-SKHlnIF7W6dj,01X5UIHTZ6QPY3KZYAHREZ4ZWKOV5FJPP2
sales,Presentations/Technical Solutions Presentations/Nutanix,Accops-Nutanix-DotNext-Event.pptx,pptx,11.39,2024-05-13,2024-06-14,MUSADIQ BHAT,Deck; Event; Nutanix; Sales,Deck; Event,,Nutanix,,active,yes,,https://propalmsnetwork.sharepoint.com/sites/Company/_layouts/15/Doc.aspx?sourcedoc=%7BDADC41CB-C89E-40E0-B61A-DA08668C4975%7D&file=Accops-Nutanix-DotNext-Event.pptx&action=edit&mobileredirect=true,b!MW22Pukebk6aWlrjbkWCK27cJOS0bM9OhUq0QE7-doKh1nVGqaB-SKHlnIF7W6dj,01X5UIHT6LIHONVHWI4BALMGW2BBTIYSLV
sales,Presentations/Technical Solutions Presentations/Nutanix,Accops-Nutanix-DotNext-Event_May 2024 _SUBMITTED FILE-v2.pptx,pptx,7.0,2026-03-17,2026-03-17,Vijender Yadav,Deck; Event; Nutanix; Sales,Deck; Event,,Nutanix,,active,yes,,https://propalmsnetwork.sharepoint.com/sites/Company/_layouts/15/Doc.aspx?sourcedoc=%7BEAA14475-D819-43FB-B724-40C47BD9151B%7D&file=Accops-Nutanix-DotNext-Event_May%202024%20_SUBMITTED%20FILE-v2.pptx&action=edit&mobileredirect=true,b!MW22Pukebk6aWlrjbkWCK27cJOS0bM9OhUq0QE7-doKh1nVGqaB-SKHlnIF7W6dj,01X5UIHT3VISQ6UGOY7NB3OJCAYR55SFI3
sales,Presentations/Technical Solutions Presentations/Nutanix,Accops-Nutanix-DotNext-Event_May 2024 _SUBMITTED FILE.pptx,pptx,7.84,2024-05-14,2024-05-15,SANDIP MALLIK,Deck; Event; Nutanix; Sales,Deck; Event,,Nutanix,,active,yes,,https://propalmsnetwork.sharepoint.com/sites/Company/_layouts/15/Doc.aspx?sourcedoc=%7B1A6A6D2C-ECC7-41D4-A97D-9C7EF7B6402E%7D&file=Accops-Nutanix-DotNext-Event_May%202024%20_SUBMITTED%20FILE.pptx&action=edit&mobileredirect=true,b!MW22Pukebk6aWlrjbkWCK27cJOS0bM9OhUq0QE7-doKh1nVGqaB-SKHlnIF7W6dj,01X5UIHTZMNVVBVR7M2RA2S7M4P333MQBO
sales,Presentations/Technical Solutions Presentations/Nutanix,Integration of Nutanix AHV-v1.pdf,pdf,0.32,2021-07-16,2021-07-16,BALABHARATHY,Deck; Nutanix; Sales,Deck,,Nutanix,,active,yes,,https://propalmsnetwork.sharepoint.com/sites/Company/Shared%20Documents/Sales/Sales%20Collateral/Presentations/Technical%20Solutions%20Presentations/Nutanix/Integration%20of%20Nutanix%20AHV-v1.pdf,b!MW22Pukebk6aWlrjbkWCK27cJOS0bM9OhUq0QE7-doKh1nVGqaB-SKHlnIF7W6dj,01X5UIHT3HYS2FCM3CPRGIXE7EZFO4OCS5
sales,Presentations/Technical Solutions Presentations/Nutanix,Nutanix Partner Event 2025 - Why VDI - 30 min.pptx,pptx,10.14,2026-03-17,2026-03-17,Vijender Yadav,Deck; Event; VDI; Nutanix; Sales,Deck; Event,,VDI; Nutanix,,active,yes,,https://propalmsnetwork.sharepoint.com/sites/Company/_layouts/15/Doc.aspx?sourcedoc=%7B8CA520ED-8C42-4CDF-8845-4FD151660214%7D&file=Nutanix%20Partner%20Event%202025%20-%20Why%20VDI%20-%2030%20min.pptx&action=edit&mobileredirect=true,b!MW22Pukebk6aWlrjbkWCK27cJOS0bM9OhUq0QE7-doKh1nVGqaB-SKHlnIF7W6dj,01X5UIHT7NECSYYQUM35GIQRKP2FIWMAQU
sales,Presentations/Technical Solutions Presentations/Nutanix,Solution Brief_Accops_Nutanix_VDI_Nov_2019.pdf,pdf,0.94,2021-07-16,2021-07-16,BALABHARATHY,Deck; Solution Brief; Nutanix; Sales,Deck; Solution Brief,,Nutanix,,active,yes,,https://propalmsnetwork.sharepoint.com/sites/Company/Shared%20Documents/Sales/Sales%20Collateral/Presentations/Technical%20Solutions%20Presentations/Nutanix/Solution%20Brief_Accops_Nutanix_VDI_Nov_2019.pdf,b!MW22Pukebk6aWlrjbkWCK27cJOS0bM9OhUq0QE7-doKh1nVGqaB-SKHlnIF7W6dj,01X5UIHTYF3VJXVZEUXNBKBFKKZTJGOM3Q
sales,Presentations/Technical Solutions Presentations/Nutanix,VMWare Alternative stack-Accops and Nutanix.pptx,pptx,2.54,2026-03-17,2026-03-17,Vijender Yadav,Deck; Nutanix; VMware; Sales,Deck,,Nutanix,VMware,active,yes,,https://propalmsnetwork.sharepoint.com/sites/Company/_layouts/15/Doc.aspx?sourcedoc=%7BE12324FF-C896-4B33-BC2A-0179B2FE52B4%7D&file=VMWare%20Alternative%20stack-Accops%20and%20Nutanix.pptx&action=edit&mobileredirect=true,b!MW22Pukebk6aWlrjbkWCK27cJOS0bM9OhUq0QE7-doKh1nVGqaB-SKHlnIF7W6dj,01X5UIHT77EQR6DFWIGNF3YKQBPGZP4UVU
sales,Presentations/Technical Solutions Presentations/Nutanix/Integration-Tech Docs,Accops - Integration of Nutanix AHV-v2.docx,docx,0.06,2021-07-16,2021-07-16,BALABHARATHY,Deck; Nutanix; Sales,Deck,,Nutanix,,active,yes,,https://propalmsnetwork.sharepoint.com/sites/Company/_layouts/15/Doc.aspx?sourcedoc=%7B4354F461-57A5-46CB-91B2-E34968277B44%7D&file=Accops%20-%20Integration%20of%20Nutanix%20AHV-v2.docx&action=default&mobileredirect=true,b!MW22Pukebk6aWlrjbkWCK27cJOS0bM9OhUq0QE7-doKh1nVGqaB-SKHlnIF7W6dj,01X5UIHT3B6RKEHJKXZNDJDMXDJFUCO62E
sales,Presentations/Technical Solutions Presentations/Nutanix/Integration-Tech Docs,Accops - Integration of Nutanix AHV-v2.pdf,pdf,0.31,2021-07-16,2021-07-16,BALABHARATHY,Deck; Nutanix; Sales,Deck,,Nutanix,,active,yes,,https://propalmsnetwork.sharepoint.com/sites/Company/Shared%20Documents/Sales/Sales%20Collateral/Presentations/Technical%20Solutions%20Presentations/Nutanix/Integration-Tech%20Docs/Accops%20-%20Integration%20of%20Nutanix%20AHV-v2.pdf,b!MW22Pukebk6aWlrjbkWCK27cJOS0bM9OhUq0QE7-doKh1nVGqaB-SKHlnIF7W6dj,01X5UIHT2WSEPF27MNFJFINQXDZZD3UMXB
sales,Presentations/Technical Solutions Presentations/Nutanix/Integration-Tech Docs/_to_delete,Accops-Solution Brief Template_v3_Oct18.docx,docx,0.21,2021-07-16,2021-07-16,BALABHARATHY,Deck; Solution Brief; Nutanix; Sales,Deck; Solution Brief,,Nutanix,,active,yes,,https://propalmsnetwork.sharepoint.com/sites/Company/_layouts/15/Doc.aspx?sourcedoc=%7BD63AB177-D027-4636-B338-E49211BAC1A0%7D&file=Accops-Solution%20Brief%20Template_v3_Oct18.docx&action=default&mobileredirect=true,b!MW22Pukebk6aWlrjbkWCK27cJOS0bM9OhUq0QE7-doKh1nVGqaB-SKHlnIF7W6dj,01X5UIHT3XWE5NMJ6QGZDLGOHESII3VQNA
sales,Presentations/Technical Solutions Presentations/Nutanix/Integration-Tech Docs/_to_delete,Deploying Accops on Nutanix.docx,docx,0.04,2021-07-16,2021-07-16,BALABHARATHY,Deck; Nutanix; Sales,Deck,,Nutanix,,active,yes,,https://propalmsnetwork.sharepoint.com/sites/Company/_layouts/15/Doc.aspx?sourcedoc=%7BE9254E22-3E44-4F5E-A638-B81AC0963D4D%7D&file=Deploying%20Accops%20on%20Nutanix.docx&action=default&mobileredirect=true,b!MW22Pukebk6aWlrjbkWCK27cJOS0bM9OhUq0QE7-doKh1nVGqaB-SKHlnIF7W6dj,01X5UIHTZCJYS6SRB6LZH2MOFYDLAJMPKN
sales,Presentations/Technical Solutions Presentations/Nutanix/Integration-Tech Docs/_to_delete,Tech Doc_Integration of Nutanix AHV-v2.pdf,pdf,0.28,2021-07-16,2021-07-16,BALABHARATHY,Deck; Nutanix; Sales,Deck,,Nutanix,,active,yes,,https://propalmsnetwork.sharepoint.com/sites/Company/Shared%20Documents/Sales/Sales%20Collateral/Presentations/Technical%20Solutions%20Presentations/Nutanix/Integration-Tech%20Docs/_to_delete/Tech%20Doc_Integration%20of%20Nutanix%20AHV-v2.pdf,b!MW22Pukebk6aWlrjbkWCK27cJOS0bM9OhUq0QE7-doKh1nVGqaB-SKHlnIF7W6dj,01X5UIHT5SDI6QFMRNAFBLSKDB6462IVF7
sales,Presentations/Technical Solutions Presentations/Nutanix/_older,Accops - Technical Solution - Nutanix-m.pptx,pptx,0.7,2021-07-16,2021-07-16,BALABHARATHY,Deck; Nutanix; Sales,Deck,,Nutanix,,active,yes,,https://propalmsnetwork.sharepoint.com/sites/Company/_layouts/15/Doc.aspx?sourcedoc=%7BBA28ADC3-FD81-4D18-98B4-BCE2C255A1F7%7D&file=Accops%20-%20Technical%20Solution%20-%20Nutanix-m.pptx&action=edit&mobileredirect=true,b!MW22Pukebk6aWlrjbkWCK27cJOS0bM9OhUq0QE7-doKh1nVGqaB-SKHlnIF7W6dj,01X5UIHT6DVUULVAP5DBGZRNF44LBFLIPX
sales,Presentations/Technical Solutions Presentations/Nutanix/_older,Accops - Technical Solution - Nutanix.pptx,pptx,2.97,2021-07-16,2021-07-16,BALABHARATHY,Deck; Nutanix; Sales,Deck,,Nutanix,,active,yes,,https://propalmsnetwork.sharepoint.com/sites/Company/_layouts/15/Doc.aspx?sourcedoc=%7B846CE4C5-AD49-4DFC-AB2A-C0016D366ECC%7D&file=Accops%20-%20Technical%20Solution%20-%20Nutanix.pptx&action=edit&mobileredirect=true,b!MW22Pukebk6aWlrjbkWCK27cJOS0bM9OhUq0QE7-doKh1nVGqaB-SKHlnIF7W6dj,01X5UIHT6F4RWIISNN7RG2WKWAAFWTM3WM
sales,Presentations/Technical Solutions Presentations/Nutanix/_older,Nutanix Customers.pptx,pptx,3.34,2023-06-30,2023-06-30,Vijender Yadav,Deck; Nutanix; Sales,Deck,,Nutanix,,active,yes,,https://propalmsnetwork.sharepoint.com/sites/Company/_layouts/15/Doc.aspx?sourcedoc=%7BCE92FF8E-9318-47C2-8C9A-43B5176700FB%7D&file=Nutanix%20Customers.pptx&action=edit&mobileredirect=true,b!MW22Pukebk6aWlrjbkWCK27cJOS0bM9OhUq0QE7-doKh1nVGqaB-SKHlnIF7W6dj,01X5UIHT4O76JM4GETYJDYZGSDWULWOAH3
sales,Presentations/Technical Solutions Presentations/Palo Alto  and other VPN,Accops - Technical Solution - MFA for PaloAlto-v2.pptx,pptx,3.27,2021-07-16,2021-07-16,BALABHARATHY,Deck; MFA; Sales,Deck,,MFA,,active,yes,,https://propalmsnetwork.sharepoint.com/sites/Company/_layouts/15/Doc.aspx?sourcedoc=%7B88CD58BB-5AFB-43B4-BDC9-918E699D266E%7D&file=Accops%20-%20Technical%20Solution%20-%20MFA%20for%20PaloAlto-v2.pptx&action=edit&mobileredirect=true,b!MW22Pukebk6aWlrjbkWCK27cJOS0bM9OhUq0QE7-doKh1nVGqaB-SKHlnIF7W6dj,01X5UIHT53LDGYR622WRB33SMRRZUZ2JTO
sales,Presentations/Technical Solutions Presentations/Palo Alto  and other VPN,Accops - Technical Solution - MFA for third-party VPN.pptx,pptx,3.28,2021-07-16,2021-07-16,BALABHARATHY,Deck; MFA; Sales,Deck,,MFA,,active,yes,,https://propalmsnetwork.sharepoint.com/sites/Company/_layouts/15/Doc.aspx?sourcedoc=%7BBB1456D7-2879-40A8-9683-7EBE6A00E467%7D&file=Accops%20-%20Technical%20Solution%20-%20MFA%20for%20third-party%20VPN.pptx&action=edit&mobileredirect=true,b!MW22Pukebk6aWlrjbkWCK27cJOS0bM9OhUq0QE7-doKh1nVGqaB-SKHlnIF7W6dj,01X5UIHT6XKYKLW6JIVBAJNA36XZVABZDH
sales,Presentations/Technical Solutions Presentations/Palo Alto  and other VPN,PC-Push-GlobalProtect_MFA_Browser.mp4,mp4,2.27,2021-07-16,2021-07-16,BALABHARATHY,Deck; Sales,Deck,,,,active,no,not a document,https://propalmsnetwork.sharepoint.com/sites/Company/Shared%20Documents/Sales/Sales%20Collateral/Presentations/Technical%20Solutions%20Presentations/Palo%20Alto%20%20and%20other%20VPN/PC-Push-GlobalProtect_MFA_Browser.mp4,b!MW22Pukebk6aWlrjbkWCK27cJOS0bM9OhUq0QE7-doKh1nVGqaB-SKHlnIF7W6dj,01X5UIHT3P2O57JAFUXVB2CFODBIKJS4BN
sales,Presentations/Technical Solutions Presentations/Palo Alto  and other VPN,PC-Push-GlobalProtect_MFA_Client.mp4,mp4,4.29,2021-07-16,2021-07-16,BALABHARATHY,Deck; Sales,Deck,,,,active,no,not a document,https://propalmsnetwork.sharepoint.com/sites/Company/Shared%20Documents/Sales/Sales%20Collateral/Presentations/Technical%20Solutions%20Presentations/Palo%20Alto%20%20and%20other%20VPN/PC-Push-GlobalProtect_MFA_Client.mp4,b!MW22Pukebk6aWlrjbkWCK27cJOS0bM9OhUq0QE7-doKh1nVGqaB-SKHlnIF7W6dj,01X5UIHT2AKPLV6AZTCFB3RMX6KVCFE5LM
sales,Presentations/Technical Solutions Presentations/Palo Alto  and other VPN,PaloAlto-GP-MFA.mp4,mp4,1.53,2021-07-16,2021-07-16,BALABHARATHY,Deck; MFA; Sales,Deck,,MFA,,active,no,not a document,https://propalmsnetwork.sharepoint.com/sites/Company/Shared%20Documents/Sales/Sales%20Collateral/Presentations/Technical%20Solutions%20Presentations/Palo%20Alto%20%20and%20other%20VPN/PaloAlto-GP-MFA.mp4,b!MW22Pukebk6aWlrjbkWCK27cJOS0bM9OhUq0QE7-doKh1nVGqaB-SKHlnIF7W6dj,01X5UIHT74XXGIDJW3YZH2HLUSHMYKZFMC
sales,Presentations/Technical Solutions Presentations/Secure Computing Architecture,Accops - Secure Computing Architectures -v04.pdf,pdf,0.45,2021-07-16,2021-07-16,BALABHARATHY,Deck; Sales,Deck,,,,active,yes,,https://propalmsnetwork.sharepoint.com/sites/Company/Shared%20Documents/Sales/Sales%20Collateral/Presentations/Technical%20Solutions%20Presentations/Secure%20Computing%20Architecture/Accops%20-%20Secure%20Computing%20Architectures%20-v04.pdf,b!MW22Pukebk6aWlrjbkWCK27cJOS0bM9OhUq0QE7-doKh1nVGqaB-SKHlnIF7W6dj,01X5UIHTZPAGWHR5RMLRBI6M65BYKYDTGM
sales,Presentations/Technical Solutions Presentations/Secure Computing Architecture,Accops - Secure Computing Architectures -v04.pptx,pptx,0.8,2021-07-16,2021-07-16,BALABHARATHY,Deck; Sales,Deck,,,,active,yes,,https://propalmsnetwork.sharepoint.com/sites/Company/_layouts/15/Doc.aspx?sourcedoc=%7BEB15C8DD-AB31-45B9-8C48-69C42A6DC0B2%7D&file=Accops%20-%20Secure%20Computing%20Architectures%20-v04.pptx&action=edit&mobileredirect=true,b!MW22Pukebk6aWlrjbkWCK27cJOS0bM9OhUq0QE7-doKh1nVGqaB-SKHlnIF7W6dj,01X5UIHT65ZAK6WMNLXFCYYSDJYQVG3QFS
sales,Presentations/Technical Solutions Presentations/Security,Accops - Solution for Security- All Use Cases.pptx,pptx,2.88,2021-07-16,2021-07-16,BALABHARATHY,Deck; Sales,Deck,,,,active,yes,,https://propalmsnetwork.sharepoint.com/sites/Company/_layouts/15/Doc.aspx?sourcedoc=%7B294552A2-745C-4B5E-B04A-47E8743013C5%7D&file=Accops%20-%20Solution%20for%20Security-%20All%20Use%20Cases.pptx&action=edit&mobileredirect=true,b!MW22Pukebk6aWlrjbkWCK27cJOS0bM9OhUq0QE7-doKh1nVGqaB-SKHlnIF7W6dj,01X5UIHT5CKJCSSXDULZF3ASSH5B2DAE6F
sales,Presentations/Technical Solutions Presentations/VDI,Accops - Technical Solutions - Overcoming VDI Security Issues.pdf,pdf,1.82,2021-07-16,2021-07-16,BALABHARATHY,Deck; VDI; Sales,Deck,,VDI,,active,yes,,https://propalmsnetwork.sharepoint.com/sites/Company/Shared%20Documents/Sales/Sales%20Collateral/Presentations/Technical%20Solutions%20Presentations/VDI/Accops%20-%20Technical%20Solutions%20-%20Overcoming%20VDI%20Security%20Issues.pdf,b!MW22Pukebk6aWlrjbkWCK27cJOS0bM9OhUq0QE7-doKh1nVGqaB-SKHlnIF7W6dj,01X5UIHT734KDWQDC45VBJ3662VGMWA7HF
sales,Presentations/Technical Solutions Presentations/VDI,Accops - Technical Solutions - Overcoming VDI Security Issues.pptx,pptx,2.3,2021-07-16,2021-07-16,BALABHARATHY,Deck; VDI; Sales,Deck,,VDI,,active,yes,,https://propalmsnetwork.sharepoint.com/sites/Company/_layouts/15/Doc.aspx?sourcedoc=%7B010D9CAA-6CF6-4794-814E-52CC255CD72C%7D&file=Accops%20-%20Technical%20Solutions%20-%20Overcoming%20VDI%20Security%20Issues.pptx&action=edit&mobileredirect=true,b!MW22Pukebk6aWlrjbkWCK27cJOS0bM9OhUq0QE7-doKh1nVGqaB-SKHlnIF7W6dj,01X5UIHT5KTQGQD5TMSRDYCTSSZQSVZVZM
sales,Presentations/Technical Solutions Presentations/VDI,Accops - Technical Solutions - Why VDI for WFH.pdf,pdf,3.51,2021-07-16,2021-07-16,BALABHARATHY,Deck; VDI; Sales,Deck,,VDI,,active,yes,,https://propalmsnetwork.sharepoint.com/sites/Company/Shared%20Documents/Sales/Sales%20Collateral/Presentations/Technical%20Solutions%20Presentations/VDI/Accops%20-%20Technical%20Solutions%20-%20Why%20VDI%20for%20WFH.pdf,b!MW22Pukebk6aWlrjbkWCK27cJOS0bM9OhUq0QE7-doKh1nVGqaB-SKHlnIF7W6dj,01X5UIHTYY64XVLKAWP5GLWGETVZ2R6NPY
sales,Presentations/Technical Solutions Presentations/VDI,Accops - Technical Solutions - Why VDI for WFH.pptx,pptx,9.85,2021-07-16,2021-07-16,BALABHARATHY,Deck; VDI; Sales,Deck,,VDI,,active,yes,,https://propalmsnetwork.sharepoint.com/sites/Company/_layouts/15/Doc.aspx?sourcedoc=%7B836B0DF7-4AA5-439A-9398-737DF59F722C%7D&file=Accops%20-%20Technical%20Solutions%20-%20Why%20VDI%20for%20WFH.pptx&action=edit&mobileredirect=true,b!MW22Pukebk6aWlrjbkWCK27cJOS0bM9OhUq0QE7-doKh1nVGqaB-SKHlnIF7W6dj,01X5UIHT7XBVVYHJKKTJBZHGDTPX2Z64RM
sales,Presentations/Technical Solutions Presentations/VDI,Accops - Technical Solutions - Why VDI.pdf,pdf,3.4,2021-07-16,2021-07-16,BALABHARATHY,Deck; VDI; Sales,Deck,,VDI,,active,yes,,https://propalmsnetwork.sharepoint.com/sites/Company/Shared%20Documents/Sales/Sales%20Collateral/Presentations/Technical%20Solutions%20Presentations/VDI/Accops%20-%20Technical%20Solutions%20-%20Why%20VDI.pdf,b!MW22Pukebk6aWlrjbkWCK27cJOS0bM9OhUq0QE7-doKh1nVGqaB-SKHlnIF7W6dj,01X5UIHTYWDP7NH7UFW5ALJJNE56DYZ7CY
sales,Presentations/Technical Solutions Presentations/VDI,Accops - VDI Architecture - Comparison.pptx,pptx,0.41,2021-07-16,2021-07-16,BALABHARATHY,Deck; Competitive; VDI; Sales,Deck; Competitive,,VDI,,active,yes,,https://propalmsnetwork.sharepoint.com/sites/Company/_layouts/15/Doc.aspx?sourcedoc=%7BF1E187E0-4218-4E58-8F02-B9735319089A%7D&file=Accops%20-%20VDI%20Architecture%20-%20Comparison.pptx&action=edit&mobileredirect=true,b!MW22Pukebk6aWlrjbkWCK27cJOS0bM9OhUq0QE7-doKh1nVGqaB-SKHlnIF7W6dj,01X5UIHT7AQ7Q7CGCCLBHI6AVZONJRSCE2
sales,Presentations/Technical Solutions Presentations/VDI,Accops-VDI-Benefits-2-DRAFT.pptx,pptx,7.11,2022-09-07,2022-09-07,Vijender Yadav,Deck; VDI; Sales,Deck,,VDI,,active,yes,,https://propalmsnetwork.sharepoint.com/sites/Company/_layouts/15/Doc.aspx?sourcedoc=%7B365E7D81-35C3-4B6C-99B7-9E9AFBC88AA9%7D&file=Accops-VDI-Benefits-2-DRAFT.pptx&action=edit&mobileredirect=true,b!MW22Pukebk6aWlrjbkWCK27cJOS0bM9OhUq0QE7-doKh1nVGqaB-SKHlnIF7W6dj,01X5UIHT4BPVPDNQZVNRFZTN46TL54RCVJ
sales,Presentations/Technical Solutions Presentations/VDI,Accops-VDI-Benefits-DRAFT.pptx,pptx,8.84,2022-09-07,2022-08-09,Vijender Yadav,Deck; VDI; Sales,Deck,,VDI,,active,yes,,https://propalmsnetwork.sharepoint.com/sites/Company/_layouts/15/Doc.aspx?sourcedoc=%7B6C4DB798-FD69-42DD-8208-49E006B658FA%7D&file=Accops-VDI-Benefits-DRAFT.pptx&action=edit&mobileredirect=true,b!MW22Pukebk6aWlrjbkWCK27cJOS0bM9OhUq0QE7-doKh1nVGqaB-SKHlnIF7W6dj,01X5UIHT4YW5GWY2P53VBIECCJ4ADLMWH2
sales,Presentations/Technical Solutions Presentations/VDI,Understanding different VDIs.pptx,pptx,2.2,2023-06-11,2023-06-11,Vijender Yadav,Deck; VDI; Sales,Deck,,VDI,,active,yes,,https://propalmsnetwork.sharepoint.com/sites/Company/_layouts/15/Doc.aspx?sourcedoc=%7BABC8FF5C-E3C7-47BE-8AD7-0A9ADA9112AD%7D&file=Understanding%20different%20VDIs.pptx&action=edit&mobileredirect=true,b!MW22Pukebk6aWlrjbkWCK27cJOS0bM9OhUq0QE7-doKh1nVGqaB-SKHlnIF7W6dj,01X5UIHT2477EKXR7DXZDYVVYKTLNJCEVN
sales,Presentations/Technical Solutions Presentations/Vendor Access,Internal-MFA for Legacy Apps for Vendors.pptx,pptx,0.98,2023-01-30,2023-06-09,Vijender Yadav,Deck; MFA; Sales,Deck,,MFA,,active,yes,,https://propalmsnetwork.sharepoint.com/sites/Company/_layouts/15/Doc.aspx?sourcedoc=%7B178D2F97-3936-41D4-8174-029106934A81%7D&file=Internal-MFA%20for%20Legacy%20Apps%20for%20Vendors.pptx&action=edit&mobileredirect=true,b!MW22Pukebk6aWlrjbkWCK27cJOS0bM9OhUq0QE7-doKh1nVGqaB-SKHlnIF7W6dj,01X5UIHT4XF6GRONRZ2RAYC5ACSEDJGSUB
sales,Presentations/Technical Solutions Presentations/Vendor Access,MFA for Legacy Apps for Vendors.pptx,pptx,0.94,2023-01-30,2023-03-17,SANDIP MALLIK,Deck; MFA; Sales,Deck,,MFA,,active,yes,,https://propalmsnetwork.sharepoint.com/sites/Company/_layouts/15/Doc.aspx?sourcedoc=%7B90DFF3F7-2127-4CC2-B3B8-51301A55BD6C%7D&file=MFA%20for%20Legacy%20Apps%20for%20Vendors.pptx&action=edit&mobileredirect=true,b!MW22Pukebk6aWlrjbkWCK27cJOS0bM9OhUq0QE7-doKh1nVGqaB-SKHlnIF7W6dj,01X5UIHT7X6PPZAJZBYJGLHOCRGANFLPLM
sales,Presentations/Technical Solutions Presentations/Virtual Labs,Applying Virtualization to Training Lab.pptx,pptx,1.07,2023-01-07,2023-01-07,Vijender Yadav,Deck; Sales,Deck,,,,active,yes,,https://propalmsnetwork.sharepoint.com/sites/Company/_layouts/15/Doc.aspx?sourcedoc=%7B2EB9F3D7-023D-4E7F-B730-343957F71167%7D&file=Applying%20Virtualization%20to%20Training%20Lab.pptx&action=edit&mobileredirect=true,b!MW22Pukebk6aWlrjbkWCK27cJOS0bM9OhUq0QE7-doKh1nVGqaB-SKHlnIF7W6dj,01X5UIHT6X6O4S4PICP5HLOMBUHFL7OELH
sales,Presentations/Technical Solutions Presentations/Work from home,62CD8C57.tmp,tmp,1.79,2021-07-16,2021-07-16,BALABHARATHY,Deck; Sales,Deck,,,,active,no,not a document,https://propalmsnetwork.sharepoint.com/sites/Company/Shared%20Documents/Sales/Sales%20Collateral/Presentations/Technical%20Solutions%20Presentations/Work%20from%20home/62CD8C57.tmp,b!MW22Pukebk6aWlrjbkWCK27cJOS0bM9OhUq0QE7-doKh1nVGqaB-SKHlnIF7W6dj,01X5UIHT45I7OHJPRJQNHIKBEMFB5JMTN3
sales,Presentations/Technical Solutions Presentations/Work from home,Accops - Digital Workspace for WFH.docx,docx,0.03,2021-07-16,2021-07-16,BALABHARATHY,Deck; Sales,Deck,,,,active,yes,,https://propalmsnetwork.sharepoint.com/sites/Company/_layouts/15/Doc.aspx?sourcedoc=%7B341304A6-FD4C-4764-A8C6-65EFD3217C9C%7D&file=Accops%20-%20Digital%20Workspace%20for%20WFH.docx&action=default&mobileredirect=true,b!MW22Pukebk6aWlrjbkWCK27cJOS0bM9OhUq0QE7-doKh1nVGqaB-SKHlnIF7W6dj,01X5UIHT5GAQJTITH5MRD2RRTF57JSC7E4
sales,Presentations/Technical Solutions Presentations/Work from home,Accops - Technical Solution - VDI for WFH.pdf,pdf,3.51,2021-07-16,2021-07-16,BALABHARATHY,Deck; VDI; Sales,Deck,,VDI,,active,yes,,https://propalmsnetwork.sharepoint.com/sites/Company/Shared%20Documents/Sales/Sales%20Collateral/Presentations/Technical%20Solutions%20Presentations/Work%20from%20home/Accops%20-%20Technical%20Solution%20-%20VDI%20for%20WFH.pdf,b!MW22Pukebk6aWlrjbkWCK27cJOS0bM9OhUq0QE7-doKh1nVGqaB-SKHlnIF7W6dj,01X5UIHT5GJX7RERMZGFAZNTTXHHHQRM4J
sales,Presentations/Technical Solutions Presentations/Work from home,Accops - Technical Solution - VDI for WFH.pptx,pptx,9.85,2021-07-16,2021-07-16,BALABHARATHY,Deck; VDI; Sales,Deck,,VDI,,active,yes,,https://propalmsnetwork.sharepoint.com/sites/Company/_layouts/15/Doc.aspx?sourcedoc=%7B2A56BB8E-2327-4394-96ED-77654819528A%7D&file=Accops%20-%20Technical%20Solution%20-%20VDI%20for%20WFH.pptx&action=edit&mobileredirect=true,b!MW22Pukebk6aWlrjbkWCK27cJOS0bM9OhUq0QE7-doKh1nVGqaB-SKHlnIF7W6dj,01X5UIHT4OXNLCUJZDSRBZN3LXMVEBSUUK
sales,Presentations/Technical Solutions Presentations/Work from home,Accops - Technical Solution - Work from Home Solution -v8.pdf,pdf,2.37,2021-07-16,2021-07-16,BALABHARATHY,Deck; Sales,Deck,,,,active,yes,,https://propalmsnetwork.sharepoint.com/sites/Company/Shared%20Documents/Sales/Sales%20Collateral/Presentations/Technical%20Solutions%20Presentations/Work%20from%20home/Accops%20-%20Technical%20Solution%20-%20Work%20from%20Home%20Solution%20-v8.pdf,b!MW22Pukebk6aWlrjbkWCK27cJOS0bM9OhUq0QE7-doKh1nVGqaB-SKHlnIF7W6dj,01X5UIHT5YFMTHLKV5FBHJ5ELEHHNP5G7E
sales,Presentations/Technical Solutions Presentations/Work from home,Accops - Technical Solution - Work from Home Solution -v8.pptx,pptx,5.04,2021-07-16,2023-06-04,Vijender Yadav,Deck; Sales,Deck,,,,active,yes,,https://propalmsnetwork.sharepoint.com/sites/Company/_layouts/15/Doc.aspx?sourcedoc=%7BC052CA0E-9838-411A-BBE5-7B4345477816%7D&file=Accops%20-%20Technical%20Solution%20-%20Work%20from%20Home%20Solution%20-v8.pptx&action=edit&mobileredirect=true,b!MW22Pukebk6aWlrjbkWCK27cJOS0bM9OhUq0QE7-doKh1nVGqaB-SKHlnIF7W6dj,01X5UIHTYOZJJMAOEYDJA3XZL3INCUO6AW
sales,Presentations/Technical Solutions Presentations/Work from home,Accops - Technical Solution - Work from Home Solution -v9.pdf,pdf,3.01,2022-04-18,2022-04-18,Vijender Yadav,Deck; Sales,Deck,,,,active,yes,,https://propalmsnetwork.sharepoint.com/sites/Company/Shared%20Documents/Sales/Sales%20Collateral/Presentations/Technical%20Solutions%20Presentations/Work%20from%20home/Accops%20-%20Technical%20Solution%20-%20Work%20from%20Home%20Solution%20-v9.pdf,b!MW22Pukebk6aWlrjbkWCK27cJOS0bM9OhUq0QE7-doKh1nVGqaB-SKHlnIF7W6dj,01X5UIHT2QDW2RI7DPERE33PQKWER3M4UL
sales,Presentations/Technical Solutions Presentations/Zero Trust,Accops-Zero-Trust-Access-AllApps.pdf,pdf,3.59,2023-05-26,2023-05-26,Vijender Yadav,Deck; Sales,Deck,,,,active,yes,,https://propalmsnetwork.sharepoint.com/sites/Company/Shared%20Documents/Sales/Sales%20Collateral/Presentations/Technical%20Solutions%20Presentations/Zero%20Trust/Accops-Zero-Trust-Access-AllApps.pdf,b!MW22Pukebk6aWlrjbkWCK27cJOS0bM9OhUq0QE7-doKh1nVGqaB-SKHlnIF7W6dj,01X5UIHTZS4562TLDHYRA2Y7EOKJ67JAON
sales,Presentations/Technical Solutions Presentations/Zero Trust,Accops-Zero-Trust-Access-AllApps.pptx,pptx,9.7,2023-05-24,2023-06-07,Lakshya Nangru,Deck; Sales,Deck,,,,active,yes,,https://propalmsnetwork.sharepoint.com/sites/Company/_layouts/15/Doc.aspx?sourcedoc=%7B5A5C1BFC-BCE3-4EE7-9D09-8D94CF37DD77%7D&file=Accops-Zero-Trust-Access-AllApps.pptx&action=edit&mobileredirect=true,b!MW22Pukebk6aWlrjbkWCK27cJOS0bM9OhUq0QE7-doKh1nVGqaB-SKHlnIF7W6dj,01X5UIHT74DNOFVY5445HJ2CMNSTHTPXLX
sales,Presentations/Technical Solutions Presentations/Zero Trust,Accops-Zero-Trust-Access-Gateway.pdf,pdf,2.85,2022-04-06,2022-04-06,Vijender Yadav,Deck; Sales,Deck,,,,active,yes,,https://propalmsnetwork.sharepoint.com/sites/Company/Shared%20Documents/Sales/Sales%20Collateral/Presentations/Technical%20Solutions%20Presentations/Zero%20Trust/Accops-Zero-Trust-Access-Gateway.pdf,b!MW22Pukebk6aWlrjbkWCK27cJOS0bM9OhUq0QE7-doKh1nVGqaB-SKHlnIF7W6dj,01X5UIHTYOZ2LFGOLALZE3D3ES4BBA3LCH
sales,Presentations/Technical Solutions Presentations/Zero Trust,Accops-Zero-Trust-Access-Gateway.pptx,pptx,4.29,2022-04-06,2022-04-28,Vijender Yadav,Deck; Sales,Deck,,,,active,yes,,https://propalmsnetwork.sharepoint.com/sites/Company/_layouts/15/Doc.aspx?sourcedoc=%7BCC8CA589-7077-431C-998D-4CB73D49F5A0%7D&file=Accops-Zero-Trust-Access-Gateway.pptx&action=edit&mobileredirect=true,b!MW22Pukebk6aWlrjbkWCK27cJOS0bM9OhUq0QE7-doKh1nVGqaB-SKHlnIF7W6dj,01X5UIHT4JUWGMY53QDRBZTDKMW46UT5NA
sales,Presentations/Technical Solutions Presentations/Zero Trust,DRAFT-Accops - Technical Solution - Zero Trust Network-v3.pptx,pptx,3.17,2021-07-16,2021-07-16,Vijender Yadav,Deck; Sales; Archived,Deck,,,,archived,no,archive/draft folder,https://propalmsnetwork.sharepoint.com/sites/Company/_layouts/15/Doc.aspx?sourcedoc=%7BF921369B-18DB-4741-8F40-19BF72E881E2%7D&file=DRAFT-Accops%20-%20Technical%20Solution%20-%20Zero%20Trust%20Network-v3.pptx&action=edit&mobileredirect=true,b!MW22Pukebk6aWlrjbkWCK27cJOS0bM9OhUq0QE7-doKh1nVGqaB-SKHlnIF7W6dj,01X5UIHT43GYQ7TWYYIFDY6QAZX5ZORAPC
sales,Presentations/Technical Solutions Presentations/o365,Accops - Technical Solution - for o365-v1.pptx,pptx,3.48,2021-07-16,2021-07-16,BALABHARATHY,Deck; Sales,Deck,,,,active,yes,,https://propalmsnetwork.sharepoint.com/sites/Company/_layouts/15/Doc.aspx?sourcedoc=%7BC7B506F2-C94C-4D77-9676-C496F03AE5B4%7D&file=Accops%20-%20Technical%20Solution%20-%20for%20o365-v1.pptx&action=edit&mobileredirect=true,b!MW22Pukebk6aWlrjbkWCK27cJOS0bM9OhUq0QE7-doKh1nVGqaB-SKHlnIF7W6dj,01X5UIHT7SA224OTGJO5GZM5WES3YDVZNU
sales,Presentations/Technical Solutions Presentations/o365,Accops-Sample-O365-new.docx,docx,0.44,2021-07-16,2021-07-16,BALABHARATHY,Deck; Sales,Deck,,,,active,yes,,https://propalmsnetwork.sharepoint.com/sites/Company/_layouts/15/Doc.aspx?sourcedoc=%7BA239AB05-6C65-4B44-AB54-22CED3777DA5%7D&file=Accops-Sample-O365-new.docx&action=default&mobileredirect=true,b!MW22Pukebk6aWlrjbkWCK27cJOS0bM9OhUq0QE7-doKh1nVGqaB-SKHlnIF7W6dj,01X5UIHTYFVM42EZLMIRF2WVBCZ3JXO7NF
sales,Product Editions,Accops Product Editions 2025.V2.October.pdf,pdf,1.46,2025-10-29,2025-10-29,SANDIP MALLIK,Product Info; Sales,Product Info,,,,active,yes,,https://propalmsnetwork.sharepoint.com/sites/Company/Shared%20Documents/Sales/Sales%20Collateral/Product%20Editions/Accops%20Product%20Editions%202025.V2.October.pdf,b!MW22Pukebk6aWlrjbkWCK27cJOS0bM9OhUq0QE7-doKh1nVGqaB-SKHlnIF7W6dj,01X5UIHT5AF2UV6RJBZREKMPV6AV2LKNG7
sales,Product Editions,Accops Product Editions 2026.pdf,pdf,0.54,2026-07-07,2026-07-07,Samhita TV,Product Info; Sales,Product Info,,,,active,yes,,https://propalmsnetwork.sharepoint.com/sites/Company/Shared%20Documents/Sales/Sales%20Collateral/Product%20Editions/Accops%20Product%20Editions%202026.pdf,b!MW22Pukebk6aWlrjbkWCK27cJOS0bM9OhUq0QE7-doKh1nVGqaB-SKHlnIF7W6dj,01X5UIHT3ZAJMUUF746RA2NE32GOSZDM2Y
sales,Roadshows/MEA/Egypt,BOTS Slot - 1-pages-1-compressed.pdf,pdf,18.73,2025-12-12,2025-12-12,SANDIP MALLIK,Event; Sales,Event,,,,active,yes,,https://propalmsnetwork.sharepoint.com/sites/Company/Shared%20Documents/Sales/Sales%20Collateral/Roadshows/MEA/Egypt/BOTS%20Slot%20-%201-pages-1-compressed.pdf,b!MW22Pukebk6aWlrjbkWCK27cJOS0bM9OhUq0QE7-doKh1nVGqaB-SKHlnIF7W6dj,01X5UIHTYETTBK2AJYMFALCTXKGIGMOLZO
sales,Roadshows/MEA/Egypt,BOTS Slot - 2-compressed.pdf,pdf,20.28,2025-12-12,2025-12-12,SANDIP MALLIK,Event; Sales,Event,,,,active,yes,,https://propalmsnetwork.sharepoint.com/sites/Company/Shared%20Documents/Sales/Sales%20Collateral/Roadshows/MEA/Egypt/BOTS%20Slot%20-%202-compressed.pdf,b!MW22Pukebk6aWlrjbkWCK27cJOS0bM9OhUq0QE7-doKh1nVGqaB-SKHlnIF7W6dj,01X5UIHTZU4MX74AQD5RAKKROOYTUAE2RJ
sales,Roadshows/MEA/Egypt,BOTS Slot - 3.pdf,pdf,20.75,2025-12-12,2025-12-12,SANDIP MALLIK,Event; Sales,Event,,,,active,yes,,https://propalmsnetwork.sharepoint.com/sites/Company/Shared%20Documents/Sales/Sales%20Collateral/Roadshows/MEA/Egypt/BOTS%20Slot%20-%203.pdf,b!MW22Pukebk6aWlrjbkWCK27cJOS0bM9OhUq0QE7-doKh1nVGqaB-SKHlnIF7W6dj,01X5UIHT4OQTYZYLC5IZF2QGYZKZQBG4QH
sales,Roadshows/MEA/Egypt,BOTS Slot - 4.pdf,pdf,20.12,2025-12-12,2025-12-12,SANDIP MALLIK,Event; Sales,Event,,,,active,yes,,https://propalmsnetwork.sharepoint.com/sites/Company/Shared%20Documents/Sales/Sales%20Collateral/Roadshows/MEA/Egypt/BOTS%20Slot%20-%204.pdf,b!MW22Pukebk6aWlrjbkWCK27cJOS0bM9OhUq0QE7-doKh1nVGqaB-SKHlnIF7W6dj,01X5UIHT7FCJJNWZXPUVFKKYLS7CTGJ54N
sales,Roadshows/MEA/Egypt,BOTS Slot - 5.pdf,pdf,11.86,2025-12-12,2025-12-12,SANDIP MALLIK,Event; Sales,Event,,,,active,yes,,https://propalmsnetwork.sharepoint.com/sites/Company/Shared%20Documents/Sales/Sales%20Collateral/Roadshows/MEA/Egypt/BOTS%20Slot%20-%205.pdf,b!MW22Pukebk6aWlrjbkWCK27cJOS0bM9OhUq0QE7-doKh1nVGqaB-SKHlnIF7W6dj,01X5UIHT5FS37DVP3PUFAYCKLHPFPKSEMZ
sales,Tech Solution Documents,Accops_Spectra_HySecure_BYOD_Solution_Brief.docx,docx,0.07,2026-08-09,2026-08-09,Vijender Yadav,Solution Brief; HySecure; Sales,Solution Brief,,HySecure,,active,yes,,https://propalmsnetwork.sharepoint.com/sites/Company/_layouts/15/Doc.aspx?sourcedoc=%7B817E24AD-840C-45C2-A278-F65A9B686F99%7D&file=Accops_Spectra_HySecure_BYOD_Solution_Brief.docx&action=default&mobileredirect=true,b!MW22Pukebk6aWlrjbkWCK27cJOS0bM9OhUq0QE7-doKh1nVGqaB-SKHlnIF7W6dj,01X5UIHT5NER7ICDEEYJC2E6HWLKNWQ34Z
sales,Tech Solution Documents,Accops_Spectra_HySecure_BYOD_Solution_Brief.pdf,pdf,0.29,2026-08-09,2026-08-09,Vijender Yadav,Solution Brief; HySecure; Sales,Solution Brief,,HySecure,,active,yes,,https://propalmsnetwork.sharepoint.com/sites/Company/Shared%20Documents/Sales/Sales%20Collateral/Tech%20Solution%20Documents/Accops_Spectra_HySecure_BYOD_Solution_Brief.pdf,b!MW22Pukebk6aWlrjbkWCK27cJOS0bM9OhUq0QE7-doKh1nVGqaB-SKHlnIF7W6dj,01X5UIHT3YJDVDUCZPLRHKA5XP4WAJTACZ
sales,Tech Solution Documents,Accops_ZTNA_Vajra_BPM_SolutionBrief.docx,docx,0.04,2026-08-09,2026-08-09,Vijender Yadav,Solution Brief; Sales,Solution Brief,,,,active,yes,,https://propalmsnetwork.sharepoint.com/sites/Company/_layouts/15/Doc.aspx?sourcedoc=%7B1F3D6CD8-C0D0-42C8-AF93-6063321F47D2%7D&file=Accops_ZTNA_Vajra_BPM_SolutionBrief.docx&action=default&mobileredirect=true,b!MW22Pukebk6aWlrjbkWCK27cJOS0bM9OhUq0QE7-doKh1nVGqaB-SKHlnIF7W6dj,01X5UIHT6YNQ6R7UGAZBBK7E3AMMZB6R6S
sales,Tech Solution Documents,Accops_ZTNA_Vajra_BPM_SolutionBrief.pdf,pdf,0.23,2026-08-09,2026-08-09,Vijender Yadav,Solution Brief; Sales,Solution Brief,,,,active,yes,,https://propalmsnetwork.sharepoint.com/sites/Company/Shared%20Documents/Sales/Sales%20Collateral/Tech%20Solution%20Documents/Accops_ZTNA_Vajra_BPM_SolutionBrief.pdf,b!MW22Pukebk6aWlrjbkWCK27cJOS0bM9OhUq0QE7-doKh1nVGqaB-SKHlnIF7W6dj,01X5UIHT2DZPNOPCPDMBFKMCL5XAKO6XXM
sales,Videos,"Accops Case studies -Goutam Dutta -CIO, Bajaj Allianz.mp4",mp4,56.85,2022-02-18,2022-02-18,SANDIP MALLIK,Video; Case Study; Sales,Video; Case Study,,,,active,no,not a document,"https://propalmsnetwork.sharepoint.com/sites/Company/Shared%20Documents/Sales/Sales%20Collateral/Videos/Accops%20Case%20studies%20-Goutam%20Dutta%20-CIO,%20Bajaj%20Allianz.mp4",b!MW22Pukebk6aWlrjbkWCK27cJOS0bM9OhUq0QE7-doKh1nVGqaB-SKHlnIF7W6dj,01X5UIHTZWY6JQ7LSGLBHZFCSDFH7WCJKB
sales,Videos,"Accops Case studies -Kapil Sharma -CEO, FiveS Digital.mp4",mp4,56.11,2022-02-18,2022-02-18,SANDIP MALLIK,Video; Case Study; Sales,Video; Case Study,,,,active,no,not a document,"https://propalmsnetwork.sharepoint.com/sites/Company/Shared%20Documents/Sales/Sales%20Collateral/Videos/Accops%20Case%20studies%20-Kapil%20Sharma%20-CEO,%20FiveS%20Digital.mp4",b!MW22Pukebk6aWlrjbkWCK27cJOS0bM9OhUq0QE7-doKh1nVGqaB-SKHlnIF7W6dj,01X5UIHTZI6PBKLI2IHFFIU77KMM3CCP4N
sales,Videos,"Accops Case studies -Sunil Peter -CISO, Maveric Systems.mp4",mp4,58.27,2022-02-18,2022-02-18,SANDIP MALLIK,Video; Case Study; Certification; Sales,Video; Case Study; Certification,,,,active,no,not a document,"https://propalmsnetwork.sharepoint.com/sites/Company/Shared%20Documents/Sales/Sales%20Collateral/Videos/Accops%20Case%20studies%20-Sunil%20Peter%20-CISO,%20Maveric%20Systems.mp4",b!MW22Pukebk6aWlrjbkWCK27cJOS0bM9OhUq0QE7-doKh1nVGqaB-SKHlnIF7W6dj,01X5UIHT23PBKT3HK5SRH2ZPGS4UXCZV2K
sales,Videos,Accops VDI Final v5.mp4,mp4,50.44,2025-04-30,2025-04-15,SANDIP MALLIK,Video; VDI; Sales,Video,,VDI,,active,no,not a document,https://propalmsnetwork.sharepoint.com/sites/Company/Shared%20Documents/Sales/Sales%20Collateral/Videos/Accops%20VDI%20Final%20v5.mp4,b!MW22Pukebk6aWlrjbkWCK27cJOS0bM9OhUq0QE7-doKh1nVGqaB-SKHlnIF7W6dj,01X5UIHT6PZ3RWOBQUQJD2FFMAJBY4HWQK
sales,Videos,Accops Video Made In Bharat.mp4,mp4,72.3,2025-04-30,2025-04-30,SANDIP MALLIK,Video; Sales,Video,,,,active,no,not a document,https://propalmsnetwork.sharepoint.com/sites/Company/Shared%20Documents/Sales/Sales%20Collateral/Videos/Accops%20Video%20Made%20In%20Bharat.mp4,b!MW22Pukebk6aWlrjbkWCK27cJOS0bM9OhUq0QE7-doKh1nVGqaB-SKHlnIF7W6dj,01X5UIHTYWA6JO5274LNA2EPRNRLW55XYF
sales,Videos,Accops for Event.mp4,mp4,23.85,2023-09-06,2025-02-20,SANDIP MALLIK,Video; Event; Sales,Video; Event,,,,active,no,not a document,https://propalmsnetwork.sharepoint.com/sites/Company/Shared%20Documents/Sales/Sales%20Collateral/Videos/Accops%20for%20Event.mp4,b!MW22Pukebk6aWlrjbkWCK27cJOS0bM9OhUq0QE7-doKh1nVGqaB-SKHlnIF7W6dj,01X5UIHT322XH4B4R24RDIDZZ3FWOENKF4
sales,Videos,Gartner Fireside Chat.mp4,mp4,437.31,2022-02-18,2022-02-18,BALABHARATHY,Video; Analyst Report; Sales,Video; Analyst Report,,,,active,no,not a document,https://propalmsnetwork.sharepoint.com/sites/Company/Shared%20Documents/Sales/Sales%20Collateral/Videos/Gartner%20Fireside%20Chat.mp4,b!MW22Pukebk6aWlrjbkWCK27cJOS0bM9OhUq0QE7-doKh1nVGqaB-SKHlnIF7W6dj,01X5UIHT4A6V3CKLRETVCYFB23E522ZGG2
sales,Videos,The Story of Accops.mp4,mp4,168.8,2022-02-18,2022-02-18,SANDIP MALLIK,Video; Sales,Video,,,,active,no,not a document,https://propalmsnetwork.sharepoint.com/sites/Company/Shared%20Documents/Sales/Sales%20Collateral/Videos/The%20Story%20of%20Accops.mp4,b!MW22Pukebk6aWlrjbkWCK27cJOS0bM9OhUq0QE7-doKh1nVGqaB-SKHlnIF7W6dj,01X5UIHT3S4IHLRVAJP5HZMMNNBOZMH4Z7
sales,Videos/DO NOT USE,AccOps_ We exist to give customers the choice they deserve!.mp4,mp4,33.68,2022-07-01,2022-07-01,SANDIP MALLIK,Video; Sales; Archived,Video,,,,archived,no,archive/draft folder,https://propalmsnetwork.sharepoint.com/sites/Company/Shared%20Documents/Sales/Sales%20Collateral/Videos/DO%20NOT%20USE/AccOps_%20We%20exist%20to%20give%20customers%20the%20choice%20they%20deserve!.mp4,b!MW22Pukebk6aWlrjbkWCK27cJOS0bM9OhUq0QE7-doKh1nVGqaB-SKHlnIF7W6dj,01X5UIHTY27RDTT3GLT5AY7QUW6TROGH5T
sales,Videos/DO NOT USE,Accops Partner Awards 2021.mp4,mp4,1502.61,2022-02-18,2022-02-18,SANDIP MALLIK,Video; Sales; Archived,Video,,,,archived,no,archive/draft folder,https://propalmsnetwork.sharepoint.com/sites/Company/Shared%20Documents/Sales/Sales%20Collateral/Videos/DO%20NOT%20USE/Accops%20Partner%20Awards%202021.mp4,b!MW22Pukebk6aWlrjbkWCK27cJOS0bM9OhUq0QE7-doKh1nVGqaB-SKHlnIF7W6dj,01X5UIHT2XHP6GXLGVE5F3DFESHRFXMYXU
sales,Videos/DO NOT USE,Accops Story.zip,zip,178.68,2023-01-20,2023-01-20,SANDIP MALLIK,Video; Sales; Archived,Video,,,,archived,no,archive/draft folder,https://propalmsnetwork.sharepoint.com/sites/Company/Shared%20Documents/Sales/Sales%20Collateral/Videos/DO%20NOT%20USE/Accops%20Story.zip,b!MW22Pukebk6aWlrjbkWCK27cJOS0bM9OhUq0QE7-doKh1nVGqaB-SKHlnIF7W6dj,01X5UIHT6CUVGSDFD4HREJ32NIFIO5B5KT
sales,Videos/DO NOT USE,Accops Testimonials.zip,zip,349.26,2023-01-20,2023-01-20,SANDIP MALLIK,Video; Sales; Archived,Video,,,,archived,no,archive/draft folder,https://propalmsnetwork.sharepoint.com/sites/Company/Shared%20Documents/Sales/Sales%20Collateral/Videos/DO%20NOT%20USE/Accops%20Testimonials.zip,b!MW22Pukebk6aWlrjbkWCK27cJOS0bM9OhUq0QE7-doKh1nVGqaB-SKHlnIF7W6dj,01X5UIHT5YTXMPHP2G4BCKGOYQHELDG5TX
sales,Videos/DO NOT USE,Chennai Partner Final.mp4,mp4,26.92,2022-06-29,2022-06-24,SANDIP MALLIK,Video; Sales; Archived,Video,,,,archived,no,archive/draft folder,https://propalmsnetwork.sharepoint.com/sites/Company/Shared%20Documents/Sales/Sales%20Collateral/Videos/DO%20NOT%20USE/Chennai%20Partner%20Final.mp4,b!MW22Pukebk6aWlrjbkWCK27cJOS0bM9OhUq0QE7-doKh1nVGqaB-SKHlnIF7W6dj,01X5UIHT4WIHDKBQBWWFG2UTF5CRUYJHID
sales,Videos/DO NOT USE,accops_biz_team_outbound_highlights (1080p).mp4,mp4,116.16,2022-03-01,2022-03-01,SANDIP MALLIK,Video; Sales; Archived,Video,,,,archived,no,archive/draft folder,https://propalmsnetwork.sharepoint.com/sites/Company/Shared%20Documents/Sales/Sales%20Collateral/Videos/DO%20NOT%20USE/accops_biz_team_outbound_highlights%20(1080p).mp4,b!MW22Pukebk6aWlrjbkWCK27cJOS0bM9OhUq0QE7-doKh1nVGqaB-SKHlnIF7W6dj,01X5UIHTZ2ZU4IAWLZPZGL5XRRNUCYRRWU
sales,Videos/DO NOT USE,accops_in_45_seconds (1080p).mp4,mp4,10.56,2022-03-17,2022-03-17,SANDIP MALLIK,Video; Sales; Archived,Video,,,,archived,no,archive/draft folder,https://propalmsnetwork.sharepoint.com/sites/Company/Shared%20Documents/Sales/Sales%20Collateral/Videos/DO%20NOT%20USE/accops_in_45_seconds%20(1080p).mp4,b!MW22Pukebk6aWlrjbkWCK27cJOS0bM9OhUq0QE7-doKh1nVGqaB-SKHlnIF7W6dj,01X5UIHT3H2KEYQE72XNC2KBYZCFRAYA2G
sales,Videos/DO NOT USE,accops_partnerspeak (1080p).mp4,mp4,89.61,2022-03-02,2022-03-02,SANDIP MALLIK,Video; Sales; Archived,Video,,,,archived,no,archive/draft folder,https://propalmsnetwork.sharepoint.com/sites/Company/Shared%20Documents/Sales/Sales%20Collateral/Videos/DO%20NOT%20USE/accops_partnerspeak%20(1080p).mp4,b!MW22Pukebk6aWlrjbkWCK27cJOS0bM9OhUq0QE7-doKh1nVGqaB-SKHlnIF7W6dj,01X5UIHT4M6V3SLIQDGJAZCDQSRRZHW3RY
sales,Videos/DO NOT USE/Product Demos/Endooint Security,kiosk mode and face auth.mov,mov,189.4,2022-11-30,2022-09-24,Vijender Yadav,Video; Sales; Archived,Video,,,,archived,no,archive/draft folder,https://propalmsnetwork.sharepoint.com/sites/Company/Shared%20Documents/Sales/Sales%20Collateral/Videos/DO%20NOT%20USE/Product%20Demos/Endooint%20Security/kiosk%20mode%20and%20face%20auth.mov,b!MW22Pukebk6aWlrjbkWCK27cJOS0bM9OhUq0QE7-doKh1nVGqaB-SKHlnIF7W6dj,01X5UIHTY56JSM5PCPGVHYMMNQ4JX7PYJ7
sales,Videos/DO NOT USE/Product Demos/FIDO over VDI,VID20210929214532 (1).mp4,mp4,144.68,2022-11-30,2022-02-16,Vijender Yadav,Video; VDI; Sales; Archived,Video,,VDI,,archived,no,archive/draft folder,https://propalmsnetwork.sharepoint.com/sites/Company/Shared%20Documents/Sales/Sales%20Collateral/Videos/DO%20NOT%20USE/Product%20Demos/FIDO%20over%20VDI/VID20210929214532%20(1).mp4,b!MW22Pukebk6aWlrjbkWCK27cJOS0bM9OhUq0QE7-doKh1nVGqaB-SKHlnIF7W6dj,01X5UIHT4RU7ZLX5Y5MVALMAFVLDP4IKJB
sales,Videos/DO NOT USE/Product Demos/HyID in credential provider,hyid-credui10-no-otp.mp4,mp4,0.71,2022-11-30,2021-05-21,Vijender Yadav,Video; HyID; Sales; Archived,Video,,HyID,,archived,no,archive/draft folder,https://propalmsnetwork.sharepoint.com/sites/Company/Shared%20Documents/Sales/Sales%20Collateral/Videos/DO%20NOT%20USE/Product%20Demos/HyID%20in%20credential%20provider/hyid-credui10-no-otp.mp4,b!MW22Pukebk6aWlrjbkWCK27cJOS0bM9OhUq0QE7-doKh1nVGqaB-SKHlnIF7W6dj,01X5UIHTY5FY5QJESD2RHLYEUDEX5LGC37
sales,Videos/DO NOT USE/Product Demos/HyID in credential provider,hyid-credui10-otp.mp4,mp4,1.56,2022-11-30,2021-05-21,Vijender Yadav,Video; HyID; Sales; Archived,Video,,HyID,,archived,no,archive/draft folder,https://propalmsnetwork.sharepoint.com/sites/Company/Shared%20Documents/Sales/Sales%20Collateral/Videos/DO%20NOT%20USE/Product%20Demos/HyID%20in%20credential%20provider/hyid-credui10-otp.mp4,b!MW22Pukebk6aWlrjbkWCK27cJOS0bM9OhUq0QE7-doKh1nVGqaB-SKHlnIF7W6dj,01X5UIHTYOQXHXK7JVSZDLCGGFIKTKLGR7
sales,Videos/DO NOT USE/Product Demos/HyID in credential provider,hyid-credui7.mp4,mp4,1.76,2022-11-30,2021-05-21,Vijender Yadav,Video; HyID; Sales; Archived,Video,,HyID,,archived,no,archive/draft folder,https://propalmsnetwork.sharepoint.com/sites/Company/Shared%20Documents/Sales/Sales%20Collateral/Videos/DO%20NOT%20USE/Product%20Demos/HyID%20in%20credential%20provider/hyid-credui7.mp4,b!MW22Pukebk6aWlrjbkWCK27cJOS0bM9OhUq0QE7-doKh1nVGqaB-SKHlnIF7W6dj,01X5UIHTZOR6SH3CJQUBBZ2PYNTFGB7V2L
sales,Videos/DO NOT USE/Product Demos/HyID-Clientless-legacy-apps,Clientless-access-MFA-web-app.mp4,mp4,1.3,2022-11-30,2022-09-21,Vijender Yadav,Video; HyID; MFA; Sales; Archived,Video,,HyID; MFA,,archived,no,archive/draft folder,https://propalmsnetwork.sharepoint.com/sites/Company/Shared%20Documents/Sales/Sales%20Collateral/Videos/DO%20NOT%20USE/Product%20Demos/HyID-Clientless-legacy-apps/Clientless-access-MFA-web-app.mp4,b!MW22Pukebk6aWlrjbkWCK27cJOS0bM9OhUq0QE7-doKh1nVGqaB-SKHlnIF7W6dj,01X5UIHT4PI4QGLF3EUFDLWCQPUIMSNBY3
sales,Videos/DO NOT USE/Product Demos/HyID-for-VPN,PC-Push-GlobalProtect_MFA_Client.mp4,mp4,4.29,2022-11-30,2019-12-26,Vijender Yadav,Video; HyID; Sales; Archived,Video,,HyID,,archived,no,archive/draft folder,https://propalmsnetwork.sharepoint.com/sites/Company/Shared%20Documents/Sales/Sales%20Collateral/Videos/DO%20NOT%20USE/Product%20Demos/HyID-for-VPN/PC-Push-GlobalProtect_MFA_Client.mp4,b!MW22Pukebk6aWlrjbkWCK27cJOS0bM9OhUq0QE7-doKh1nVGqaB-SKHlnIF7W6dj,01X5UIHT2DLCWM7TBTIFHLFEMMMGDP6XM7
sales,Videos/DO NOT USE/Product Demos/HyID-for-VPN,PCPush-GlobalProtect_MFA_Browser.mp4,mp4,2.27,2022-11-30,2019-12-26,Vijender Yadav,Video; HyID; Sales; Archived,Video,,HyID,,archived,no,archive/draft folder,https://propalmsnetwork.sharepoint.com/sites/Company/Shared%20Documents/Sales/Sales%20Collateral/Videos/DO%20NOT%20USE/Product%20Demos/HyID-for-VPN/PCPush-GlobalProtect_MFA_Browser.mp4,b!MW22Pukebk6aWlrjbkWCK27cJOS0bM9OhUq0QE7-doKh1nVGqaB-SKHlnIF7W6dj,01X5UIHT3B4PKFDDTX45CY6YLUM34NPRTK
sales,Videos/DO NOT USE/Product Demos/HyID-for-VPN,PaloAlto-GP-MFA.mp4,mp4,1.53,2022-11-30,2020-08-26,Vijender Yadav,Video; HyID; MFA; Sales; Archived,Video,,HyID; MFA,,archived,no,archive/draft folder,https://propalmsnetwork.sharepoint.com/sites/Company/Shared%20Documents/Sales/Sales%20Collateral/Videos/DO%20NOT%20USE/Product%20Demos/HyID-for-VPN/PaloAlto-GP-MFA.mp4,b!MW22Pukebk6aWlrjbkWCK27cJOS0bM9OhUq0QE7-doKh1nVGqaB-SKHlnIF7W6dj,01X5UIHT2MGMN2WYTENFDKSTUEPHDTKVB4
sales,Videos/DO NOT USE/Product Demos/Nano OS,Accops Nano v2.mp4,mp4,36.65,2022-11-30,2021-12-21,Vijender Yadav,Video; Sales; Archived,Video,,,,archived,no,archive/draft folder,https://propalmsnetwork.sharepoint.com/sites/Company/Shared%20Documents/Sales/Sales%20Collateral/Videos/DO%20NOT%20USE/Product%20Demos/Nano%20OS/Accops%20Nano%20v2.mp4,b!MW22Pukebk6aWlrjbkWCK27cJOS0bM9OhUq0QE7-doKh1nVGqaB-SKHlnIF7W6dj,01X5UIHT7TON3U3CRZ6JB3POA2WUHODKHJ
sales,Videos/DO NOT USE/Product Demos/Passwordless,Demo-Passwordless Authentication.mp4,mp4,23.29,2022-11-30,2022-11-30,Vijender Yadav,Video; Demo; Sales; Archived,Video; Demo,,,,archived,no,archive/draft folder,https://propalmsnetwork.sharepoint.com/sites/Company/Shared%20Documents/Sales/Sales%20Collateral/Videos/DO%20NOT%20USE/Product%20Demos/Passwordless/Demo-Passwordless%20Authentication.mp4,b!MW22Pukebk6aWlrjbkWCK27cJOS0bM9OhUq0QE7-doKh1nVGqaB-SKHlnIF7W6dj,01X5UIHT5P6RDQS33TMJB2ZNUKAFID6THY
sales,Videos/DO NOT USE/Product Demos/Start before logon,Remote-domain-logon-relogin-same-user.mp4,mp4,14.59,2022-11-30,2021-04-22,Vijender Yadav,Video; Sales; Archived,Video,,,,archived,no,archive/draft folder,https://propalmsnetwork.sharepoint.com/sites/Company/Shared%20Documents/Sales/Sales%20Collateral/Videos/DO%20NOT%20USE/Product%20Demos/Start%20before%20logon/Remote-domain-logon-relogin-same-user.mp4,b!MW22Pukebk6aWlrjbkWCK27cJOS0bM9OhUq0QE7-doKh1nVGqaB-SKHlnIF7W6dj,01X5UIHT26T7S23D43XZDI6KOXUQKQAJDB
sales,Videos/DO NOT USE/Product Demos/Start before logon,Remote-domain-logon.mp4,mp4,18.15,2022-11-30,2021-04-22,Vijender Yadav,Video; Sales; Archived,Video,,,,archived,no,archive/draft folder,https://propalmsnetwork.sharepoint.com/sites/Company/Shared%20Documents/Sales/Sales%20Collateral/Videos/DO%20NOT%20USE/Product%20Demos/Start%20before%20logon/Remote-domain-logon.mp4,b!MW22Pukebk6aWlrjbkWCK27cJOS0bM9OhUq0QE7-doKh1nVGqaB-SKHlnIF7W6dj,01X5UIHT5WH4K6CLMYLJCZOZO4MU7QHPBA
sales,Videos/DO NOT USE/Product Demos/face-auth,face-auth-admin-features-1.mp4,mp4,11.58,2022-11-30,2021-02-20,Vijender Yadav,Video; Sales; Archived,Video,,,,archived,no,archive/draft folder,https://propalmsnetwork.sharepoint.com/sites/Company/Shared%20Documents/Sales/Sales%20Collateral/Videos/DO%20NOT%20USE/Product%20Demos/face-auth/face-auth-admin-features-1.mp4,b!MW22Pukebk6aWlrjbkWCK27cJOS0bM9OhUq0QE7-doKh1nVGqaB-SKHlnIF7W6dj,01X5UIHT6WRANJQIUSPBGLPRIJBCW5MMTT
sales,Videos/DO NOT USE/Product Demos/face-auth,face-auth-admin-features-2.mp4,mp4,5.7,2022-11-30,2021-02-26,Vijender Yadav,Video; Sales; Archived,Video,,,,archived,no,archive/draft folder,https://propalmsnetwork.sharepoint.com/sites/Company/Shared%20Documents/Sales/Sales%20Collateral/Videos/DO%20NOT%20USE/Product%20Demos/face-auth/face-auth-admin-features-2.mp4,b!MW22Pukebk6aWlrjbkWCK27cJOS0bM9OhUq0QE7-doKh1nVGqaB-SKHlnIF7W6dj,01X5UIHTZVGSMVXVKTIBAYO2GEA2VHO5UT
sales,Videos/DO NOT USE/Product Demos/face-auth,face-auth-user-access-1_Trim.mp4,mp4,12.92,2022-11-30,2021-02-20,Vijender Yadav,Video; Sales; Archived,Video,,,,archived,no,archive/draft folder,https://propalmsnetwork.sharepoint.com/sites/Company/Shared%20Documents/Sales/Sales%20Collateral/Videos/DO%20NOT%20USE/Product%20Demos/face-auth/face-auth-user-access-1_Trim.mp4,b!MW22Pukebk6aWlrjbkWCK27cJOS0bM9OhUq0QE7-doKh1nVGqaB-SKHlnIF7W6dj,01X5UIHT376YKPKHZSEFA2ZAY3FKVDLZFT
sales,Videos/DO NOT USE/Product Demos/face-auth,liveliness-check.mp4,mp4,33.6,2022-11-30,2022-02-19,Vijender Yadav,Video; Sales; Archived,Video,,,,archived,no,archive/draft folder,https://propalmsnetwork.sharepoint.com/sites/Company/Shared%20Documents/Sales/Sales%20Collateral/Videos/DO%20NOT%20USE/Product%20Demos/face-auth/liveliness-check.mp4,b!MW22Pukebk6aWlrjbkWCK27cJOS0bM9OhUq0QE7-doKh1nVGqaB-SKHlnIF7W6dj,01X5UIHT2TR5KJGFQDLFDLXRZRFTVXCMW6
sales,Videos/DO NOT USE/Webinar,Accops Customer Webinar - Virtual ICT Labs - Tech Data _ Microsoft - 28th June-20220628_120217-Meeting Recording.mp4,mp4,467.15,2022-06-29,2022-06-29,SANDIP MALLIK,Video; Webinar; Sales; Archived,Video; Webinar,,,,archived,no,archive/draft folder,https://propalmsnetwork.sharepoint.com/sites/Company/Shared%20Documents/Sales/Sales%20Collateral/Videos/DO%20NOT%20USE/Webinar/Accops%20Customer%20Webinar%20-%20Virtual%20ICT%20Labs%20-%20Tech%20Data%20_%20Microsoft%20-%2028th%20June-20220628_120217-Meeting%20Recording.mp4,b!MW22Pukebk6aWlrjbkWCK27cJOS0bM9OhUq0QE7-doKh1nVGqaB-SKHlnIF7W6dj,01X5UIHT23UTGVJRS57BCLHI3RNU453IE2
sales,Videos/DO NOT USE/Webinar,Accops HyLabs.mp4,mp4,571.08,2022-04-19,2022-04-19,SANDIP MALLIK,Video; HyLabs; Sales; Archived,Video,,HyLabs,,archived,no,archive/draft folder,https://propalmsnetwork.sharepoint.com/sites/Company/Shared%20Documents/Sales/Sales%20Collateral/Videos/DO%20NOT%20USE/Webinar/Accops%20HyLabs.mp4,b!MW22Pukebk6aWlrjbkWCK27cJOS0bM9OhUq0QE7-doKh1nVGqaB-SKHlnIF7W6dj,01X5UIHTZFBH754ZRY6ZEZ42FANU7T5VPP
sales,Videos/DO NOT USE/Webinar,Virtualize Internet Access 2022-08-10.mp4,mp4,138.23,2022-09-19,2022-08-10,SANDIP MALLIK,Video; Sales; Archived,Video,,,,archived,no,archive/draft folder,https://propalmsnetwork.sharepoint.com/sites/Company/Shared%20Documents/Sales/Sales%20Collateral/Videos/DO%20NOT%20USE/Webinar/Virtualize%20Internet%20Access%202022-08-10.mp4,b!MW22Pukebk6aWlrjbkWCK27cJOS0bM9OhUq0QE7-doKh1nVGqaB-SKHlnIF7W6dj,01X5UIHT4QXJTNPU3CUJEYA2G5HXGH2PD7
sales,Videos/Demo Videos/Old,Accops Huddle.mp4,mp4,15.17,2025-07-16,2024-11-06,SANDIP MALLIK,Video; Sales; Archived,Video,,,,archived,no,archive/draft folder,https://propalmsnetwork.sharepoint.com/sites/Company/Shared%20Documents/Sales/Sales%20Collateral/Videos/Demo%20Videos/Old/Accops%20Huddle.mp4,b!MW22Pukebk6aWlrjbkWCK27cJOS0bM9OhUq0QE7-doKh1nVGqaB-SKHlnIF7W6dj,01X5UIHT6DGTBWH3PGVFC2DM26MFGWQ2VL
sales,Videos/Demo Videos/Old,Accops Reporting Server Dashboard.mp4,mp4,94.07,2025-07-16,2025-07-15,SANDIP MALLIK,Video; Analyst Report; Sales; Archived,Video; Analyst Report,,,,archived,no,archive/draft folder,https://propalmsnetwork.sharepoint.com/sites/Company/Shared%20Documents/Sales/Sales%20Collateral/Videos/Demo%20Videos/Old/Accops%20Reporting%20Server%20Dashboard.mp4,b!MW22Pukebk6aWlrjbkWCK27cJOS0bM9OhUq0QE7-doKh1nVGqaB-SKHlnIF7W6dj,01X5UIHT3S2Z5AXRPCA5FLAQI4LRFQF47M
sales,Videos/Demo Videos/Old,Accops Vajra.mp4,mp4,11.41,2025-07-16,2024-11-06,SANDIP MALLIK,Video; Sales; Archived,Video,,,,archived,no,archive/draft folder,https://propalmsnetwork.sharepoint.com/sites/Company/Shared%20Documents/Sales/Sales%20Collateral/Videos/Demo%20Videos/Old/Accops%20Vajra.mp4,b!MW22Pukebk6aWlrjbkWCK27cJOS0bM9OhUq0QE7-doKh1nVGqaB-SKHlnIF7W6dj,01X5UIHT4ZDFKPWCZZARHJCFYXXBOLBEIG
sales,Videos/Demo Videos/Old,Accops_-_MFA_for_MS_Teams (720p with 25fps).mp4,mp4,7.96,2025-07-16,2025-04-30,SANDIP MALLIK,Video; Sales; Archived,Video,,,,archived,no,archive/draft folder,https://propalmsnetwork.sharepoint.com/sites/Company/Shared%20Documents/Sales/Sales%20Collateral/Videos/Demo%20Videos/Old/Accops_-_MFA_for_MS_Teams%20(720p%20with%2025fps).mp4,b!MW22Pukebk6aWlrjbkWCK27cJOS0bM9OhUq0QE7-doKh1nVGqaB-SKHlnIF7W6dj,01X5UIHT5HKVA2ZTTG7JHKECDQIBV3TDL2
sales,Videos/Demo Videos/Old,Accops_-_Multi-Factor_Authentication (720p with 25fps).mp4,mp4,5.22,2025-07-16,2025-04-30,SANDIP MALLIK,Video; MFA; Sales; Archived,Video,,MFA,,archived,no,archive/draft folder,https://propalmsnetwork.sharepoint.com/sites/Company/Shared%20Documents/Sales/Sales%20Collateral/Videos/Demo%20Videos/Old/Accops_-_Multi-Factor_Authentication%20(720p%20with%2025fps).mp4,b!MW22Pukebk6aWlrjbkWCK27cJOS0bM9OhUq0QE7-doKh1nVGqaB-SKHlnIF7W6dj,01X5UIHTZVSLCLT2XHNZHIVJXKJCROJGE2
sales,Videos/Demo Videos/Old,Anti-keylogger.mp4,mp4,15.83,2025-07-16,2024-11-06,SANDIP MALLIK,Video; Sales; Archived,Video,,,,archived,no,archive/draft folder,https://propalmsnetwork.sharepoint.com/sites/Company/Shared%20Documents/Sales/Sales%20Collateral/Videos/Demo%20Videos/Old/Anti-keylogger.mp4,b!MW22Pukebk6aWlrjbkWCK27cJOS0bM9OhUq0QE7-doKh1nVGqaB-SKHlnIF7W6dj,01X5UIHT2RVUTWZ2C7F5AYV5B4U5KRSCUU
sales,Videos/Demo Videos/Old,Client login-Shared windows VDI access 2.mp4,mp4,44.88,2025-07-16,2025-07-15,SANDIP MALLIK,Video; VDI; Sales; Archived,Video,,VDI,,archived,no,archive/draft folder,https://propalmsnetwork.sharepoint.com/sites/Company/Shared%20Documents/Sales/Sales%20Collateral/Videos/Demo%20Videos/Old/Client%20login-Shared%20windows%20VDI%20access%202.mp4,b!MW22Pukebk6aWlrjbkWCK27cJOS0bM9OhUq0QE7-doKh1nVGqaB-SKHlnIF7W6dj,01X5UIHT6UABAAGCTWOFAYSCN2QGBNGTYH
sales,Videos/Demo Videos/Old,Management Console-HySecure.mp4,mp4,120.55,2025-07-16,2025-07-15,SANDIP MALLIK,Video; HySecure; Sales; Archived,Video,,HySecure,,archived,no,archive/draft folder,https://propalmsnetwork.sharepoint.com/sites/Company/Shared%20Documents/Sales/Sales%20Collateral/Videos/Demo%20Videos/Old/Management%20Console-HySecure.mp4,b!MW22Pukebk6aWlrjbkWCK27cJOS0bM9OhUq0QE7-doKh1nVGqaB-SKHlnIF7W6dj,01X5UIHT7HYTXPFMRQVZA2ROB4RPZ7POTF
sales,Videos/Demo Videos/Old,Passwordless SSO.mp4,mp4,12.45,2025-07-16,2024-11-06,SANDIP MALLIK,Video; Sales; Archived,Video,,,,archived,no,archive/draft folder,https://propalmsnetwork.sharepoint.com/sites/Company/Shared%20Documents/Sales/Sales%20Collateral/Videos/Demo%20Videos/Old/Passwordless%20SSO.mp4,b!MW22Pukebk6aWlrjbkWCK27cJOS0bM9OhUq0QE7-doKh1nVGqaB-SKHlnIF7W6dj,01X5UIHT2XWBVDNKXFN5DIJ2AJRACOKYHS
sales,Videos/Demo Videos/Old,Portal login-Passwordless sign-in.mp4,mp4,12.96,2025-07-16,2025-07-15,SANDIP MALLIK,Video; Sales; Archived,Video,,,,archived,no,archive/draft folder,https://propalmsnetwork.sharepoint.com/sites/Company/Shared%20Documents/Sales/Sales%20Collateral/Videos/Demo%20Videos/Old/Portal%20login-Passwordless%20sign-in.mp4,b!MW22Pukebk6aWlrjbkWCK27cJOS0bM9OhUq0QE7-doKh1nVGqaB-SKHlnIF7W6dj,01X5UIHT2TCFSPIU5KENCL4HHDAHICLU25
sales,Videos/Demo Videos/Old,Portal login-Push notification.mp4,mp4,20.69,2025-07-16,2025-07-15,SANDIP MALLIK,Video; Sales; Archived,Video,,,,archived,no,archive/draft folder,https://propalmsnetwork.sharepoint.com/sites/Company/Shared%20Documents/Sales/Sales%20Collateral/Videos/Demo%20Videos/Old/Portal%20login-Push%20notification.mp4,b!MW22Pukebk6aWlrjbkWCK27cJOS0bM9OhUq0QE7-doKh1nVGqaB-SKHlnIF7W6dj,01X5UIHT7KD4TOVVVC4BELL4R6FSKAVWE5
sales,Videos/Demo Videos/Old,SSO Login.mp4,mp4,10.1,2025-07-16,2024-11-06,SANDIP MALLIK,Video; Sales; Archived,Video,,,,archived,no,archive/draft folder,https://propalmsnetwork.sharepoint.com/sites/Company/Shared%20Documents/Sales/Sales%20Collateral/Videos/Demo%20Videos/Old/SSO%20Login.mp4,b!MW22Pukebk6aWlrjbkWCK27cJOS0bM9OhUq0QE7-doKh1nVGqaB-SKHlnIF7W6dj,01X5UIHT4O6IQSZCCTTVDYLBD67BABJK56
sales,Videos/Demo Videos/Old,TCS 4-1.mp4,mp4,93.31,2025-07-30,2025-07-30,SANDIP MALLIK,Video; Sales; Archived,Video,,,,archived,no,archive/draft folder,https://propalmsnetwork.sharepoint.com/sites/Company/Shared%20Documents/Sales/Sales%20Collateral/Videos/Demo%20Videos/Old/TCS%204-1.mp4,b!MW22Pukebk6aWlrjbkWCK27cJOS0bM9OhUq0QE7-doKh1nVGqaB-SKHlnIF7W6dj,01X5UIHT5IB254BZY6XZFYI5PSUMK4PEAH
sales,Videos/Demo Videos/Old,accops_-_client-based_user_login.mp4 (720p).mp4,mp4,7.04,2025-07-16,2024-11-13,SANDIP MALLIK,Video; Sales; Archived,Video,,,,archived,no,archive/draft folder,https://propalmsnetwork.sharepoint.com/sites/Company/Shared%20Documents/Sales/Sales%20Collateral/Videos/Demo%20Videos/Old/accops_-_client-based_user_login.mp4%20(720p).mp4,b!MW22Pukebk6aWlrjbkWCK27cJOS0bM9OhUq0QE7-doKh1nVGqaB-SKHlnIF7W6dj,01X5UIHT3DJPNXEVIP25CLI2BQ5EVMBITO
sales,Videos/Demo Videos/Old,accops_-_web-based_user_login (720p).mp4,mp4,5.27,2025-07-16,2024-11-13,SANDIP MALLIK,Video; Sales; Archived,Video,,,,archived,no,archive/draft folder,https://propalmsnetwork.sharepoint.com/sites/Company/Shared%20Documents/Sales/Sales%20Collateral/Videos/Demo%20Videos/Old/accops_-_web-based_user_login%20(720p).mp4,b!MW22Pukebk6aWlrjbkWCK27cJOS0bM9OhUq0QE7-doKh1nVGqaB-SKHlnIF7W6dj,01X5UIHT2BSFTS4P26XFEZYU32423QSZ63
sales,Videos/Demo Videos/Old,accops_bioauth_management_console (720p).mp4,mp4,8.98,2025-07-16,2024-11-13,SANDIP MALLIK,Video; BioAuth; Sales; Archived,Video,,BioAuth,,archived,no,archive/draft folder,https://propalmsnetwork.sharepoint.com/sites/Company/Shared%20Documents/Sales/Sales%20Collateral/Videos/Demo%20Videos/Old/accops_bioauth_management_console%20(720p).mp4,b!MW22Pukebk6aWlrjbkWCK27cJOS0bM9OhUq0QE7-doKh1nVGqaB-SKHlnIF7W6dj,01X5UIHT4M6YRXQRHCBFB3US22F5Y3KQ7B
sales,Videos/Demo Videos/Old,accops_hysecure_management_console_walkthrough (1080p).mp4,mp4,32.8,2025-07-16,2024-11-13,SANDIP MALLIK,Video; HySecure; Sales; Archived,Video,,HySecure,,archived,no,archive/draft folder,https://propalmsnetwork.sharepoint.com/sites/Company/Shared%20Documents/Sales/Sales%20Collateral/Videos/Demo%20Videos/Old/accops_hysecure_management_console_walkthrough%20(1080p).mp4,b!MW22Pukebk6aWlrjbkWCK27cJOS0bM9OhUq0QE7-doKh1nVGqaB-SKHlnIF7W6dj,01X5UIHT4KZZG6SR3JFJBKY4PFAMSQ7CQG
sales,Videos/Demo Videos/Old,accops_hyworks_management_console_walkthrough (1080p).mp4,mp4,28.03,2025-07-16,2024-11-13,SANDIP MALLIK,Video; HyWorks; Sales; Archived,Video,,HyWorks,,archived,no,archive/draft folder,https://propalmsnetwork.sharepoint.com/sites/Company/Shared%20Documents/Sales/Sales%20Collateral/Videos/Demo%20Videos/Old/accops_hyworks_management_console_walkthrough%20(1080p).mp4,b!MW22Pukebk6aWlrjbkWCK27cJOS0bM9OhUq0QE7-doKh1nVGqaB-SKHlnIF7W6dj,01X5UIHTZ5W2T4KW6G3VCKK7MAZ44J4Q3L
sales,Videos/Demo Videos/Old,accops_nano_os (1080p) (1080p with 25fps).mp4,mp4,119.44,2025-07-16,2025-04-30,SANDIP MALLIK,Video; Sales; Archived,Video,,,,archived,no,archive/draft folder,https://propalmsnetwork.sharepoint.com/sites/Company/Shared%20Documents/Sales/Sales%20Collateral/Videos/Demo%20Videos/Old/accops_nano_os%20(1080p)%20(1080p%20with%2025fps).mp4,b!MW22Pukebk6aWlrjbkWCK27cJOS0bM9OhUq0QE7-doKh1nVGqaB-SKHlnIF7W6dj,01X5UIHT5TP5VEG5KP5NCZCMK57U2T6LW7
sales,Videos/Demo Videos/Revised,ARS 3.0.mp4,mp4,16.55,2025-11-13,2025-11-11,SANDIP MALLIK,Video; Sales,Video,,,,active,no,not a document,https://propalmsnetwork.sharepoint.com/sites/Company/Shared%20Documents/Sales/Sales%20Collateral/Videos/Demo%20Videos/Revised/ARS%203.0.mp4,b!MW22Pukebk6aWlrjbkWCK27cJOS0bM9OhUq0QE7-doKh1nVGqaB-SKHlnIF7W6dj,01X5UIHT5II7EIX4PMGJGKT7WLZBYORRVO
sales,Videos/Demo Videos/Revised,Accops Airbridge.V2.mp4,mp4,15.4,2025-11-30,2025-11-30,SANDIP MALLIK,Video; Sales,Video,,,,active,no,not a document,https://propalmsnetwork.sharepoint.com/sites/Company/Shared%20Documents/Sales/Sales%20Collateral/Videos/Demo%20Videos/Revised/Accops%20Airbridge.V2.mp4,b!MW22Pukebk6aWlrjbkWCK27cJOS0bM9OhUq0QE7-doKh1nVGqaB-SKHlnIF7W6dj,01X5UIHTZUSXPBKUBUHVGYFGLOPGK7RR7T
sales,Videos/Demo Videos/Revised,Accops Huddle.V2.mp4,mp4,24.08,2025-11-30,2025-11-30,SANDIP MALLIK,Video; Sales,Video,,,,active,no,not a document,https://propalmsnetwork.sharepoint.com/sites/Company/Shared%20Documents/Sales/Sales%20Collateral/Videos/Demo%20Videos/Revised/Accops%20Huddle.V2.mp4,b!MW22Pukebk6aWlrjbkWCK27cJOS0bM9OhUq0QE7-doKh1nVGqaB-SKHlnIF7W6dj,01X5UIHT7EYMXTZJVQ2JBJTI33RXKA3NSE
sales,Videos/Demo Videos/Revised,Accops Vajra Browser.V2.mp4,mp4,22.97,2025-11-30,2025-11-30,SANDIP MALLIK,Video; Sales,Video,,,,active,no,not a document,https://propalmsnetwork.sharepoint.com/sites/Company/Shared%20Documents/Sales/Sales%20Collateral/Videos/Demo%20Videos/Revised/Accops%20Vajra%20Browser.V2.mp4,b!MW22Pukebk6aWlrjbkWCK27cJOS0bM9OhUq0QE7-doKh1nVGqaB-SKHlnIF7W6dj,01X5UIHT5PJLJ6YPBEDZAIBG7SWXHSZIIB
sales,Videos/Demo Videos/Revised,Demo truesso- video.mp4,mp4,15.04,2025-11-30,2025-11-17,SANDIP MALLIK,Video; Demo; Sales,Video; Demo,,,,active,no,not a document,https://propalmsnetwork.sharepoint.com/sites/Company/Shared%20Documents/Sales/Sales%20Collateral/Videos/Demo%20Videos/Revised/Demo%20truesso-%20video.mp4,b!MW22Pukebk6aWlrjbkWCK27cJOS0bM9OhUq0QE7-doKh1nVGqaB-SKHlnIF7W6dj,01X5UIHT7CORS7UD52LNDIFGMMESUFFLOP
sales,Videos/Demo Videos/Revised,Device posture check and related data on management console.mp4,mp4,10.85,2025-11-13,2025-11-10,SANDIP MALLIK,Video; Sales,Video,,,,active,no,not a document,https://propalmsnetwork.sharepoint.com/sites/Company/Shared%20Documents/Sales/Sales%20Collateral/Videos/Demo%20Videos/Revised/Device%20posture%20check%20and%20related%20data%20on%20management%20console.mp4,b!MW22Pukebk6aWlrjbkWCK27cJOS0bM9OhUq0QE7-doKh1nVGqaB-SKHlnIF7W6dj,01X5UIHT5VDCK4FQ2BYJEKS3IDN6KRG3MI
sales,Videos/Demo Videos/Revised,FIDO keys-based login into Corporate Apps.mp4,mp4,16.03,2025-11-13,2025-11-11,SANDIP MALLIK,Video; Sales,Video,,,,active,no,not a document,https://propalmsnetwork.sharepoint.com/sites/Company/Shared%20Documents/Sales/Sales%20Collateral/Videos/Demo%20Videos/Revised/FIDO%20keys-based%20login%20into%20Corporate%20Apps.mp4,b!MW22Pukebk6aWlrjbkWCK27cJOS0bM9OhUq0QE7-doKh1nVGqaB-SKHlnIF7W6dj,01X5UIHT4RTEBPSZN455GKGPUBR7SXFL4H
sales,Videos/Demo Videos/Revised,Face auth login with continuous monitoring.mp4,mp4,11.7,2025-11-13,2025-11-10,SANDIP MALLIK,Video; Sales,Video,,,,active,no,not a document,https://propalmsnetwork.sharepoint.com/sites/Company/Shared%20Documents/Sales/Sales%20Collateral/Videos/Demo%20Videos/Revised/Face%20auth%20login%20with%20continuous%20monitoring.mp4,b!MW22Pukebk6aWlrjbkWCK27cJOS0bM9OhUq0QE7-doKh1nVGqaB-SKHlnIF7W6dj,01X5UIHT6MD3DMD4MI75FZG4D4OYNFPLM4
sales,Videos/Demo Videos/Revised,Geofencing control.mp4,mp4,16.75,2025-11-13,2025-11-11,SANDIP MALLIK,Video; Sales,Video,,,,active,no,not a document,https://propalmsnetwork.sharepoint.com/sites/Company/Shared%20Documents/Sales/Sales%20Collateral/Videos/Demo%20Videos/Revised/Geofencing%20control.mp4,b!MW22Pukebk6aWlrjbkWCK27cJOS0bM9OhUq0QE7-doKh1nVGqaB-SKHlnIF7W6dj,01X5UIHT3NPSMLPWO2ZZALATKQVYPGGJYR
sales,Videos/Demo Videos/Revised,KIOSK mode - Workspace .mp4,mp4,15.36,2025-11-13,2025-11-11,SANDIP MALLIK,Video; Sales,Video,,,,active,no,not a document,https://propalmsnetwork.sharepoint.com/sites/Company/Shared%20Documents/Sales/Sales%20Collateral/Videos/Demo%20Videos/Revised/KIOSK%20mode%20-%20Workspace%20.mp4,b!MW22Pukebk6aWlrjbkWCK27cJOS0bM9OhUq0QE7-doKh1nVGqaB-SKHlnIF7W6dj,01X5UIHT7MEYE6LKLMMVCI3QTVSVIBJQDH
sales,Videos/Demo Videos/Revised,MFA only login.mp4,mp4,10.35,2025-11-13,2025-11-27,SANDIP MALLIK,Video; MFA; Sales,Video,,MFA,,active,no,not a document,https://propalmsnetwork.sharepoint.com/sites/Company/Shared%20Documents/Sales/Sales%20Collateral/Videos/Demo%20Videos/Revised/MFA%20only%20login.mp4,b!MW22Pukebk6aWlrjbkWCK27cJOS0bM9OhUq0QE7-doKh1nVGqaB-SKHlnIF7W6dj,01X5UIHT7KJLA7DYWFXBA36N6P3TVXE23S
sales,Videos/Demo Videos/Revised,"Password-less login into PC, without certificate into VDI.mp4",mp4,9.54,2025-11-13,2025-11-11,SANDIP MALLIK,Video; Certification; VDI; Sales,Video; Certification,,VDI,,active,no,not a document,"https://propalmsnetwork.sharepoint.com/sites/Company/Shared%20Documents/Sales/Sales%20Collateral/Videos/Demo%20Videos/Revised/Password-less%20login%20into%20PC,%20without%20certificate%20into%20VDI.mp4",b!MW22Pukebk6aWlrjbkWCK27cJOS0bM9OhUq0QE7-doKh1nVGqaB-SKHlnIF7W6dj,01X5UIHT4RY2UFX36QQJA32DJF2JSILDFS
sales,Videos/Demo Videos/Revised,Password-less login into SaaS Apps .mp4,mp4,11.04,2025-11-13,2025-11-11,SANDIP MALLIK,Video; Sales,Video,,,,active,no,not a document,https://propalmsnetwork.sharepoint.com/sites/Company/Shared%20Documents/Sales/Sales%20Collateral/Videos/Demo%20Videos/Revised/Password-less%20login%20into%20SaaS%20Apps%20.mp4,b!MW22Pukebk6aWlrjbkWCK27cJOS0bM9OhUq0QE7-doKh1nVGqaB-SKHlnIF7W6dj,01X5UIHT7UH4IMU6AAT5FJCNNXS5YWHY3H
sales,Videos/For Booth,Accops Digital Workspace Jun 25.mp4,mp4,159.57,2025-11-13,2025-06-27,SANDIP MALLIK,Video; Sales,Video,,,,active,no,not a document,https://propalmsnetwork.sharepoint.com/sites/Company/Shared%20Documents/Sales/Sales%20Collateral/Videos/For%20Booth/Accops%20Digital%20Workspace%20Jun%2025.mp4,b!MW22Pukebk6aWlrjbkWCK27cJOS0bM9OhUq0QE7-doKh1nVGqaB-SKHlnIF7W6dj,01X5UIHT7TZM2ZYDT4JFAIKNWAYYVSA3FR
sales,Videos/For Booth,Accops Intro Video.mp4,mp4,6.03,2025-11-13,2025-11-06,SANDIP MALLIK,Video; Sales,Video,,,,active,no,not a document,https://propalmsnetwork.sharepoint.com/sites/Company/Shared%20Documents/Sales/Sales%20Collateral/Videos/For%20Booth/Accops%20Intro%20Video.mp4,b!MW22Pukebk6aWlrjbkWCK27cJOS0bM9OhUq0QE7-doKh1nVGqaB-SKHlnIF7W6dj,01X5UIHT6IEX7YXH5ZCJHJEMOYPBPQYDNU
sales,Videos/For Booth,Accops VDI Final v5.mp4,mp4,50.44,2025-11-13,2025-04-30,SANDIP MALLIK,Video; VDI; Sales,Video,,VDI,,active,no,not a document,https://propalmsnetwork.sharepoint.com/sites/Company/Shared%20Documents/Sales/Sales%20Collateral/Videos/For%20Booth/Accops%20VDI%20Final%20v5.mp4,b!MW22Pukebk6aWlrjbkWCK27cJOS0bM9OhUq0QE7-doKh1nVGqaB-SKHlnIF7W6dj,01X5UIHTYUSVAXS7APMRFJGEMEO6FZJSIL
sales,Videos/For Booth,Accops Video Made In Bharat.mp4,mp4,72.3,2025-11-13,2025-04-30,SANDIP MALLIK,Video; Sales,Video,,,,active,no,not a document,https://propalmsnetwork.sharepoint.com/sites/Company/Shared%20Documents/Sales/Sales%20Collateral/Videos/For%20Booth/Accops%20Video%20Made%20In%20Bharat.mp4,b!MW22Pukebk6aWlrjbkWCK27cJOS0bM9OhUq0QE7-doKh1nVGqaB-SKHlnIF7W6dj,01X5UIHT6Z36MUNXQ6URFIT23CZIY6SAYU
sales,Videos/For Booth,Accops for Event.mp4,mp4,23.85,2025-11-13,2025-02-20,SANDIP MALLIK,Video; Event; Sales,Video; Event,,,,active,no,not a document,https://propalmsnetwork.sharepoint.com/sites/Company/Shared%20Documents/Sales/Sales%20Collateral/Videos/For%20Booth/Accops%20for%20Event.mp4,b!MW22Pukebk6aWlrjbkWCK27cJOS0bM9OhUq0QE7-doKh1nVGqaB-SKHlnIF7W6dj,01X5UIHT7H7ZZATLCA4JFZ3VYBIS6N2H3N
sales,Whitepapers,Accops Access Modes Comparison (1).pdf,pdf,0.16,2022-04-18,2022-04-18,Vijender Yadav,Whitepaper; Competitive; Sales,Whitepaper; Competitive,,,,active,yes,,https://propalmsnetwork.sharepoint.com/sites/Company/Shared%20Documents/Sales/Sales%20Collateral/Whitepapers/Accops%20Access%20Modes%20Comparison%20(1).pdf,b!MW22Pukebk6aWlrjbkWCK27cJOS0bM9OhUq0QE7-doKh1nVGqaB-SKHlnIF7W6dj,01X5UIHTZ4NDJ4JXY7SBG3NP7GXA7VDFYA
sales,Whitepapers,Accops Daas whitepaper-PR-09022023.pdf,pdf,0.27,2023-02-09,2023-02-09,SANDIP MALLIK,Whitepaper; DaaS; Sales,Whitepaper,,DaaS,,active,yes,,https://propalmsnetwork.sharepoint.com/sites/Company/Shared%20Documents/Sales/Sales%20Collateral/Whitepapers/Accops%20Daas%20whitepaper-PR-09022023.pdf,b!MW22Pukebk6aWlrjbkWCK27cJOS0bM9OhUq0QE7-doKh1nVGqaB-SKHlnIF7W6dj,01X5UIHTZEEZQHDVE4FRFJP3FEYPZF5NPV
sales,Whitepapers,Accops Healthcare Whitepaper.pdf,pdf,3.7,2022-08-03,2022-08-03,SANDIP MALLIK,Whitepaper; Pharma / Healthcare; Sales,Whitepaper,Pharma / Healthcare,,,active,yes,,https://propalmsnetwork.sharepoint.com/sites/Company/Shared%20Documents/Sales/Sales%20Collateral/Whitepapers/Accops%20Healthcare%20Whitepaper.pdf,b!MW22Pukebk6aWlrjbkWCK27cJOS0bM9OhUq0QE7-doKh1nVGqaB-SKHlnIF7W6dj,01X5UIHT2BVC7I5IM4ZVEJAUAZ42LV6U3Q
sales,Whitepapers,Accops VDI solution vs. VPN.pdf,pdf,0.15,2021-11-09,2021-11-09,BALABHARATHY,Whitepaper; Competitive; VDI; Sales,Whitepaper; Competitive,,VDI,,active,yes,,https://propalmsnetwork.sharepoint.com/sites/Company/Shared%20Documents/Sales/Sales%20Collateral/Whitepapers/Accops%20VDI%20solution%20vs.%20VPN.pdf,b!MW22Pukebk6aWlrjbkWCK27cJOS0bM9OhUq0QE7-doKh1nVGqaB-SKHlnIF7W6dj,01X5UIHT2OSJHSL22UIBDLASJBCI7JWDVR
sales,Whitepapers,Accops Virtual apps  and desktop-Secure Access Features.pdf,pdf,0.26,2021-11-01,2021-02-12,Vijender Yadav,Whitepaper; Sales,Whitepaper,,,,active,yes,,https://propalmsnetwork.sharepoint.com/sites/Company/Shared%20Documents/Sales/Sales%20Collateral/Whitepapers/Accops%20Virtual%20apps%20%20and%20desktop-Secure%20Access%20Features.pdf,b!MW22Pukebk6aWlrjbkWCK27cJOS0bM9OhUq0QE7-doKh1nVGqaB-SKHlnIF7W6dj,01X5UIHT6EYIFS2GOOCZG3RLAFMBHRW44I
sales,Whitepapers,Accops Whitepaper - Secure Internet Browsing v7.pdf,pdf,0.31,2021-11-01,2020-03-02,Vijender Yadav,Whitepaper; Sales,Whitepaper,,,,active,yes,,https://propalmsnetwork.sharepoint.com/sites/Company/Shared%20Documents/Sales/Sales%20Collateral/Whitepapers/Accops%20Whitepaper%20-%20Secure%20Internet%20Browsing%20v7.pdf,b!MW22Pukebk6aWlrjbkWCK27cJOS0bM9OhUq0QE7-doKh1nVGqaB-SKHlnIF7W6dj,01X5UIHTZSOTGAZ25NHFFKXD4QZBQWQO5N
sales,Whitepapers,Accops_IAM Whitepaper.pdf,pdf,0.27,2024-07-15,2024-07-15,SANDIP MALLIK,Whitepaper; Sales,Whitepaper,,,,active,yes,,https://propalmsnetwork.sharepoint.com/sites/Company/Shared%20Documents/Sales/Sales%20Collateral/Whitepapers/Accops_IAM%20Whitepaper.pdf,b!MW22Pukebk6aWlrjbkWCK27cJOS0bM9OhUq0QE7-doKh1nVGqaB-SKHlnIF7W6dj,01X5UIHT4UP7KLQAP2S5CZ6BQEATNYUO7L
sales,Whitepapers/2-pagers,Accops - Industry Solution - Automotive.pdf,pdf,0.38,2021-07-16,2021-07-16,BALABHARATHY,Whitepaper; Manufacturing; Sales,Whitepaper,Manufacturing,,,active,yes,,https://propalmsnetwork.sharepoint.com/sites/Company/Shared%20Documents/Sales/Sales%20Collateral/Whitepapers/2-pagers/Accops%20-%20Industry%20Solution%20-%20Automotive.pdf,b!MW22Pukebk6aWlrjbkWCK27cJOS0bM9OhUq0QE7-doKh1nVGqaB-SKHlnIF7W6dj,01X5UIHTZ4L76MX5LQUFAL5ZT3RXLCACGQ
sales,Whitepapers/2-pagers,Accops - Industry Solution - Healthcare.pdf,pdf,0.42,2021-07-16,2021-07-16,BALABHARATHY,Whitepaper; Pharma / Healthcare; Sales,Whitepaper,Pharma / Healthcare,,,active,yes,,https://propalmsnetwork.sharepoint.com/sites/Company/Shared%20Documents/Sales/Sales%20Collateral/Whitepapers/2-pagers/Accops%20-%20Industry%20Solution%20-%20Healthcare.pdf,b!MW22Pukebk6aWlrjbkWCK27cJOS0bM9OhUq0QE7-doKh1nVGqaB-SKHlnIF7W6dj,01X5UIHT6BG6BDPJKV7ZALRTBQMKWBTGWI
sales,Whitepapers/2-pagers,Accops - Product - Nano.pdf,pdf,0.34,2021-07-16,2021-07-16,BALABHARATHY,Whitepaper; Sales,Whitepaper,,,,active,yes,,https://propalmsnetwork.sharepoint.com/sites/Company/Shared%20Documents/Sales/Sales%20Collateral/Whitepapers/2-pagers/Accops%20-%20Product%20-%20Nano.pdf,b!MW22Pukebk6aWlrjbkWCK27cJOS0bM9OhUq0QE7-doKh1nVGqaB-SKHlnIF7W6dj,01X5UIHTYCCGSTCE3BVFGIL4674RS73YQL
sales,Whitepapers/2-pagers,Accops - Solution -  WebVPN for e-Office.pdf,pdf,0.51,2021-07-16,2021-07-16,BALABHARATHY,Whitepaper; Sales,Whitepaper,,,,active,yes,,https://propalmsnetwork.sharepoint.com/sites/Company/Shared%20Documents/Sales/Sales%20Collateral/Whitepapers/2-pagers/Accops%20-%20Solution%20-%20%20WebVPN%20for%20e-Office.pdf,b!MW22Pukebk6aWlrjbkWCK27cJOS0bM9OhUq0QE7-doKh1nVGqaB-SKHlnIF7W6dj,01X5UIHTY4ZL2EASOCONHYAWS6Q5KT2KXB
sales,Whitepapers/2-pagers,Accops - Solution - Internet Isolation.pdf,pdf,0.4,2021-08-06,2021-08-06,BALABHARATHY,Whitepaper; Sales,Whitepaper,,,,active,yes,,https://propalmsnetwork.sharepoint.com/sites/Company/Shared%20Documents/Sales/Sales%20Collateral/Whitepapers/2-pagers/Accops%20-%20Solution%20-%20Internet%20Isolation.pdf,b!MW22Pukebk6aWlrjbkWCK27cJOS0bM9OhUq0QE7-doKh1nVGqaB-SKHlnIF7W6dj,01X5UIHT5QVTYPIRBGLBFKCUI6Y75RXXTY
sales,Whitepapers/2-pagers,Accops - Solution - VDI.pdf,pdf,0.38,2021-07-16,2021-07-16,BALABHARATHY,Whitepaper; VDI; Sales,Whitepaper,,VDI,,active,yes,,https://propalmsnetwork.sharepoint.com/sites/Company/Shared%20Documents/Sales/Sales%20Collateral/Whitepapers/2-pagers/Accops%20-%20Solution%20-%20VDI.pdf,b!MW22Pukebk6aWlrjbkWCK27cJOS0bM9OhUq0QE7-doKh1nVGqaB-SKHlnIF7W6dj,01X5UIHT5C3PSRNASOCNFLWSTXOTWQVKSV
sales,Whitepapers/2-pagers,Accops - Solution - for Exams.pdf,pdf,0.36,2021-07-16,2021-07-16,BALABHARATHY,Whitepaper; Sales,Whitepaper,,,,active,yes,,https://propalmsnetwork.sharepoint.com/sites/Company/Shared%20Documents/Sales/Sales%20Collateral/Whitepapers/2-pagers/Accops%20-%20Solution%20-%20for%20Exams.pdf,b!MW22Pukebk6aWlrjbkWCK27cJOS0bM9OhUq0QE7-doKh1nVGqaB-SKHlnIF7W6dj,01X5UIHTY4W7N2AK3LTJCJBEPYALQMAGI4
sales,Whitepapers/2-pagers,Accops - Solution - for Nutanix.pdf,pdf,0.42,2021-07-16,2021-07-16,BALABHARATHY,Whitepaper; Nutanix; Sales,Whitepaper,,Nutanix,,active,yes,,https://propalmsnetwork.sharepoint.com/sites/Company/Shared%20Documents/Sales/Sales%20Collateral/Whitepapers/2-pagers/Accops%20-%20Solution%20-%20for%20Nutanix.pdf,b!MW22Pukebk6aWlrjbkWCK27cJOS0bM9OhUq0QE7-doKh1nVGqaB-SKHlnIF7W6dj,01X5UIHT4VWQCRQXNKKJFJX44DH24GZVVN
sales,Whitepapers/ZTNA,India's Network Security Whitepaper v3.docx,docx,0.13,2026-01-21,2026-01-21,Vijender Yadav,Whitepaper; ZTNA; Sales,Whitepaper,,ZTNA,,active,yes,,https://propalmsnetwork.sharepoint.com/sites/Company/_layouts/15/Doc.aspx?sourcedoc=%7B6ACB713E-6E84-4803-81B0-24047B44BA70%7D&file=India%27s%20Network%20Security%20Whitepaper%20v3.docx&action=default&mobileredirect=true,b!MW22Pukebk6aWlrjbkWCK27cJOS0bM9OhUq0QE7-doKh1nVGqaB-SKHlnIF7W6dj,01X5UIHTZ6OHFWVBDOANEIDMBEAR5UJOTQ
sales,Whitepapers/zArchive,Accops - Whitepaper - Data Security with EUCV.pdf,pdf,0.2,2021-07-16,2021-07-16,SANDIP MALLIK,Whitepaper; Sales; Archived,Whitepaper,,,,archived,no,archive/draft folder,https://propalmsnetwork.sharepoint.com/sites/Company/Shared%20Documents/Sales/Sales%20Collateral/Whitepapers/zArchive/Accops%20-%20Whitepaper%20-%20Data%20Security%20with%20EUCV.pdf,b!MW22Pukebk6aWlrjbkWCK27cJOS0bM9OhUq0QE7-doKh1nVGqaB-SKHlnIF7W6dj,01X5UIHTZVGCP5UPEIL5H3U7VBMU4Y4GTY
sales,Whitepapers/zArchive,Accops - Whitepaper - Secure Internet Browsing.pdf,pdf,0.31,2021-07-16,2021-07-16,SANDIP MALLIK,Whitepaper; Sales; Archived,Whitepaper,,,,archived,no,archive/draft folder,https://propalmsnetwork.sharepoint.com/sites/Company/Shared%20Documents/Sales/Sales%20Collateral/Whitepapers/zArchive/Accops%20-%20Whitepaper%20-%20Secure%20Internet%20Browsing.pdf,b!MW22Pukebk6aWlrjbkWCK27cJOS0bM9OhUq0QE7-doKh1nVGqaB-SKHlnIF7W6dj,01X5UIHTYCBINCDB66OFELKG737CBTVU65
sales,Whitepapers/zArchive,Accops Access Modes Comparison (1).docx,docx,0.1,2022-04-18,2022-04-18,SANDIP MALLIK,Whitepaper; Competitive; Sales; Archived,Whitepaper; Competitive,,,,archived,no,archive/draft folder,https://propalmsnetwork.sharepoint.com/sites/Company/_layouts/15/Doc.aspx?sourcedoc=%7BAD8F0A8E-873E-41E6-9397-D2FD279AD346%7D&file=Accops%20Access%20Modes%20Comparison%20(1).docx&action=default&mobileredirect=true,b!MW22Pukebk6aWlrjbkWCK27cJOS0bM9OhUq0QE7-doKh1nVGqaB-SKHlnIF7W6dj,01X5UIHT4OBKH22PUH4ZAZHF6S7UTZVU2G
sales,Whitepapers/zArchive,Accops Daas Whitepaper_22112022.pdf,pdf,0.4,2022-11-28,2022-12-07,SANDIP MALLIK,Whitepaper; DaaS; Sales; Archived,Whitepaper,,DaaS,,archived,no,archive/draft folder,https://propalmsnetwork.sharepoint.com/sites/Company/Shared%20Documents/Sales/Sales%20Collateral/Whitepapers/zArchive/Accops%20Daas%20Whitepaper_22112022.pdf,b!MW22Pukebk6aWlrjbkWCK27cJOS0bM9OhUq0QE7-doKh1nVGqaB-SKHlnIF7W6dj,01X5UIHT33UPMBH7KDPJGJFJLFTEU5BODC
sales,Whitepapers/zArchive,Accops IAM - The Key to the Treasure Trove_14112022.pdf,pdf,0.17,2022-11-14,2022-11-14,SANDIP MALLIK,Whitepaper; Sales; Archived,Whitepaper,,,,archived,no,archive/draft folder,https://propalmsnetwork.sharepoint.com/sites/Company/Shared%20Documents/Sales/Sales%20Collateral/Whitepapers/zArchive/Accops%20IAM%20-%20The%20Key%20to%20the%20Treasure%20Trove_14112022.pdf,b!MW22Pukebk6aWlrjbkWCK27cJOS0bM9OhUq0QE7-doKh1nVGqaB-SKHlnIF7W6dj,01X5UIHT57AH2EMHWJ5JGZOWKHM5TL52BQ
sales,Whitepapers/zArchive,Accops Virtual apps  and desktop-Secure Access Features.docx,docx,0.06,2021-11-01,2021-02-02,Vijender Yadav,Whitepaper; Sales; Archived,Whitepaper,,,,archived,no,archive/draft folder,https://propalmsnetwork.sharepoint.com/sites/Company/_layouts/15/Doc.aspx?sourcedoc=%7B78AB9B48-EEB5-45F0-AFEF-940F8B2AE399%7D&file=Accops%20Virtual%20apps%20%20and%20desktop-Secure%20Access%20Features.docx&action=default&mobileredirect=true,b!MW22Pukebk6aWlrjbkWCK27cJOS0bM9OhUq0QE7-doKh1nVGqaB-SKHlnIF7W6dj,01X5UIHT2ITOVXRNPO6BC2734UB6FSVY4Z
sales,Whitepapers/zArchive,Accops Whitepaper - Secure Internet Browsing v7.docx,docx,0.3,2021-11-01,2022-08-03,SANDIP MALLIK,Whitepaper; Sales; Archived,Whitepaper,,,,archived,no,archive/draft folder,https://propalmsnetwork.sharepoint.com/sites/Company/_layouts/15/Doc.aspx?sourcedoc=%7B1BB10D23-CB69-4AEC-90DB-0A454E6C95B0%7D&file=Accops%20Whitepaper%20-%20Secure%20Internet%20Browsing%20v7.docx&action=default&mobileredirect=true,b!MW22Pukebk6aWlrjbkWCK27cJOS0bM9OhUq0QE7-doKh1nVGqaB-SKHlnIF7W6dj,01X5UIHTZDBWYRW2OL5RFJBWYKIVHGZFNQ
sales,Whitepapers/zArchive,Microsoft - Whitepaper - Effect of Network on D365 CE performance and optimization options.pdf,pdf,2.46,2021-07-16,2021-07-16,SANDIP MALLIK,Whitepaper; Sales; Archived,Whitepaper,,,,archived,no,archive/draft folder,https://propalmsnetwork.sharepoint.com/sites/Company/Shared%20Documents/Sales/Sales%20Collateral/Whitepapers/zArchive/Microsoft%20-%20Whitepaper%20-%20Effect%20of%20Network%20on%20D365%20CE%20performance%20and%20optimization%20options.pdf,b!MW22Pukebk6aWlrjbkWCK27cJOS0bM9OhUq0QE7-doKh1nVGqaB-SKHlnIF7W6dj,01X5UIHT5WIW5QTWIJVBGJG2GBRF36S3SX
sales,eBooks,Accops - eBook - Biometric MFA & continuous monitoring for critical users.pdf,pdf,0.57,2022-02-09,2022-02-09,BALABHARATHY,eBook; MFA; BioAuth; Sales,eBook,,MFA; BioAuth,,active,yes,,https://propalmsnetwork.sharepoint.com/sites/Company/Shared%20Documents/Sales/Sales%20Collateral/eBooks/Accops%20-%20eBook%20-%20Biometric%20MFA%20%26%20continuous%20monitoring%20for%20critical%20users.pdf,b!MW22Pukebk6aWlrjbkWCK27cJOS0bM9OhUq0QE7-doKh1nVGqaB-SKHlnIF7W6dj,01X5UIHTY7NHSLFVFUAJD2KSL6H3TWZL3C
sales,eBooks,Accops - eBook - DaaS for BFSI.pdf,pdf,0.47,2021-07-16,2021-07-16,BALABHARATHY,eBook; BFSI; DaaS; Sales,eBook,BFSI,DaaS,,active,yes,,https://propalmsnetwork.sharepoint.com/sites/Company/Shared%20Documents/Sales/Sales%20Collateral/eBooks/Accops%20-%20eBook%20-%20DaaS%20for%20BFSI.pdf,b!MW22Pukebk6aWlrjbkWCK27cJOS0bM9OhUq0QE7-doKh1nVGqaB-SKHlnIF7W6dj,01X5UIHT6HXF5XTTE7AJG3ZK4PYNALOOO5
sales,eBooks,Accops - eBook - Remote Browser Isolation.pdf,pdf,0.47,2022-02-09,2022-02-09,BALABHARATHY,eBook; Browser Isolation; Sales,eBook,,Browser Isolation,,active,yes,,https://propalmsnetwork.sharepoint.com/sites/Company/Shared%20Documents/Sales/Sales%20Collateral/eBooks/Accops%20-%20eBook%20-%20Remote%20Browser%20Isolation.pdf,b!MW22Pukebk6aWlrjbkWCK27cJOS0bM9OhUq0QE7-doKh1nVGqaB-SKHlnIF7W6dj,01X5UIHTYOVFC2B75N5JDKNAMVOIIE5T2Q
sales,zCase Studies (Archive_DONOTUSE),Accops - 3rd largest Public Bank - Case Study.pdf,pdf,0.5,2022-01-18,2022-01-18,SANDIP MALLIK,Case Study; BFSI; Sales; Archived,Case Study,BFSI,,,archived,no,archive/draft folder,https://propalmsnetwork.sharepoint.com/sites/Company/Shared%20Documents/Sales/Sales%20Collateral/zCase%20Studies%20(Archive_DONOTUSE)/Accops%20-%203rd%20largest%20Public%20Bank%20-%20Case%20Study.pdf,b!MW22Pukebk6aWlrjbkWCK27cJOS0bM9OhUq0QE7-doKh1nVGqaB-SKHlnIF7W6dj,01X5UIHT3W2YUH2SDNN5ALFEQ2RMBGOPYF
sales,zCase Studies (Archive_DONOTUSE),Accops - A Leading IT Services Provider - Case Study.pdf,pdf,0.45,2022-01-18,2022-01-18,SANDIP MALLIK,Case Study; IT / ITeS; Sales; Archived,Case Study,IT / ITeS,,,archived,no,archive/draft folder,https://propalmsnetwork.sharepoint.com/sites/Company/Shared%20Documents/Sales/Sales%20Collateral/zCase%20Studies%20(Archive_DONOTUSE)/Accops%20-%20A%20Leading%20IT%20Services%20Provider%20-%20Case%20Study.pdf,b!MW22Pukebk6aWlrjbkWCK27cJOS0bM9OhUq0QE7-doKh1nVGqaB-SKHlnIF7W6dj,01X5UIHT6Q56CHCEH7G5CIQUWBS45NTAMA
sales,zCase Studies (Archive_DONOTUSE),Accops - A Leading Life Insurer - Case Study.pdf,pdf,2.18,2021-07-16,2021-07-16,SANDIP MALLIK,Case Study; Sales; Archived,Case Study,,,,archived,no,archive/draft folder,https://propalmsnetwork.sharepoint.com/sites/Company/Shared%20Documents/Sales/Sales%20Collateral/zCase%20Studies%20(Archive_DONOTUSE)/Accops%20-%20A%20Leading%20Life%20Insurer%20-%20Case%20Study.pdf,b!MW22Pukebk6aWlrjbkWCK27cJOS0bM9OhUq0QE7-doKh1nVGqaB-SKHlnIF7W6dj,01X5UIHT5YK74QQ42N6RA2HMRPUWCZJLQ4
sales,zCase Studies (Archive_DONOTUSE),Accops - A Leading Textile Manufacturer - Case Study.pdf,pdf,0.47,2022-06-23,2022-06-23,SANDIP MALLIK,Case Study; Manufacturing; Sales; Archived,Case Study,Manufacturing,,,archived,no,archive/draft folder,https://propalmsnetwork.sharepoint.com/sites/Company/Shared%20Documents/Sales/Sales%20Collateral/zCase%20Studies%20(Archive_DONOTUSE)/Accops%20-%20A%20Leading%20Textile%20Manufacturer%20-%20Case%20Study.pdf,b!MW22Pukebk6aWlrjbkWCK27cJOS0bM9OhUq0QE7-doKh1nVGqaB-SKHlnIF7W6dj,01X5UIHT4UHTRIRJY57JDI2FYG42YURK2Y
sales,zCase Studies (Archive_DONOTUSE),Accops - A Renowned BPO - Case Study.pdf,pdf,0.42,2021-07-16,2021-07-16,SANDIP MALLIK,Case Study; IT / ITeS; Sales; Archived,Case Study,IT / ITeS,,,archived,no,archive/draft folder,https://propalmsnetwork.sharepoint.com/sites/Company/Shared%20Documents/Sales/Sales%20Collateral/zCase%20Studies%20(Archive_DONOTUSE)/Accops%20-%20A%20Renowned%20BPO%20-%20Case%20Study.pdf,b!MW22Pukebk6aWlrjbkWCK27cJOS0bM9OhUq0QE7-doKh1nVGqaB-SKHlnIF7W6dj,01X5UIHTYB43KCNJKSM5CYUW2JLAU5RTI6
sales,zCase Studies (Archive_DONOTUSE),Accops - A Renowned R&D Agency - Case Study.pdf,pdf,1.66,2021-07-16,2021-07-16,SANDIP MALLIK,Case Study; Sales; Archived,Case Study,,,,archived,no,archive/draft folder,https://propalmsnetwork.sharepoint.com/sites/Company/Shared%20Documents/Sales/Sales%20Collateral/zCase%20Studies%20(Archive_DONOTUSE)/Accops%20-%20A%20Renowned%20R%26D%20Agency%20-%20Case%20Study.pdf,b!MW22Pukebk6aWlrjbkWCK27cJOS0bM9OhUq0QE7-doKh1nVGqaB-SKHlnIF7W6dj,01X5UIHT3TSIHB4ENJMVCJGNENCPTWSBPT
sales,zCase Studies (Archive_DONOTUSE),Accops - ABP - Case Study.pdf,pdf,0.53,2021-07-16,2021-07-16,SANDIP MALLIK,Case Study; Sales; Archived,Case Study,,,,archived,no,archive/draft folder,https://propalmsnetwork.sharepoint.com/sites/Company/Shared%20Documents/Sales/Sales%20Collateral/zCase%20Studies%20(Archive_DONOTUSE)/Accops%20-%20ABP%20-%20Case%20Study.pdf,b!MW22Pukebk6aWlrjbkWCK27cJOS0bM9OhUq0QE7-doKh1nVGqaB-SKHlnIF7W6dj,01X5UIHTZYLPQ5DBVQCJAJRY3A6DRM3TA7
sales,zCase Studies (Archive_DONOTUSE),Accops - Aditya Birla Capital - Case Study.pdf,pdf,0.29,2021-07-16,2021-07-16,SANDIP MALLIK,Case Study; BFSI; Sales; Archived,Case Study,BFSI,,,archived,no,archive/draft folder,https://propalmsnetwork.sharepoint.com/sites/Company/Shared%20Documents/Sales/Sales%20Collateral/zCase%20Studies%20(Archive_DONOTUSE)/Accops%20-%20Aditya%20Birla%20Capital%20-%20Case%20Study.pdf,b!MW22Pukebk6aWlrjbkWCK27cJOS0bM9OhUq0QE7-doKh1nVGqaB-SKHlnIF7W6dj,01X5UIHTY3HNUTFV3DCBD2OTTDJHNVLMHE
sales,zCase Studies (Archive_DONOTUSE),Accops - Aditya Birla Sun Life - Case Study.pdf,pdf,0.14,2021-07-16,2021-07-16,SANDIP MALLIK,Case Study; Sales; Archived,Case Study,,,,archived,no,archive/draft folder,https://propalmsnetwork.sharepoint.com/sites/Company/Shared%20Documents/Sales/Sales%20Collateral/zCase%20Studies%20(Archive_DONOTUSE)/Accops%20-%20Aditya%20Birla%20Sun%20Life%20-%20Case%20Study.pdf,b!MW22Pukebk6aWlrjbkWCK27cJOS0bM9OhUq0QE7-doKh1nVGqaB-SKHlnIF7W6dj,01X5UIHT4GONIQNXZHCVBIVPU2IX466KDB
sales,zCase Studies (Archive_DONOTUSE),Accops - Alphasure Accountants - Case Study.pdf,pdf,0.61,2022-01-25,2022-01-25,SANDIP MALLIK,Case Study; Sales; Archived,Case Study,,,,archived,no,archive/draft folder,https://propalmsnetwork.sharepoint.com/sites/Company/Shared%20Documents/Sales/Sales%20Collateral/zCase%20Studies%20(Archive_DONOTUSE)/Accops%20-%20Alphasure%20Accountants%20-%20Case%20Study.pdf,b!MW22Pukebk6aWlrjbkWCK27cJOS0bM9OhUq0QE7-doKh1nVGqaB-SKHlnIF7W6dj,01X5UIHT2LKH6LCWNWXVAZJLDPKAA6IUFJ
sales,zCase Studies (Archive_DONOTUSE),Accops - An e-commerce major - Case Study.pdf,pdf,0.53,2022-01-18,2022-01-18,SANDIP MALLIK,Case Study; E-commerce / Retail; Sales; Archived,Case Study,E-commerce / Retail,,,archived,no,archive/draft folder,https://propalmsnetwork.sharepoint.com/sites/Company/Shared%20Documents/Sales/Sales%20Collateral/zCase%20Studies%20(Archive_DONOTUSE)/Accops%20-%20An%20e-commerce%20major%20-%20Case%20Study.pdf,b!MW22Pukebk6aWlrjbkWCK27cJOS0bM9OhUq0QE7-doKh1nVGqaB-SKHlnIF7W6dj,01X5UIHT7N3J65565BSJC3ZVXUOSBLXCGV
sales,zCase Studies (Archive_DONOTUSE),Accops - Axis-Bank - Case Study.pdf,pdf,0.18,2021-07-16,2021-07-16,SANDIP MALLIK,Case Study; BFSI; Sales; Archived,Case Study,BFSI,,,archived,no,archive/draft folder,https://propalmsnetwork.sharepoint.com/sites/Company/Shared%20Documents/Sales/Sales%20Collateral/zCase%20Studies%20(Archive_DONOTUSE)/Accops%20-%20Axis-Bank%20-%20Case%20Study.pdf,b!MW22Pukebk6aWlrjbkWCK27cJOS0bM9OhUq0QE7-doKh1nVGqaB-SKHlnIF7W6dj,01X5UIHT5LM6IBOVEOJ5FYGUZJGRJMO43K
sales,zCase Studies (Archive_DONOTUSE),Accops - Bajaj Finserv - Case Study.pdf,pdf,0.75,2021-07-16,2021-07-16,SANDIP MALLIK,Case Study; Sales; Archived,Case Study,,,,archived,no,archive/draft folder,https://propalmsnetwork.sharepoint.com/sites/Company/Shared%20Documents/Sales/Sales%20Collateral/zCase%20Studies%20(Archive_DONOTUSE)/Accops%20-%20Bajaj%20Finserv%20-%20Case%20Study.pdf,b!MW22Pukebk6aWlrjbkWCK27cJOS0bM9OhUq0QE7-doKh1nVGqaB-SKHlnIF7W6dj,01X5UIHT2WXHCRQDSLFBBZHZOWBBC65D6Y
sales,zCase Studies (Archive_DONOTUSE),Accops - Case Study - CCD.pdf,pdf,0.43,2021-07-16,2021-07-16,SANDIP MALLIK,Case Study; Sales; Archived,Case Study,,,,archived,no,archive/draft folder,https://propalmsnetwork.sharepoint.com/sites/Company/Shared%20Documents/Sales/Sales%20Collateral/zCase%20Studies%20(Archive_DONOTUSE)/Accops%20-%20Case%20Study%20-%20CCD.pdf,b!MW22Pukebk6aWlrjbkWCK27cJOS0bM9OhUq0QE7-doKh1nVGqaB-SKHlnIF7W6dj,01X5UIHTZAI5GYKGC6UJAZ6U3ZL2HESTIY
sales,zCase Studies (Archive_DONOTUSE),Accops - City Pharmacy - Case Study .pdf,pdf,0.64,2022-12-20,2022-12-20,SANDIP MALLIK,Case Study; Pharma / Healthcare; Sales; Archived,Case Study,Pharma / Healthcare,,,archived,no,archive/draft folder,https://propalmsnetwork.sharepoint.com/sites/Company/Shared%20Documents/Sales/Sales%20Collateral/zCase%20Studies%20(Archive_DONOTUSE)/Accops%20-%20City%20Pharmacy%20-%20Case%20Study%20.pdf,b!MW22Pukebk6aWlrjbkWCK27cJOS0bM9OhUq0QE7-doKh1nVGqaB-SKHlnIF7W6dj,01X5UIHT7L7TOWEIZHORDYNBAF3IJ3DF3U
sales,zCase Studies (Archive_DONOTUSE),Accops - DTDC - Case Study.pdf,pdf,0.68,2021-07-16,2021-07-16,SANDIP MALLIK,Case Study; Sales; Archived,Case Study,,,,archived,no,archive/draft folder,https://propalmsnetwork.sharepoint.com/sites/Company/Shared%20Documents/Sales/Sales%20Collateral/zCase%20Studies%20(Archive_DONOTUSE)/Accops%20-%20DTDC%20-%20Case%20Study.pdf,b!MW22Pukebk6aWlrjbkWCK27cJOS0bM9OhUq0QE7-doKh1nVGqaB-SKHlnIF7W6dj,01X5UIHTYNHT3O76J7W5EYNUJLPIWIUUX2
sales,zCase Studies (Archive_DONOTUSE),Accops - Deutsche Bank - Case Study.pdf,pdf,0.28,2021-07-16,2021-07-16,SANDIP MALLIK,Case Study; BFSI; Sales; Archived,Case Study,BFSI,,,archived,no,archive/draft folder,https://propalmsnetwork.sharepoint.com/sites/Company/Shared%20Documents/Sales/Sales%20Collateral/zCase%20Studies%20(Archive_DONOTUSE)/Accops%20-%20Deutsche%20Bank%20-%20Case%20Study.pdf,b!MW22Pukebk6aWlrjbkWCK27cJOS0bM9OhUq0QE7-doKh1nVGqaB-SKHlnIF7W6dj,01X5UIHT623FO5BGGWURFZKXKWTQXIPSA6
sales,zCase Studies (Archive_DONOTUSE),Accops - Ecom Express - Case Study.pdf,pdf,0.17,2021-07-16,2021-07-16,SANDIP MALLIK,Case Study; Sales; Archived,Case Study,,,,archived,no,archive/draft folder,https://propalmsnetwork.sharepoint.com/sites/Company/Shared%20Documents/Sales/Sales%20Collateral/zCase%20Studies%20(Archive_DONOTUSE)/Accops%20-%20Ecom%20Express%20-%20Case%20Study.pdf,b!MW22Pukebk6aWlrjbkWCK27cJOS0bM9OhUq0QE7-doKh1nVGqaB-SKHlnIF7W6dj,01X5UIHT52INGFL2ZDPVEKL4P55TBXBGAV
sales,zCase Studies (Archive_DONOTUSE),Accops - Food Processing Company - Case Study.pdf,pdf,0.71,2022-06-23,2022-06-23,SANDIP MALLIK,Case Study; Sales; Archived,Case Study,,,,archived,no,archive/draft folder,https://propalmsnetwork.sharepoint.com/sites/Company/Shared%20Documents/Sales/Sales%20Collateral/zCase%20Studies%20(Archive_DONOTUSE)/Accops%20-%20Food%20Processing%20Company%20-%20Case%20Study.pdf,b!MW22Pukebk6aWlrjbkWCK27cJOS0bM9OhUq0QE7-doKh1nVGqaB-SKHlnIF7W6dj,01X5UIHTZZ2R6R5EYZYFC2EAJBTWHL223O
sales,zCase Studies (Archive_DONOTUSE),Accops - HPCL - Case Study.pdf,pdf,0.19,2021-07-16,2021-07-16,SANDIP MALLIK,Case Study; Sales; Archived,Case Study,,,,archived,no,archive/draft folder,https://propalmsnetwork.sharepoint.com/sites/Company/Shared%20Documents/Sales/Sales%20Collateral/zCase%20Studies%20(Archive_DONOTUSE)/Accops%20-%20HPCL%20-%20Case%20Study.pdf,b!MW22Pukebk6aWlrjbkWCK27cJOS0bM9OhUq0QE7-doKh1nVGqaB-SKHlnIF7W6dj,01X5UIHT7L5CLNPVSXTFH27D3YQVP26P6L
sales,zCase Studies (Archive_DONOTUSE),Accops - IndiaFirst - Case Study.pdf,pdf,1.34,2024-04-02,2024-04-02,SANDIP MALLIK,Case Study; Sales; Archived,Case Study,,,,archived,no,archive/draft folder,https://propalmsnetwork.sharepoint.com/sites/Company/Shared%20Documents/Sales/Sales%20Collateral/zCase%20Studies%20(Archive_DONOTUSE)/Accops%20-%20IndiaFirst%20-%20Case%20Study.pdf,b!MW22Pukebk6aWlrjbkWCK27cJOS0bM9OhUq0QE7-doKh1nVGqaB-SKHlnIF7W6dj,01X5UIHTYHL2MA5U2EPVHLEL6CSY5GZSVJ
sales,zCase Studies (Archive_DONOTUSE),Accops - Kalupur Bank - Case Study.pdf,pdf,0.45,2022-02-01,2022-02-01,SANDIP MALLIK,Case Study; BFSI; Sales; Archived,Case Study,BFSI,,,archived,no,archive/draft folder,https://propalmsnetwork.sharepoint.com/sites/Company/Shared%20Documents/Sales/Sales%20Collateral/zCase%20Studies%20(Archive_DONOTUSE)/Accops%20-%20Kalupur%20Bank%20-%20Case%20Study.pdf,b!MW22Pukebk6aWlrjbkWCK27cJOS0bM9OhUq0QE7-doKh1nVGqaB-SKHlnIF7W6dj,01X5UIHT5GZ26AQK3IU5G3BKHBIBYTVHBG
sales,zCase Studies (Archive_DONOTUSE),Accops - Kyoto University - Case Study.pdf,pdf,5.07,2021-07-16,2021-07-16,SANDIP MALLIK,Case Study; Education; Sales; Archived,Case Study,Education,,,archived,no,archive/draft folder,https://propalmsnetwork.sharepoint.com/sites/Company/Shared%20Documents/Sales/Sales%20Collateral/zCase%20Studies%20(Archive_DONOTUSE)/Accops%20-%20Kyoto%20University%20-%20Case%20Study.pdf,b!MW22Pukebk6aWlrjbkWCK27cJOS0bM9OhUq0QE7-doKh1nVGqaB-SKHlnIF7W6dj,01X5UIHTZ7E4XPNUZBFRHZWMIH2AFOT6VZ
sales,zCase Studies (Archive_DONOTUSE),Accops - L&T - Case-Study.pdf,pdf,0.25,2021-07-16,2021-07-16,SANDIP MALLIK,Case Study; Sales; Archived,Case Study,,,,archived,no,archive/draft folder,https://propalmsnetwork.sharepoint.com/sites/Company/Shared%20Documents/Sales/Sales%20Collateral/zCase%20Studies%20(Archive_DONOTUSE)/Accops%20-%20L%26T%20-%20Case-Study.pdf,b!MW22Pukebk6aWlrjbkWCK27cJOS0bM9OhUq0QE7-doKh1nVGqaB-SKHlnIF7W6dj,01X5UIHT42KEBTJ5FN7RCZR3RLXIGJW6P6
sales,zCase Studies (Archive_DONOTUSE),Accops - LIC India - Case Study.pdf,pdf,0.91,2021-07-16,2021-07-16,SANDIP MALLIK,Case Study; Sales; Archived,Case Study,,,,archived,no,archive/draft folder,https://propalmsnetwork.sharepoint.com/sites/Company/Shared%20Documents/Sales/Sales%20Collateral/zCase%20Studies%20(Archive_DONOTUSE)/Accops%20-%20LIC%20India%20-%20Case%20Study.pdf,b!MW22Pukebk6aWlrjbkWCK27cJOS0bM9OhUq0QE7-doKh1nVGqaB-SKHlnIF7W6dj,01X5UIHTYYH4KIF3M6FBCKQQO2QKWMHKKT
sales,zCase Studies (Archive_DONOTUSE),Accops - Leading Pvt. Sector Bank - Case Study.pdf,pdf,0.18,2023-12-23,2023-07-26,SANDIP MALLIK,Case Study; BFSI; Sales; Archived,Case Study,BFSI,,,archived,no,archive/draft folder,https://propalmsnetwork.sharepoint.com/sites/Company/Shared%20Documents/Sales/Sales%20Collateral/zCase%20Studies%20(Archive_DONOTUSE)/Accops%20-%20Leading%20Pvt.%20Sector%20Bank%20-%20Case%20Study.pdf,b!MW22Pukebk6aWlrjbkWCK27cJOS0bM9OhUq0QE7-doKh1nVGqaB-SKHlnIF7W6dj,01X5UIHT6S7HHCCLUUONFL4APXM2OB72IE
sales,zCase Studies (Archive_DONOTUSE),Accops - Mirae Asset - Case Study.pdf,pdf,0.43,2023-11-08,2023-11-08,SANDIP MALLIK,Case Study; Sales; Archived,Case Study,,,,archived,no,archive/draft folder,https://propalmsnetwork.sharepoint.com/sites/Company/Shared%20Documents/Sales/Sales%20Collateral/zCase%20Studies%20(Archive_DONOTUSE)/Accops%20-%20Mirae%20Asset%20-%20Case%20Study.pdf,b!MW22Pukebk6aWlrjbkWCK27cJOS0bM9OhUq0QE7-doKh1nVGqaB-SKHlnIF7W6dj,01X5UIHT745BE2AUJZZRGIBQRFESU4BM54
sales,zCase Studies (Archive_DONOTUSE),Accops - Polycab - Case Study.pdf,pdf,1.22,2021-07-16,2021-07-16,SANDIP MALLIK,Case Study; Sales; Archived,Case Study,,,,archived,no,archive/draft folder,https://propalmsnetwork.sharepoint.com/sites/Company/Shared%20Documents/Sales/Sales%20Collateral/zCase%20Studies%20(Archive_DONOTUSE)/Accops%20-%20Polycab%20-%20Case%20Study.pdf,b!MW22Pukebk6aWlrjbkWCK27cJOS0bM9OhUq0QE7-doKh1nVGqaB-SKHlnIF7W6dj,01X5UIHTYPU2AXQHNM4FCYLWT3QXH7YEIH
sales,zCase Studies (Archive_DONOTUSE),Accops - RGCI - Case Study.pdf,pdf,0.21,2021-07-16,2021-07-16,SANDIP MALLIK,Case Study; Sales; Archived,Case Study,,,,archived,no,archive/draft folder,https://propalmsnetwork.sharepoint.com/sites/Company/Shared%20Documents/Sales/Sales%20Collateral/zCase%20Studies%20(Archive_DONOTUSE)/Accops%20-%20RGCI%20-%20Case%20Study.pdf,b!MW22Pukebk6aWlrjbkWCK27cJOS0bM9OhUq0QE7-doKh1nVGqaB-SKHlnIF7W6dj,01X5UIHT7UOLSKF5TXNRHKRELRF62WFYRJ
sales,zCase Studies (Archive_DONOTUSE),Accops - Ramco - Case Study.pdf,pdf,0.14,2021-07-16,2021-07-16,SANDIP MALLIK,Case Study; Sales; Archived,Case Study,,,,archived,no,archive/draft folder,https://propalmsnetwork.sharepoint.com/sites/Company/Shared%20Documents/Sales/Sales%20Collateral/zCase%20Studies%20(Archive_DONOTUSE)/Accops%20-%20Ramco%20-%20Case%20Study.pdf,b!MW22Pukebk6aWlrjbkWCK27cJOS0bM9OhUq0QE7-doKh1nVGqaB-SKHlnIF7W6dj,01X5UIHT4TVRQ2FUUIMFDKYFUI6OSCBY3K
sales,zCase Studies (Archive_DONOTUSE),Accops - SVC Bank - Case Study.pdf,pdf,0.24,2021-07-16,2021-07-16,SANDIP MALLIK,Case Study; BFSI; Sales; Archived,Case Study,BFSI,,,archived,no,archive/draft folder,https://propalmsnetwork.sharepoint.com/sites/Company/Shared%20Documents/Sales/Sales%20Collateral/zCase%20Studies%20(Archive_DONOTUSE)/Accops%20-%20SVC%20Bank%20-%20Case%20Study.pdf,b!MW22Pukebk6aWlrjbkWCK27cJOS0bM9OhUq0QE7-doKh1nVGqaB-SKHlnIF7W6dj,01X5UIHTZTRTRLP34ESBB2YAA6IDQUONAP
sales,zCase Studies (Archive_DONOTUSE),Accops - Sathya Sai Hospitals - Case Study.pdf,pdf,0.24,2021-07-16,2021-07-16,SANDIP MALLIK,Case Study; Pharma / Healthcare; Sales; Archived,Case Study,Pharma / Healthcare,,,archived,no,archive/draft folder,https://propalmsnetwork.sharepoint.com/sites/Company/Shared%20Documents/Sales/Sales%20Collateral/zCase%20Studies%20(Archive_DONOTUSE)/Accops%20-%20Sathya%20Sai%20Hospitals%20-%20Case%20Study.pdf,b!MW22Pukebk6aWlrjbkWCK27cJOS0bM9OhUq0QE7-doKh1nVGqaB-SKHlnIF7W6dj,01X5UIHT66NT2RLNHUJZCKM7FH5HZLHEOB
sales,zCase Studies (Archive_DONOTUSE),Accops - South India Bank - Case Study.pdf,pdf,0.57,2021-07-16,2021-07-16,SANDIP MALLIK,Case Study; BFSI; Sales; Archived,Case Study,BFSI,,,archived,no,archive/draft folder,https://propalmsnetwork.sharepoint.com/sites/Company/Shared%20Documents/Sales/Sales%20Collateral/zCase%20Studies%20(Archive_DONOTUSE)/Accops%20-%20South%20India%20Bank%20-%20Case%20Study.pdf,b!MW22Pukebk6aWlrjbkWCK27cJOS0bM9OhUq0QE7-doKh1nVGqaB-SKHlnIF7W6dj,01X5UIHT37EMA26ZVGDVFIZ2MYTW7MQ5CI
sales,zCase Studies (Archive_DONOTUSE),Accops - Tech Mahindra - Case Study.pdf,pdf,0.16,2021-07-16,2021-07-16,SANDIP MALLIK,Case Study; Sales; Archived,Case Study,,,,archived,no,archive/draft folder,https://propalmsnetwork.sharepoint.com/sites/Company/Shared%20Documents/Sales/Sales%20Collateral/zCase%20Studies%20(Archive_DONOTUSE)/Accops%20-%20Tech%20Mahindra%20-%20Case%20Study.pdf,b!MW22Pukebk6aWlrjbkWCK27cJOS0bM9OhUq0QE7-doKh1nVGqaB-SKHlnIF7W6dj,01X5UIHT2D3JI472F6WFDLF7LU2MSEMVHO
sales,zCase Studies (Archive_DONOTUSE),Accops - Thermax - Case Study.pdf,pdf,1.34,2021-07-16,2021-07-16,SANDIP MALLIK,Case Study; Sales; Archived,Case Study,,,,archived,no,archive/draft folder,https://propalmsnetwork.sharepoint.com/sites/Company/Shared%20Documents/Sales/Sales%20Collateral/zCase%20Studies%20(Archive_DONOTUSE)/Accops%20-%20Thermax%20-%20Case%20Study.pdf,b!MW22Pukebk6aWlrjbkWCK27cJOS0bM9OhUq0QE7-doKh1nVGqaB-SKHlnIF7W6dj,01X5UIHT6GEUNLVCU4AFD3BP2HPIXXQTGX
sales,zCase Studies (Archive_DONOTUSE),Accops - VLCC - Case Study.pdf,pdf,0.16,2021-07-16,2021-07-16,SANDIP MALLIK,Case Study; Sales; Archived,Case Study,,,,archived,no,archive/draft folder,https://propalmsnetwork.sharepoint.com/sites/Company/Shared%20Documents/Sales/Sales%20Collateral/zCase%20Studies%20(Archive_DONOTUSE)/Accops%20-%20VLCC%20-%20Case%20Study.pdf,b!MW22Pukebk6aWlrjbkWCK27cJOS0bM9OhUq0QE7-doKh1nVGqaB-SKHlnIF7W6dj,01X5UIHT4GKBPZMZJIKZHINKVKNTLRHUFS
sales,zCase Studies (Archive_DONOTUSE),Accops - Wockhardt Hospital - Case Study.pdf,pdf,0.41,2021-07-16,2021-07-16,SANDIP MALLIK,Case Study; Pharma / Healthcare; Sales; Archived,Case Study,Pharma / Healthcare,,,archived,no,archive/draft folder,https://propalmsnetwork.sharepoint.com/sites/Company/Shared%20Documents/Sales/Sales%20Collateral/zCase%20Studies%20(Archive_DONOTUSE)/Accops%20-%20Wockhardt%20Hospital%20-%20Case%20Study.pdf,b!MW22Pukebk6aWlrjbkWCK27cJOS0bM9OhUq0QE7-doKh1nVGqaB-SKHlnIF7W6dj,01X5UIHTYL23YWMO2RNJBYUKAMZC552TBD
sales,zCase Studies (Archive_DONOTUSE),Accops - Wockhardt Pharma - Case Study.pdf,pdf,0.43,2021-07-16,2021-07-16,SANDIP MALLIK,Case Study; Pharma / Healthcare; Sales; Archived,Case Study,Pharma / Healthcare,,,archived,no,archive/draft folder,https://propalmsnetwork.sharepoint.com/sites/Company/Shared%20Documents/Sales/Sales%20Collateral/zCase%20Studies%20(Archive_DONOTUSE)/Accops%20-%20Wockhardt%20Pharma%20-%20Case%20Study.pdf,b!MW22Pukebk6aWlrjbkWCK27cJOS0bM9OhUq0QE7-doKh1nVGqaB-SKHlnIF7W6dj,01X5UIHT2NKZLIP5B4KRBLK3FYISH6NYTU
